id,Label,pred_label,logistic_elasticnet_prob_1,logistic_elasticnet_prob_2,logistic_elasticnet_prob_3,logistic_elasticnet_prob_4,logistic_elasticnet_prob_5,calibrated_linear_svc_prob_1,calibrated_linear_svc_prob_2,calibrated_linear_svc_prob_3,calibrated_linear_svc_prob_4,calibrated_linear_svc_prob_5,chi2_linear_svc_prob_1,chi2_linear_svc_prob_2,chi2_linear_svc_prob_3,chi2_linear_svc_prob_4,chi2_linear_svc_prob_5,boosting_prob_1,boosting_prob_2,boosting_prob_3,boosting_prob_4,boosting_prob_5,tuned_ensemble_prob_1,tuned_ensemble_prob_2,tuned_ensemble_prob_3,tuned_ensemble_prob_4,tuned_ensemble_prob_5
299,1,4,0.13875667986316134,0.1876785808470596,0.08515098078261901,0.5124390804205816,0.07597467808657825,0.1639067518329799,0.259722911933497,0.18000021658102505,0.3184265834967632,0.07794353615573488,0.205820212114002,0.26050038469433,0.19408487788348658,0.2297037065797455,0.1098908187284358,0.5058066139375246,0.05554974565711584,0.0007737163766812386,0.42589867588583386,0.011971248142844447,0.14252919065863412,0.1984852305100252,0.09937836615237991,0.48333720588200885,0.07627000679695174
92,5,5,0.08104038390762928,0.10395665713541619,0.11766102891870016,0.14568185743227513,0.5516600726059793,0.09262423190162632,0.13228050158265217,0.14043095089177335,0.15064201176064565,0.48402230386330264,0.1061705987345586,0.14149240931153864,0.168114108866387,0.15894887059379498,0.42527401249372065,0.004223235084516082,0.005168098364654215,0.00414861971261624,0.8349099967814416,0.15155005005677188,0.08277796110672883,0.10820523380250158,0.12107651721466114,0.1464258805815307,0.5415144072945778
311,1,1,0.7692507503617622,0.04655909235099979,0.06096413872003203,0.058876163064183404,0.06434985550302277,0.5823559400999705,0.0902575030481569,0.10733591389638543,0.15225346752623672,0.06779717542925048,0.49525878217942615,0.12400992356647293,0.12397216940869236,0.1635146177133232,0.09324450713208532,0.9988009779532178,0.00025584973168786356,0.00022517136172135768,0.00037469505536710703,0.0003433058980060075,0.7412165288224934,0.05311385395557335,0.06791990499648504,0.0728827587334914,0.06486695349195692
136,5,2,0.12851943159491458,0.27384826064400586,0.22482481215434966,0.16657813762517823,0.20622935798155168,0.1423270342962344,0.2553483847274041,0.19755872768792557,0.18798225162049334,0.21678360166794255,0.19554541222141616,0.22612016069040672,0.17090519507625104,0.19750910017789888,0.20992013183402722,0.33098423296222357,0.36899150895658306,0.16680850404317393,0.016116257864491106,0.11709949617352819,0.13059057200011254,0.2710732792565156,0.22073489948438604,0.1697887547244755,0.2078124945345103
41,1,2,0.23612092911494675,0.24957092040625145,0.19738099111857185,0.2013782994090584,0.11554885995117177,0.20678588231316522,0.28019065927277476,0.17583444904754142,0.20582913305575953,0.1313598763107591,0.21387970549767085,0.2455217991445872,0.17929149580397144,0.1861870970806212,0.17511990247314924,0.01623419406075299,0.11866875299279742,0.27329322801839023,0.5057319305943335,0.08607189433372583,0.2317206720946795,0.25416388123622996,0.1941490098079173,0.20204592445606356,0.11792051240510987
235,3,1,0.264977517631826,0.22134671789998528,0.23163752532162815,0.19613834019478008,0.08589989895178055,0.3011529661146914,0.25041435472054036,0.20172318409937165,0.16327246681052987,0.0834370282548667,0.2736380725032139,0.2577379546557439,0.19971153402398137,0.16628387891246532,0.10262855990459546,0.07468208304902009,0.020561020537422578,0.7578524478903148,0.1431626613083118,0.0037417872149306847,0.2704038349042558,0.22570686342306856,0.22715037413828967,0.19120845918714255,0.08553046834724347
518,2,1,0.35968071623335945,0.19928911230628554,0.1389458196874143,0.10845616770216039,0.19362818407078017,0.2939705506540699,0.2127828624654464,0.14872331386715776,0.13449472535939264,0.21002854765393333,0.31184989644934974,0.20310071027836865,0.1526005416951246,0.14457202430272106,0.18787682727443597,0.7078653438645385,0.21147132555345247,0.009302163819587952,0.033745607807324475,0.037615558955096676,0.349824191396466,0.20131317483015965,0.14041244381437581,0.11236195135074523,0.19608823860825314
403,4,5,0.24878487735911325,0.17282485988641302,0.13529808256105896,0.12111882244338742,0.3219733577500274,0.3258853093019203,0.1703729660531087,0.12799345094742431,0.1331009240811147,0.242647349616432,0.3262851247142538,0.17608490686967623,0.128702178555593,0.1534967400452741,0.2154310498152029,0.06159761504500015,0.006127602834915968,0.0037472896597785686,0.031706593998355494,0.8968208984619499,0.2603499421505343,0.17245707581141737,0.13420238781901375,0.12291613768904652,0.31007445652998805
569,1,2,0.12643000540333899,0.5649378045485874,0.09685981807044042,0.12515546693896842,0.08661690503866477,0.1678990943256431,0.32792608258112693,0.1814329530879095,0.21176566796057694,0.11097620204474357,0.19345080509502957,0.27792335019192255,0.18866462483122595,0.22169186642401617,0.11826935345780576,0.5790658820131779,0.21169756590159003,0.0743334402573437,0.02021818016803661,0.11468493165985165,0.1326503687416846,0.5293860462534683,0.10954578832306078,0.1381469970922097,0.0902707995895766
342,1,1,0.3492331901612603,0.19733822991907377,0.20434365044544717,0.13552442943878093,0.11356050003543781,0.38873524037299917,0.19026836438858555,0.1705823904939522,0.148225933692209,0.10218807105225401,0.3482069247107617,0.20048378891009008,0.1476936872540377,0.16678025373507022,0.13683534539004033,0.6639574440925333,0.017037402991378688,0.015792833864450736,0.25786149502226563,0.045350824029371704,0.3551584976930211,0.19627775008950052,0.19927946145272293,0.13742965507679514,0.11185463568796024
510,5,5,0.04064083187684072,0.05596524839745695,0.11070725816682252,0.16595107331259473,0.6267355882462852,0.042362627106910654,0.09894393563050556,0.15442060692385925,0.17585918047445925,0.5284136498642653,0.054467432006041094,0.13320670086434414,0.16212644911128615,0.19436092084751988,0.45583849717080877,0.005758626762147855,0.004459413386212038,0.001464389994105089,0.018622313362688547,0.9696952564948464,0.04089910116135121,0.062412051482414244,0.11726426048037802,0.1674372893868744,0.6119872974889822
451,4,2,0.18347433721113904,0.39333805283906803,0.29366131553810826,0.057159196368553294,0.07236709804313134,0.2416213083365706,0.37533734190023965,0.1638229058966424,0.08681206083133675,0.13240638303521055,0.2432985092559301,0.33863513602135004,0.1445337137829018,0.12181224519526974,0.1517203957445483,0.255182292987321,0.33499894440747496,0.3878084244106236,0.0076608227344711925,0.014349515460109302,0.19219638287995375,0.39063794619824377,0.2741855540918884,0.061607126037970805,0.08137299079194321
29,1,1,0.7065126872631675,0.07752714614840032,0.07358101762025948,0.07468237251387007,0.06769677645430276,0.6364837291633337,0.10117155944691737,0.11349425132927106,0.0942581190084137,0.05459234105206414,0.5620537732559423,0.11782576736450141,0.11969905725135259,0.11678257986070384,0.08363882226749982,0.9949816122878712,0.000532579524466774,0.0009469170770579601,0.00264039184317688,0.000898499267427042,0.6960083435481924,0.08107380814317788,0.07956800267661121,0.07761873448805161,0.06573111114396697
134,1,1,0.28109002570260017,0.20152690970522,0.16222461252588102,0.19951320498569688,0.15564524708060193,0.2688657736961307,0.23322415071585423,0.17279265204495886,0.20902066344480782,0.11609676009824839,0.25038278901505645,0.2392610350883232,0.1790137469779555,0.18823740531063135,0.14310502360803354,0.17459793966858617,0.06629559222705815,0.01757858641535958,0.7147438897504738,0.026783991938522326,0.27925638790162977,0.20628149585681513,0.1638098184537427,0.20093932375456353,0.1497129740332489
321,3,4,0.17535179466170717,0.07388724738744006,0.07804090252764831,0.37327604363784606,0.2994440117853584,0.40263615176525364,0.10058807527626339,0.1259622847728089,0.15792681622041768,0.21288667196525637,0.37834136759385917,0.1310463869265438,0.14862564320714058,0.1570245736701029,0.18496202860235364,0.5087374178504285,0.11084783071618493,0.026048783333323524,0.2945887166038892,0.05977725149617389,0.20944444822723912,0.07789237157076355,0.08522910986442239,0.3409736595252318,0.2864604108123431
171,5,1,0.3545351144428851,0.21305794656456634,0.1597748586290546,0.13746486934734958,0.1351672110161443,0.31541348939686803,0.21740629365657113,0.1495636583255885,0.14902589745462314,0.16859066116634916,0.213110315205433,0.23173844882605862,0.1620593228220332,0.17121962186926334,0.22187229127721184,0.8109052581219823,0.03293404603103687,0.006985284892739951,0.023127206024853603,0.12604820492938734,0.34866687068598257,0.21371019862836704,0.15824317858353468,0.1391990235634406,0.14018072853867503
357,4,1,0.28415299928477344,0.12221461081343435,0.2861417837237037,0.15287869137032187,0.1546119148077667,0.22410356401805667,0.18032022140970352,0.20359861699432033,0.20122460459932956,0.19075299297858994,0.2501690350444827,0.19676013967663772,0.2123269198303729,0.1993406526579462,0.14140325279056054,0.0056574083596523635,0.002028586971323651,0.03910129304871411,0.9479036840946972,0.005309027525612726,0.2751455839947659,0.1309304524028747,0.2737603087142962,0.160130578354673,0.16003307653339016
13,4,4,0.21793372839823733,0.1941584296604824,0.18486584428917388,0.23918499911234767,0.16385699853975866,0.20308274412137817,0.21693625919454176,0.1876385964461592,0.18546467374510223,0.20687772649281858,0.23551945037032848,0.24189423928353104,0.17403579937358227,0.1832849959698498,0.1652655150027084,0.2240538398939865,0.025173307098740615,0.22771767507824137,0.5167004469737843,0.006354730955247349,0.21570608075670844,0.1975751040905913,0.18528175711272166,0.23112695030726085,0.17031010773271765
417,4,1,0.2895773106365354,0.23796778165773827,0.20653023364427434,0.1456214165469447,0.12030325751450735,0.2954602412850043,0.2309221407668434,0.1764188877601169,0.1726741622459171,0.12452456794211819,0.30927903694119346,0.19097304645463756,0.1630137282081053,0.1597815173015092,0.1769526710945544,0.7360481796906366,0.22289338327744282,0.030260585386511007,0.0082612613054416,0.0025365903399681405,0.2904597502338057,0.23691093552410403,0.2020135317616507,0.14967932840179055,0.12093645407864898
404,3,2,0.1848329135683866,0.25289215940586257,0.2551184549474156,0.17077365153893415,0.13638282053940107,0.28277162458936644,0.2162036203074459,0.19358944847120751,0.16732644300876473,0.1401088636232155,0.264885203214339,0.21420121815563417,0.19605428376438586,0.17505981530205686,0.14979947956358408,0.045044381910408805,0.2929597404370113,0.41221299307088805,0.15190979615295785,0.09787308842873405,0.19952372022153358,0.24738887854110003,0.24588910397598437,0.17025657025940874,0.1369417270019732
481,3,3,0.08213176175890813,0.24412085688320867,0.2709095291504725,0.13607557480932755,0.26676227739808317,0.1509178637002643,0.28004109147962886,0.19096034737391596,0.16545910201971004,0.21262159542648076,0.2011576793755906,0.28091191509368346,0.1785562470600055,0.1928077015603508,0.1465664569103696,0.11958876067142456,0.3680459383801072,0.07947765211595867,0.10866249431181695,0.3242251545206926,0.09244967705011155,0.24950889207267168,0.258917151883989,0.14048310389088492,0.2586411751023428
74,5,5,0.04606974747432381,0.1142015544287882,0.070486157138767,0.11666802546156042,0.6525745154965605,0.07388941800742976,0.15741501025600826,0.12113422239523086,0.13157155918625127,0.5159897901550798,0.10390916457900262,0.16032994660938277,0.15258404454277463,0.1474124625928348,0.4357643816760051,0.0009060352904785515,0.00915397042003365,0.0017527069943507683,0.03341308385986257,0.9547742034352745,0.05024269805428971,0.1206835728028712,0.07808336692723658,0.11890355552026405,0.6320868066953383
361,3,3,0.25681581446822094,0.21854413040839682,0.26949865913283844,0.13473296439490237,0.12040843159564137,0.2696228064401374,0.21630781356021533,0.20893235848100722,0.20589187074595483,0.09924515077268531,0.2870274016759557,0.22155614249071756,0.19004667219245178,0.1947293499043127,0.10664043373656218,0.40502802837954827,0.15874059998515264,0.3559042570799588,0.03595339641844111,0.04437371813689922,0.2587368632640084,0.2182086828811696,0.26041371403506375,0.14540680034756023,0.11723393947219796
409,5,2,0.12126091520685259,0.3743346361435811,0.10857981925579425,0.1656859658659989,0.2301386635277732,0.12258483842524193,0.32073312628904854,0.16459148663469217,0.19104246824118606,0.20104808040983135,0.15173039454189988,0.2711535243139892,0.17599995751614128,0.18777256549834467,0.21334355812962488,0.38947833790458214,0.219179730416741,0.20756612615088957,0.17037017304516514,0.013405632482622255,0.12145950368961099,0.3662944096654012,0.11698156936262893,0.16948944122227697,0.22577507606008193
56,2,1,0.3740742675936382,0.19861691072607515,0.14268539087959584,0.10833621797378003,0.1762872128269108,0.4427370687045311,0.1364909921305144,0.13156110292333958,0.1002795815882402,0.18893125465337468,0.36094663686535816,0.15260527947919708,0.13328603420436577,0.12373083394146606,0.2294312155096129,0.2395047006188492,0.7107470865701915,0.018186184598286467,0.0022744130823913154,0.02928761513028151,0.38437368776027214,0.18929802293674103,0.14101674768615738,0.10712772251594906,0.17818381910088035
203,1,4,0.24290941083271972,0.23407022511131087,0.12274370116557869,0.3103713372702007,0.08990532562018995,0.26685633608720205,0.27013700749439185,0.178448456856748,0.20547680637578694,0.0790813931858712,0.3003232115067238,0.22784716748383957,0.16790265815900407,0.1744607575988331,0.1294662052515995,0.28310876573858473,0.07728514406319655,0.017703186550706945,0.6141124069475087,0.007790496700003149,0.24650144962089207,0.23948024246877303,0.13109941451925408,0.29463715763603865,0.08828173575504214
103,1,2,0.15324464996091935,0.34911256785390826,0.20493933263959574,0.14044693802698177,0.1522565115185947,0.16760951308287497,0.34600385188536614,0.18337905158181858,0.14635482664125843,0.1566527568086819,0.23367542063925092,0.2895543967436805,0.17376082045198757,0.16021759566332486,0.14279176650175618,0.24304540239599232,0.3234374564855085,0.15432541557978124,0.1302155882212231,0.14897613731749493,0.1553993794292127,0.34864626045862696,0.20170529048092917,0.14133312131912326,0.15291594831210778
448,3,2,0.1494431825990122,0.49317580723318066,0.17579665659688654,0.09783201484507033,0.08375233872585028,0.21518162604522448,0.3899747601165475,0.16692436708946554,0.1686201388871336,0.059299107861628814,0.2240128612404025,0.3307361568045235,0.1581327456378113,0.1891192914285357,0.09799894488872705,0.09827087639940921,0.4835467833277296,0.3005470912096957,0.10025409015304068,0.017381158910124872,0.15930394911594403,0.47769565016568566,0.17446581317077337,0.10845023345137982,0.08008435409621706
269,2,3,0.2184675794700815,0.2325239259701591,0.2769341877058222,0.15891183148277407,0.11316247537116325,0.25534596843698476,0.274298010617863,0.20392685143306474,0.17409077615005117,0.09233839336203624,0.2560704005646675,0.2804508058338219,0.19427524534667193,0.18519719142918203,0.0840063568256566,0.818107398769377,0.036017929639170006,0.11702281746357725,0.025483205843462774,0.0033686482844128246,0.223999337815117,0.23879003866731469,0.26598308726490855,0.16118867318286564,0.1100388630697942
3,1,1,0.28310230305114237,0.17483254833320921,0.1239047076639769,0.2598377460307166,0.15832269492095485,0.2724909114449893,0.20742592292743736,0.19860999873027999,0.1448213315201682,0.17665183537712514,0.27713358880715316,0.21303245649915759,0.20720146644033285,0.13264263630764409,0.16998985194571228,0.2422094918538795,0.04460972249508206,0.011482444810718334,0.676995535767772,0.02470280507254809,0.2815105943102194,0.17972155452234345,0.13511050132392236,0.2425852838541343,0.1610720659893804
424,5,5,0.18467791046531581,0.1493641442073184,0.17118978444559452,0.22729184440377614,0.2674763164779951,0.2379879606980901,0.14625407451521852,0.1486786119095382,0.16228595143395722,0.30479340144319605,0.2803101808976619,0.1454115486940901,0.15772531106658982,0.16263647083984567,0.2539164885018124,0.8644328771114658,0.06253041253922635,0.022263086838849214,0.027685685066385187,0.023087938444073367,0.19267441800023194,0.1488976337535034,0.16781310856518608,0.2175409604583033,0.2730738792227752
263,4,5,0.17885080686490776,0.13174034096999981,0.19740742641279674,0.2378324347430984,0.25416899100919743,0.22990957408958845,0.1450873517744705,0.17511361339171172,0.19000330386849318,0.2598861568757361,0.24238262603628002,0.1768639062480121,0.17122830022588398,0.19174071590547093,0.21778445158435308,0.003228649150662887,0.046945912670887366,0.06562110169340737,0.599441432625429,0.2847629038596132,0.18650962194860987,0.13374239259067042,0.194063354459634,0.23065806511190762,0.2550265658891782
320,5,3,0.12013691041189319,0.1766610036819483,0.28148916579074407,0.21206767100855362,0.20964524910686091,0.15370651805557148,0.20004269888804357,0.22446793006575796,0.22034027998662972,0.20144257300399726,0.19970704234928438,0.2088058494013635,0.188080265695291,0.17920493354139325,0.22420190901266787,0.05778345081290458,0.005423227616440413,0.728738732508369,0.2041154932089805,0.003939095853305381,0.12517235155844492,0.1801682579628626,0.2729359804319962,0.21330856235526502,0.20841484769143134
172,4,5,0.026074921213696662,0.04266929855189081,0.05598771403860751,0.17189318601620382,0.7033748801796013,0.10666750141269143,0.10511463860054289,0.12542454293839847,0.1474002930046631,0.515393024043704,0.1319046563225501,0.14575963192927585,0.14019480943029652,0.1565654630523152,0.42557543926556235,0.0006938366958892073,0.0004989551686595145,0.0004110264808809723,0.0010831085729708732,0.9973130730815996,0.03816380824354587,0.05203609955918863,0.06640323837357615,0.1682192520644727,0.6751776017592166
579,2,3,0.10972837750574733,0.26521891240862344,0.3900524465207537,0.10380687096361549,0.1311933926012601,0.1757107658223279,0.25154459228491904,0.19275678125714937,0.23322286230818032,0.14676499832742343,0.17907544958335675,0.25206191748244416,0.19801630176694754,0.25628042920318644,0.11456590196406503,0.11288703271003109,0.6286006017799015,0.03396202543765619,0.203305778534186,0.02124456153822518,0.11962573575323442,0.2631677643900678,0.36045809673121304,0.12321926966530021,0.13352913346018458
493,3,5,0.043960539986333744,0.11424638047378034,0.10969080786841688,0.2192144993213539,0.5128877723501152,0.11530940297604642,0.1850130463377524,0.1875164454323217,0.19078155278166742,0.32137955247221206,0.181205500449082,0.22839816390495882,0.1854705755816617,0.19213745289357945,0.21278830717071803,0.0007603224335449394,0.00136361974108611,0.004342316796823589,0.022952148487728863,0.9705815925408166,0.05466286943479064,0.12486138035337616,0.1213646535030026,0.21494955734040092,0.4841615393684297
326,4,1,0.4179057994815467,0.11317995887629122,0.09659528795442912,0.10203905678326416,0.27027989690446885,0.4093814674912766,0.0913853919707054,0.12947957567411356,0.12350206939510829,0.2462514954687961,0.3694440366228429,0.11958073437608881,0.1454083921859185,0.14612259251632176,0.21944424429882795,0.9619820259051142,0.003785140060632584,0.0030496458431756813,0.0025062419602213466,0.028676946230856152,0.4166271496830062,0.10991077384045334,0.10152793111238179,0.10525850867504077,0.2666756366891179
543,1,2,0.2340506536860513,0.2631510620215292,0.26534049337053894,0.12956272816513162,0.10789506275674889,0.24238703578063522,0.31812673780745615,0.21470893671705812,0.1393016354633796,0.08547565423147098,0.2507408563350542,0.26893217427656474,0.19709375825341124,0.1657387987079498,0.11749441242702001,0.6450898922665261,0.1784758113320056,0.06581950897830367,0.10391362251718902,0.006701164905975397,0.23530111100023887,0.27139741338941825,0.2577457598725168,0.1310235642598688,0.10453215147795719
582,4,5,0.08631248923491888,0.11089809627845545,0.19070123805041458,0.22857886324908902,0.3835093131871221,0.08482978647556043,0.16117842971516708,0.15225507698869364,0.17569681902230957,0.42603988779826923,0.13812769709144637,0.19398265066529582,0.16056623089736008,0.1760382136155104,0.3312852077303874,0.020077765217477603,0.08149708152295204,0.6164412782799,0.14602277682834694,0.13596109815132335,0.0860900838210151,0.11844014629396218,0.18493431389115644,0.2206465566150721,0.3898888993787942
552,4,5,0.03417862584228006,0.16847809909342082,0.2577563623037357,0.15318163137975324,0.3864052813808101,0.03583557790056374,0.2670299366437781,0.2163967788454003,0.15070762588462253,0.3300300807256354,0.05551971584019954,0.32708036551916225,0.20629227184637255,0.17354878836464596,0.23755885842961968,0.015475540589652444,0.054838472342296316,0.6252749083134552,0.00619363420473699,0.298217444549859,0.03442716865102261,0.1832608747259744,0.2515524247849854,0.15281053055548363,0.3779490012825339
512,1,1,0.3936931541462081,0.15429241035985372,0.1793393846781566,0.180202438107904,0.0924726127078775,0.5209219596600372,0.14107693055288126,0.13179721370216327,0.15300474253647398,0.05319915354844421,0.48922761351490646,0.15770236062375198,0.1349584649313001,0.16019940987263975,0.05791215105740177,0.9944203675244491,0.0014400307810549565,0.0026097354587562445,0.0011973350809029051,0.0003325311548366696,0.41277747497328243,0.15231008838880783,0.17220805903175762,0.17612278377218948,0.08658159383396251
48,5,1,0.24727230366733421,0.1965334993507524,0.23885941126570903,0.18495564902872322,0.13237913668748108,0.2705313203714807,0.200587512887444,0.21502635843311588,0.1699472610195921,0.14390754728836735,0.2850514236679216,0.20373490403980002,0.1809810152764626,0.1709561460194721,0.15927651099634368,0.007558499808886516,0.06131252753742135,0.1536768099252654,0.022924264586490987,0.7545278981419358,0.2507611561729562,0.19714160138125614,0.23528445334082004,0.18270439082735357,0.134108398277614
376,2,5,0.0655197630737296,0.26048182210906196,0.12120419028322316,0.2553384205785835,0.2974558039554017,0.1116751939218464,0.22403905195368265,0.18546551418770432,0.2275402770903995,0.25127996284636706,0.1634057144933837,0.23620566668429502,0.19785737391307226,0.20928047527047533,0.19325076963877366,0.062371492941827485,0.09227331913837221,0.01054087636809073,0.5661857449365139,0.2686285666151957,0.07244307770094711,0.25501540658575506,0.13084338886889532,0.2511686990553559,0.2905294277890465
590,1,1,0.5889089359863116,0.13342694151955892,0.09611016574804798,0.09558849587458085,0.08596546087150081,0.5546786913949568,0.12613301137700242,0.122005952261808,0.09378023946821001,0.1034021054980227,0.44458124742160104,0.1514267144574023,0.13200101848965365,0.12258258076861385,0.14940843886272917,0.9406604257196317,0.04356824703506387,0.0020471545630869896,0.0010543323490000767,0.01266984033321734,0.5837743992976083,0.13233285199817543,0.099994533725112,0.0953172574136252,0.08858095756547908
523,3,1,0.24458240192199251,0.1839154300644155,0.18879447052722192,0.22026605175709513,0.1624416457292749,0.2169499157475875,0.1394508177174194,0.1665920327397801,0.2164079700029883,0.2605992637922246,0.24786549608180664,0.15146397545269566,0.17424423207073184,0.207341381517033,0.21908491487773293,0.1078208112042499,0.014972363121729839,0.018031284993275366,0.8551889819298657,0.0039865587508793035,0.24043752899583176,0.17724573821236608,0.18546410485910564,0.2196873394939791,0.17716528843871737
426,5,5,0.14737509333368057,0.1408913372236221,0.09819656066802183,0.1055270560508724,0.5080099527238031,0.19575150234441094,0.14754097306861755,0.13066807465795657,0.15698978003144867,0.36904966989756627,0.19544220065419413,0.1652133540118186,0.14266608461396638,0.15297792939559218,0.34370043132442873,0.021036825856356172,0.004099154232645844,0.002066384600776651,0.011787806581360433,0.9610098287288609,0.15463155468529013,0.1418887826003714,0.10306728776651204,0.11324646464795883,0.48716591029986756
212,5,4,0.050677961822735915,0.17721896826640116,0.20832416930215109,0.31937178496829066,0.24440711564042114,0.08751165449863062,0.23319188053374793,0.2011507292873702,0.23468116104996659,0.24346457463028467,0.12665726229124324,0.23752729232563516,0.1906200787401442,0.21871522965181944,0.22648013699115796,0.0016792088486860556,0.007038565951700908,0.6964847825100942,0.14457605799199977,0.15022138469751914,0.05620301572412012,0.18561490510650316,0.20724815329993396,0.306668191380542,0.24426573448890065
317,4,3,0.11385449137179664,0.1329809764290331,0.35854486456188606,0.22627531073883903,0.16834435689844524,0.15810292344758906,0.16932731603354065,0.19641745996405904,0.20067435901227695,0.2754779415425343,0.1849782624876749,0.1954356263655607,0.18772572847497668,0.19093804894235553,0.24092233372943225,0.0656747273728897,0.0946578874503849,0.5864444043866204,0.2469277027119171,0.006295278078187915,0.12049175618316549,0.13843292736970922,0.334225753872212,0.2224351679798547,0.1844143945950586
390,1,1,0.6311866321112155,0.12177876558878173,0.09516340244997738,0.08852174357488785,0.06334945627513766,0.61922212411669,0.09164635881114776,0.1192403362965639,0.12126558828518823,0.04862559249041021,0.5403672892961159,0.10853931802300953,0.13653029315433884,0.1411985785590608,0.0733645209674751,0.9985448780101356,0.0004013881970187256,0.0002928131415289719,0.000672487345563181,8.843330575366701e-05,0.6293919559120367,0.11725890457213664,0.09877494252696536,0.09343332028143289,0.06114087670742854
502,2,1,0.31963106353035675,0.2624051973522454,0.1739319502229271,0.12053125946217842,0.1235005294322924,0.4207406348552341,0.21275571352224235,0.14735760008744572,0.10602501217606151,0.1131210393590163,0.3768972265334367,0.20157317927268711,0.14700773748170567,0.12894484551545174,0.14557701119671876,0.7883284177200277,0.14951992737340225,0.05634924296936114,0.003681600984326717,0.002120810952882288,0.33479749922908836,0.2549577747777449,0.16994579770260487,0.11835532236926088,0.12194360592130096
479,5,5,0.060102985567114436,0.10948706599406044,0.09750352268883093,0.10738633706743995,0.6255200886825542,0.08559359926268727,0.1560376911217992,0.12486475064943238,0.12142609590065158,0.5120778630654296,0.11112795011029808,0.17667615784516755,0.1253378149864777,0.12868866349017724,0.4581694135678795,0.00034163359683885746,0.0016560161957356633,0.0007613167510546085,0.0042007574719257245,0.9930402759844452,0.06392657762145036,0.11646965976322125,0.10160770688292114,0.1094923008924217,0.6085037548399854
308,2,1,0.3261631184606566,0.20283479310638042,0.12650225359128975,0.23619181173466894,0.10830802310700426,0.38628313125477926,0.17567778313434967,0.14927100628033532,0.16505262653321587,0.12371545279731977,0.356929724604888,0.1786457023516592,0.16208115399746634,0.15616698782254682,0.14617643122343982,0.8013424538167527,0.0870764792932829,0.006758069887956646,0.07902706736818961,0.025795929633818104,0.335181120379775,0.1987612416105758,0.12991756649464659,0.22552093395445097,0.11061913756055158
359,3,4,0.13816691409087872,0.12858335073717597,0.2033411769234512,0.28957747467780465,0.24033108357068939,0.19696633271029818,0.15791543300642139,0.18866915259570102,0.20643565258367177,0.2500134291039076,0.2629104197585211,0.1686394367749541,0.1832071437151337,0.1717952572844523,0.21344774246693873,0.018652980285368766,0.035692363150961096,0.019646193319080855,0.24754949635530135,0.678458966889288,0.14698682688379164,0.13298316307756278,0.20114037327428866,0.2771062013636847,0.24178343540067213
296,4,5,0.017897027536348767,0.0513237219587532,0.05216999159533343,0.18553776465923752,0.6930714942503271,0.053708070946770624,0.1615517353559984,0.14468207540737035,0.12185313118033281,0.5182049871095277,0.10807531653611142,0.19961890762821557,0.1634039089313228,0.13542416065077267,0.39347770625357753,0.007731135742789252,0.002570301537409469,0.0125577478499297,0.10953145430635432,0.8676093605635173,0.023268684047912044,0.06785792396833998,0.06604680416713896,0.17598506963740182,0.6668415181792071
28,5,4,0.15631112630413543,0.08068187851507114,0.12995814164154867,0.40428498169469884,0.22876387184454589,0.21611613863107046,0.18408095754891093,0.17371105338221396,0.2542220813413178,0.17186976909648685,0.19556973732690408,0.2118203201905795,0.1905669613477016,0.22972242589924727,0.17232055523556758,0.13731444839471665,0.16760456968345308,0.062019869735327623,0.2700026392993017,0.36305847288720083,0.1652818781531757,0.0961917403701471,0.13652107840264846,0.38177554664169167,0.22022975643233703
243,4,4,0.13444928754755306,0.1592097607259393,0.13819397701938235,0.3513238425295865,0.21682313217753882,0.1551226512615496,0.24241795948482037,0.18213340190534366,0.24201598007266445,0.17831000727562207,0.188517111746945,0.25674123167190427,0.20242364160819246,0.2044127391846783,0.14790527578827992,0.2786347899240428,0.08376027330467771,0.21729380230159315,0.023505626081233712,0.3968055083884525,0.13755029210465253,0.17169099053977144,0.14478489075227655,0.33492766316104816,0.2110461634422513
141,4,1,0.29940630105931065,0.20439854110478228,0.17180623526767655,0.2001836915756173,0.1242052309926132,0.3116277631482402,0.18857765648238126,0.17101611072880685,0.2151983398826308,0.11358012975794103,0.2975365791891709,0.19880874175293725,0.1655159437458119,0.18011921971925324,0.15801951559282673,0.9876292963488567,0.008668083489316029,0.0011143757952544874,0.0012643247121965845,0.0013239196543759159,0.30123952037265006,0.2020254084114221,0.1716877165868461,0.2024358888216693,0.12261146580741238
15,3,1,0.31367369087776953,0.15726559155676448,0.12837554922951255,0.1344265646909175,0.26625860364503573,0.22975461209917478,0.1753696717755052,0.1520712863546059,0.16634605815383285,0.2764583716168813,0.23672833380984612,0.17847830875753898,0.1578832124702292,0.17579316221672617,0.2511169827456596,0.28882815506649484,0.06127518398745872,0.045000715027303434,0.5988872919357173,0.006008653983025688,0.3010858290609803,0.1599812035895756,0.13192990979827657,0.1392144887103548,0.26778856884081254
84,2,2,0.20332446863460157,0.28745920989500906,0.20759925355528133,0.13107161602717718,0.17054545188793088,0.20494201544798382,0.29024871392113066,0.18224129989748353,0.1648278891354582,0.1577400815979438,0.2356013643371917,0.2498462226720133,0.18824937414271067,0.17067512465889642,0.15562791418918795,0.09975808566241622,0.6267016576490586,0.03223948389346147,0.23767935967022052,0.0036214131248431384,0.2035671006566089,0.2878776354989273,0.20379556050661166,0.13613505699341932,0.16862464634443283
396,5,5,0.0031714521058572812,0.013559747169429944,0.016905454672147737,0.2147714890301118,0.7515918570224531,0.020161240140339213,0.07112007001865951,0.11995965634353274,0.1359314122358646,0.6528276212616039,0.061666460983126205,0.11472587485877556,0.15651000792012015,0.1459636921035155,0.5211339641344627,0.0017115806576363036,0.002554133180970911,0.022405846809795786,0.0940495569239387,0.8792788824276583,0.005719920311029571,0.022193795596814378,0.03236358492285549,0.20294547751097472,0.7367772216583257
232,2,5,0.17024277093226256,0.18950029817562328,0.17911519114977287,0.11496282302895622,0.3461789167133851,0.19430383029354273,0.20494055988864868,0.1695368482502618,0.17260674109687812,0.2586120204706687,0.2531871278636209,0.18035512392221165,0.1789623285866299,0.17608791801851428,0.2114075016090234,0.4083375788807681,0.33721557181531003,0.027567729015947208,0.124842013501561,0.10203710678641363,0.1738519298364546,0.1918163374325771,0.1776784397148462,0.1236094107391445,0.3330438822769776
586,5,2,0.08755677944774605,0.39940518638491485,0.1578186609323707,0.22481473480331002,0.13040463843165848,0.08414993471633726,0.35070745553350996,0.14888302762398403,0.20276009782004537,0.2134994843061233,0.09715310961194723,0.3391078768372801,0.16404771247853608,0.2088536856278077,0.19083761544442887,0.003871925058349204,0.9212611693200956,0.014380787872527194,0.055844199535897275,0.004641918213130649,0.08704575273803472,0.3921005267572041,0.1564783159361127,0.2215065392558203,0.1428688653128282
192,5,5,0.041645221620121,0.11739451377994181,0.05931968405705847,0.18957434241726223,0.5920662381256164,0.06858729866071249,0.18560766203737547,0.10983188862719724,0.13801514507198567,0.4979580056027291,0.10203188149207265,0.20439143276582097,0.13332277071497753,0.1506902903517938,0.4095636246753351,0.008271831391348232,0.0023532941452177685,0.001333503582145263,0.13594120945069252,0.8521001614305962,0.04568653317620972,0.12762648601855686,0.06689651474257928,0.18184046281547073,0.5779500032471834
265,1,1,0.38530798586041715,0.19180219408943386,0.1388598068300119,0.14341938989511002,0.1406106233250272,0.4027860511934655,0.12568448132624643,0.13151458857883594,0.13432777035926377,0.20568710854218844,0.3657974560962221,0.1407342157356769,0.13743199052459745,0.14431450758960299,0.21172183005390044,0.7658458437309456,0.05875010666241393,0.14254995595334685,0.007919789615314705,0.024934304037978854,0.3879296956603744,0.18188453717495573,0.1377580240923355,0.14205564696473308,0.15037209610760138
268,1,1,0.7692004905691873,0.04287036716824312,0.061680561686830795,0.06378398758921278,0.06246459298652588,0.6311969351576944,0.082945215173648,0.11324148858114091,0.11026948464499951,0.062346876442517296,0.5241136369568441,0.10923418320784668,0.137758048477297,0.14352877719790955,0.08536535416010282,0.9992147198082889,0.0001482635050353452,0.00024134539701963303,0.00011424658414115976,0.00028142470551493386,0.7484999572574632,0.04888159436905385,0.0694147007209773,0.07075681214758078,0.06244693550492459
291,5,5,0.030711357441247103,0.05887458746580593,0.05831596627824465,0.3111653291392546,0.5409327596754476,0.05375967442167828,0.08679159198990898,0.14168906581867138,0.16602049151387258,0.5517391762558689,0.07684254077030861,0.10727866035298432,0.16967494614983467,0.1581618934266531,0.48804195930021926,0.0012536070273278426,0.0005891839809422071,0.012427660837450016,0.006602651397973984,0.9791268967563059,0.03416860498831178,0.06306213814442138,0.07082193120930866,0.2893936034954473,0.5425537221625109
173,5,3,0.08747350740681341,0.08796873301516027,0.35625037067520954,0.2157306887462887,0.252576700156528,0.19323409272035316,0.16465886135857088,0.22574301742879654,0.24064720044036644,0.1757168280519131,0.1993061194700273,0.21468310387740122,0.21107011971346853,0.22482731032928346,0.15011334660981954,0.1778581795460573,0.3974956914839595,0.14817165089097964,0.20463713972383757,0.07183733835516604,0.10333759520384436,0.09947225226667186,0.3366742676882476,0.21946816550040035,0.24104771934083577
96,3,5,0.22140360331497533,0.19575041113378874,0.16365465742926644,0.19690632937175837,0.2222849987502113,0.21429037342397483,0.18447871638636104,0.18817303270747213,0.15712678930830143,0.2559310881738905,0.23760481861194946,0.18950851921998876,0.18042349669634594,0.1584718294842413,0.23399133598747457,0.053461352019293626,0.015878598592674764,0.21099013989032767,0.696506603893309,0.023163305604394845,0.22033661883132524,0.1940596569216746,0.16733241372099728,0.19093939836223983,0.2273319121637632
556,1,3,0.07878344150407696,0.23804765509326045,0.4815170254214288,0.0933878505463338,0.1082640274349,0.12996354092021456,0.33515266382841763,0.22666871653259668,0.228288445666172,0.07992663305259913,0.15825699349642894,0.3201984669621945,0.21487793763327176,0.22415011371805435,0.08251648819005042,0.032581932658914195,0.12720282380105322,0.5023911019669396,0.28114842533682166,0.05667571623627117,0.08646045641649759,0.252613406403534,0.443289779088104,0.11362293981430954,0.10401341827755486
195,1,1,0.7714423462260891,0.041441077357538554,0.061282730393917184,0.06415587003801337,0.06167797598444188,0.6237052048571664,0.08668643750268434,0.11323409879654943,0.10726953171634279,0.06910472712725703,0.5321042527616416,0.11542854896241388,0.13157401662833004,0.13449801533379527,0.08639516631381917,0.9994393104211161,3.28055991691517e-05,0.00024841172040794286,7.470448670475279e-05,0.00020476777260209985,0.7492817750207507,0.048227881379310424,0.06907543565431201,0.07062291928976278,0.06279198865586415
230,1,1,0.3736463744731907,0.16245154380066582,0.22534827933600202,0.1285452440523387,0.11000855833780271,0.3882156615271571,0.16296879148188567,0.17646849037192544,0.1449048822516754,0.12744217436735636,0.32485154957553314,0.18241867366968534,0.15894982082761216,0.16140865244681793,0.17237130348035146,0.9519716859557503,0.0035067560176383628,0.023951379458523922,0.020148248420856704,0.0004219301472304785,0.37583176753128567,0.16252913095284877,0.21801631099139052,0.13099918978223918,0.11262360074223576
588,4,2,0.15107834335029516,0.3115076772920444,0.2322115438358255,0.1665524833677928,0.1386499521540421,0.14478391671689975,0.2742521696011048,0.1984065483580216,0.24127344157667005,0.1412839237473038,0.16253013164401317,0.26169612243149887,0.17728700868054884,0.2125658591150391,0.18592087812889999,0.09190925932684026,0.11236435937998797,0.7053728097224556,0.03950307305598779,0.05085049851472835,0.15013417935528586,0.30591935113840346,0.22714079451415492,0.17776062709912438,0.13904504789303135
166,4,4,0.07894480462299869,0.11506791071992209,0.1805328348411671,0.48951641083130976,0.13593803898460244,0.07658836592815872,0.201870630457611,0.1893547711515229,0.25432244469184984,0.2778637877708576,0.11998878042517276,0.21555672618186802,0.1783051368046021,0.18882936323854982,0.29731999334980724,0.015884143006169738,0.012733018582714207,0.015348796207882435,0.9396375269947365,0.016396515208497137,0.07859133881877269,0.12808831868057544,0.18185612528772047,0.45423731591039074,0.1572269013025407
225,4,5,0.041911417842006485,0.09843107292902406,0.07155408152212522,0.25086790708886747,0.5372355206179767,0.07029720394244145,0.1743335683318562,0.16588710118891115,0.1991413196387979,0.3903408068979933,0.09566735817550935,0.1814738395233553,0.18373194550015723,0.19591821041338156,0.34320864638759657,0.04087202387451228,0.04121040089543624,0.19647527488135766,0.18215604054252807,0.5392862598061657,0.04616928575707173,0.10981644723944889,0.08570403447214311,0.24310891897135703,0.5152013135599792
384,2,2,0.24593694316301115,0.40987906935547047,0.145146096134226,0.1032732055401698,0.09576468580712255,0.3205940680973385,0.2972893537729789,0.15855531339007103,0.12538290181527495,0.09817836292433667,0.30635938091483456,0.27143143933049424,0.1535487301524584,0.15067952079161073,0.11798092881060214,0.9370963367589754,0.04513793111942776,0.002658475067738857,0.0027259317730480744,0.012381325280809763,0.25713551190316025,0.3929906120180967,0.14715747872260274,0.10658965998143557,0.09612673737470466
53,2,2,0.2954540543855569,0.30835419675865605,0.15164087757809686,0.13343060584501157,0.11112026543267867,0.27386764702958233,0.2855260438014469,0.16155191419738793,0.15141631191841426,0.1276380830531686,0.30365992101843015,0.23654876255346338,0.17706034039294452,0.1655357945738826,0.11719518146127934,0.5446645631332779,0.30806354478677617,0.11328079095931377,0.02377998164877471,0.010211119471857554,0.2922160932821607,0.3049299738150747,0.1531275330709905,0.13612846175602197,0.11359793807575215
532,3,5,0.10359993388175757,0.12646478992680224,0.21080070339727566,0.25370813519262553,0.305426437601539,0.09338294933468753,0.16290869816288409,0.19605460587669377,0.25980168961623956,0.28785205700949495,0.09579463018319544,0.19045314744071185,0.20893474377933455,0.22488444952358858,0.27993302907316964,0.004321020571594705,0.008335887178790804,0.3570863014328795,0.1529319478685032,0.4773248429482317,0.10206738619969706,0.1319313761622145,0.20858878876918838,0.25462216835616763,0.3027902805127323
345,1,1,0.25697154747155987,0.1965417065661423,0.15476358649681535,0.26820267663406616,0.1235204828314164,0.32567264811286867,0.18262628802348435,0.13822293630172236,0.1869397144085565,0.16653841315336812,0.29431487979668614,0.18003570811704553,0.1493405137704887,0.17267815014396773,0.2036307481718118,0.35336616735902754,0.0760702022240003,0.005661980845852714,0.25947842115845376,0.3054232284126658,0.2672767125677562,0.1944543937847436,0.1522824889675514,0.2560132323002397,0.12997317237970915
318,1,1,0.2846639667910368,0.18331604395508078,0.24135047585056557,0.1873144133534194,0.10335510004989742,0.34809856662074184,0.20626030404188636,0.1785460459767297,0.17695146338621234,0.09014361997442984,0.34538098917814164,0.2068162411751541,0.1727533915443317,0.17036703947247786,0.10468233862989466,0.25130598225459233,0.020622677092559043,0.6479739066786433,0.015398521322671367,0.06469891265153399,0.29417915676549256,0.18675768296810163,0.23192981136949017,0.18575997085833834,0.1013733780385773
54,2,2,0.21778530739063906,0.23995592478399144,0.213641605665753,0.1847544895217829,0.14386267263783356,0.17332170900301988,0.21937210750201275,0.18197436706475398,0.19972842803900648,0.22560338839120697,0.1761038698529768,0.2091731099824483,0.1764453218357985,0.2235538767236002,0.21472382160517625,0.6819490872285605,0.013939872697151435,0.24740255271107087,0.021882985264872968,0.03482550209834411,0.21111576763249618,0.23686835219169464,0.20889151987560312,0.18700058029936642,0.15612378000083957
322,3,2,0.21818436370127614,0.24623907030579495,0.13636264797618175,0.1534056580501597,0.24580825996658742,0.19199566994954817,0.23960897297447178,0.17270102698268122,0.19508119440120505,0.2006131356920938,0.22693781459883886,0.25628913592787544,0.17506179268519773,0.1962023019784359,0.14550895480965195,0.035023478031633824,0.04284747292270637,0.26467430846043744,0.5028999454028387,0.15455479518238374,0.21425605963851696,0.24524455570609646,0.14181340482715668,0.1596569885028165,0.23902899132541336
187,4,2,0.17425695237186498,0.2898541539933351,0.2705924793050416,0.12271492746994779,0.14258148685981045,0.22481413663744254,0.21962358619441757,0.17506298657414252,0.21873551877651032,0.16176377181748713,0.215082830257512,0.20920648542025413,0.16979591336794034,0.2270065118865966,0.17890825906769692,0.057319583150491356,0.03254272657451581,0.17456922126643834,0.5425258460614036,0.19304262294715085,0.1818405300117016,0.27931956882349745,0.2562630553954067,0.13711801616593217,0.14545882960346196
52,4,3,0.07956310886986863,0.11821659547904795,0.45974025014964365,0.09111332571677894,0.25136671978466085,0.12063072299273575,0.16294810718409117,0.1791234489015473,0.15380810701821876,0.383489613903407,0.1570434744959409,0.18981751528848265,0.16416594629801193,0.18771823310915106,0.30125483080841353,0.0028091869583381566,0.008642933510776435,0.8850861869620574,0.0033506011896719916,0.10011109137915582,0.0857232509882987,0.12492632223480443,0.4176477299624292,0.1005175429119949,0.2711851539024728
401,3,5,0.18353106555948037,0.14162314674747004,0.116639102879318,0.25655411552737195,0.30165256928635964,0.302364569748146,0.1725433096059603,0.14775536870364164,0.16179609956103136,0.21554065238122067,0.31136393644875066,0.1970166300426995,0.15049675783711902,0.1663294226994961,0.1747932529719347,0.0029466301445158294,0.05030760104472204,0.013635355155442543,0.0624155452426961,0.8706948684126236,0.20135609118778022,0.14626117117624357,0.12130654275296655,0.24234041313242086,0.2887357817505888
97,1,1,0.32049749980868436,0.23878291665313214,0.1683399567804493,0.1369012493095574,0.13547837744817703,0.3632626930865903,0.22938927641742368,0.1553329974680598,0.1598778160865463,0.09213721694137988,0.31487953507294875,0.2333624661454696,0.15592597978859046,0.17870811577968293,0.11712390321330812,0.8249821010659198,0.12999728734846366,0.024087529581346204,0.007979208568528474,0.012953873435741762,0.32691227880037027,0.23737387061777585,0.1663889128835909,0.14034773432610573,0.12897720337215746
252,4,1,0.37850393669290583,0.1480642981777088,0.20740244927894724,0.13038322002206518,0.13564609582837295,0.4044574333410517,0.12750796074630524,0.15636810999011844,0.1554882161461316,0.15617827977639304,0.3745592352219354,0.13255274450438306,0.15681966333249586,0.1719217081707478,0.1641466487704379,0.5164455495466315,0.005166482911801428,0.32713045599422147,0.10568168208254171,0.04557582946480389,0.3823969611901277,0.14498084756299828,0.1997472983856229,0.13414896944067514,0.13872592342057596
128,3,1,0.27435308639231526,0.19984432328312032,0.16566145598988158,0.24166144199991565,0.11847969233476704,0.39126971673859234,0.1918934339927456,0.1694668800408103,0.18170482245149264,0.06566514677635914,0.33735804018544685,0.2050753481921658,0.17517052828188287,0.18199893064091324,0.10039715269959126,0.24123046832688286,0.07965617693146866,0.5817124019292846,0.0627986576568869,0.03460229515547677,0.2918905809442568,0.1986516898895641,0.16623226959752088,0.2326679490676522,0.11055751050100586
435,1,2,0.22512790176966307,0.35561978723665194,0.13231003846234957,0.1586608645332656,0.12828140799806972,0.2744017478777254,0.3376606430799434,0.1608060519843741,0.1663349059121353,0.06079665114582169,0.2431387666597736,0.30306350855876696,0.17214186115358157,0.19158257143322688,0.090073292194651,0.6691513398144169,0.17787016858775767,0.05859179127039437,0.0670176132923136,0.027369087035117468,0.2325189786858724,0.3529259156131456,0.13658444049065324,0.15981197074009607,0.11815869447023251
421,4,5,0.004762799257309925,0.01004781551146588,0.02211486548381461,0.13702390789679242,0.8260506118506171,0.05034878310978414,0.0881488251103828,0.12464396992593879,0.1295644962555597,0.6072939255983345,0.12020039559020868,0.13921814277004563,0.14720914040557756,0.1493636251239114,0.44400869611025656,0.0004609210477023789,0.0017192415639843681,0.0017992335357575517,0.019283310868747246,0.9767372929838084,0.011600696835181057,0.02176296695130342,0.037494231150133235,0.1359049961506075,0.7932371089127748
319,2,1,0.4065133490037925,0.20133353388084635,0.19747990291913117,0.09524325230311323,0.09942996189311687,0.44292800515553504,0.18005398257449712,0.14642178546233445,0.1426384922093222,0.08795773459831123,0.3912262059111953,0.19700376576707815,0.15438561438720796,0.17727333519789545,0.08011107873662325,0.7696678173985231,0.0017814005566380484,0.02880539769819408,0.04944791075892021,0.1502974735877247,0.41197554742655385,0.19814160118489396,0.18982118530061165,0.10235253828904457,0.09770912779889603
298,1,2,0.2814286184422179,0.31107845918845295,0.15471003672955652,0.14774777013051785,0.10503511550925478,0.2709449002677107,0.331255073034068,0.1507940005888461,0.16806617443737046,0.0789398516720048,0.27777011009648,0.2806839164379103,0.16122766795183696,0.16764590905037377,0.11267239646339884,0.518879117370265,0.45530951588374874,0.015283059276424503,0.0074254684058780475,0.003102839063683652,0.2798560607160418,0.3141049512652952,0.15412263130844994,0.15079553077654576,0.10112082593366727
441,2,2,0.296156261241326,0.34627118576190097,0.13487716062118182,0.10649048901836161,0.11620490335722956,0.4023889751474927,0.26408807852298144,0.14058931933884503,0.11914681598136252,0.07378681100931833,0.34366837068074224,0.2560622034129841,0.159239451075832,0.1392375785671488,0.10179239626329288,0.7846994518986983,0.09413594136232767,0.00557818152063699,0.02648360497548846,0.08910282024284856,0.312091168327251,0.33394371967606307,0.1357339844288313,0.10838893806281175,0.10984218950504288
119,5,5,0.029827146902052914,0.05069567212994859,0.0721748330413337,0.2314342948032197,0.6158680531234452,0.04483910436541857,0.12970594746223174,0.14781789718483643,0.16607395652685786,0.5115630944606554,0.07138721039263399,0.18601953880019298,0.17858214125806757,0.19233929457052498,0.3716718149785805,0.0029708358301658816,0.008305814881901396,0.0204170761632342,0.03641086140370785,0.9318954117209907,0.03207894052155776,0.06254721342979105,0.0835212926628591,0.2216302440617654,0.6002223093240268
457,5,5,0.0537462167425964,0.06151974266602087,0.08594999295039939,0.257418549648278,0.5413654979927053,0.1299517677715187,0.1523522601093316,0.15650721494157085,0.20176840568363538,0.3594203514939434,0.18133091589787842,0.16314997023326286,0.17047445739365608,0.19517536994066395,0.28986928653453864,0.12243949219545394,0.05203707194940832,0.056851901709834535,0.49364735932500137,0.27502417482030195,0.06517704939693475,0.07514462028251748,0.0965335762490751,0.24907102805358158,0.5140737260178909
460,5,4,0.09942137707767791,0.10670560847538117,0.14006053816047243,0.4494794114112063,0.20433306487526215,0.20795206178076153,0.19078154903460284,0.1802241825679417,0.14866735246395615,0.27237485415273777,0.27409368323879335,0.18209079722305502,0.17541856656943425,0.13109740098334105,0.2372995519853763,0.04138409132938399,0.005026759145145853,0.0038857886546568086,0.42005462618482353,0.5296487346859899,0.11570097978314045,0.11931699955926442,0.1460850848215928,0.4043576025691188,0.21453933326688346
488,3,4,0.16240946081037397,0.24971054793020275,0.20687467522504466,0.26892325750057383,0.11208205853380483,0.20672937837395255,0.22674128850969055,0.18181883515866884,0.22591724884383446,0.15879324911385354,0.1852209003081846,0.25848337769827484,0.18050376928176737,0.2185521855785287,0.15723976713324447,0.2684900017209216,0.48170273234757793,0.02144687802654334,0.06947480086926444,0.15888558703569283,0.16905744844491075,0.24626515901712592,0.20311629921508828,0.26247235620206294,0.11908873712081214
431,3,2,0.23301328711713426,0.2975303419038341,0.11731655384140396,0.1827973820521731,0.16934243508545463,0.19042928499884723,0.3353768327134239,0.17031202845261192,0.2022907704869308,0.1015910833481861,0.24796043413408939,0.2786924532009583,0.16789725446572476,0.17836263865530255,0.127087219543925,0.2866362523508484,0.5987844921642015,0.035426881630987575,0.002897715300405753,0.07625465855355679,0.2266256867993912,0.3032073155252726,0.12526587503308517,0.18572139031738677,0.15917973232486435
369,5,4,0.15182928264191542,0.11066392095125974,0.24230321150500303,0.2645904445235553,0.23061314037826652,0.13317974787220388,0.16164082567576143,0.18185663203562355,0.1952342470693028,0.32808854734710824,0.1502693754926465,0.16783021250681204,0.18179118545203435,0.19456117473252213,0.305548051815985,0.05480147359431348,0.023171647975076495,0.15702176182056232,0.5244352657853439,0.24056985082470367,0.1490318524264587,0.11831045665993499,0.23323622458459609,0.2541870149054174,0.2452344514235928
514,1,1,0.8015081095623114,0.04559701374947113,0.05327546795949897,0.05445703740216321,0.045162371326555206,0.650635225469976,0.07244204733254817,0.11989777421724122,0.10288604979551741,0.05413890318471728,0.5609347285756493,0.09674897112401637,0.1317363055201878,0.12647185984286755,0.08410813493727888,0.9993043015775164,0.00019506692093848395,0.00010894056360853148,0.00011718606192726953,0.0002745048760093025,0.7788771769484611,0.049623768786932684,0.0632688138981603,0.06172138926116634,0.04650885110527951
290,5,5,0.12127746939843738,0.11927404214203272,0.23446587020505835,0.19217744205920015,0.33280517619527145,0.13438865118669646,0.1394036774445165,0.2125618485517394,0.22593364367965288,0.2877121791373948,0.16069213018822998,0.16517862771619332,0.21706484060571665,0.25313617378229586,0.20392822770756427,0.0370403876729954,0.02570430727853314,0.6662850204111347,0.025428485332290682,0.24554179930504602,0.12324414666667623,0.12229348743740528,0.2311802669570605,0.19724087230226806,0.32604122663658996
266,5,4,0.15764558148681637,0.1190266447002316,0.1677709168362562,0.41102670001876407,0.14453015695793187,0.20307331153584332,0.20376840523537543,0.21704048023361908,0.19520466410048598,0.1809131388946761,0.1967401562636689,0.21157033159745264,0.20916948051331097,0.1869180354307555,0.1956019961948121,0.27825468398626585,0.002246175846533967,0.011117340580667202,0.6975994692856575,0.010782330300875418,0.1644597409941704,0.13173790878050318,0.17516135134586064,0.3786533946310224,0.1499876042484435
542,2,4,0.20085881836222783,0.19716642906062162,0.18412382200909524,0.24030148878894267,0.17754944177911272,0.24683975616727705,0.28367597645100934,0.17557000522816402,0.20319047669077775,0.09072378546277186,0.2597387368035465,0.24792604763989376,0.19463420963515424,0.21484315272295493,0.08285785319845057,0.8215064404384543,0.07573072877128253,0.02114321584227056,0.04768495200837654,0.03393466293961615,0.20775595903298522,0.2101428611691798,0.18284074949195556,0.23473483697421793,0.16452559333166158
366,1,1,0.26820280771541355,0.17084960545271854,0.14538829612624338,0.2148387344825036,0.20072055622312093,0.295488046030496,0.18921384264188137,0.1673184216835347,0.15703844219610727,0.19094124744798066,0.31041747658152247,0.18534326265993806,0.1569226050105811,0.17635275301435294,0.1709639027336054,0.5552952057334961,0.17485763506772886,0.025763313817613324,0.13165516753785944,0.11242867784330221,0.2722955934626759,0.17360424103109295,0.14867781495983706,0.20616869063954413,0.19925365990684987
305,5,5,0.0911012225159163,0.05710934569709013,0.07380005942637415,0.25357453725863743,0.5244148351019821,0.1784841481683289,0.11680157589227436,0.14034562599339176,0.16100888955286494,0.40335976039314003,0.17153605415347614,0.15047814439008755,0.14488249096400516,0.16298351218972404,0.3701197983027071,0.02019256822686533,0.001019936178069669,0.014594348298779009,0.05325754889037669,0.9109355984059094,0.10420866136377818,0.06606318022636776,0.08378189441142678,0.23968969010277155,0.5062565738956557
151,1,4,0.16920863168119887,0.15012441748516642,0.18088022388011743,0.29477177276464417,0.2050149541888732,0.32058603602623115,0.20073323759729492,0.16866731084140116,0.2040489514740458,0.10596446406102698,0.2988623864579088,0.20076864771180244,0.17750312939908364,0.19065599587688278,0.1322098405543223,0.9810392761875659,0.0010062711125585467,0.0033061965069358635,0.013685601685393263,0.0009626545075466314,0.1919152423329537,0.1577157405019857,0.17904828692430996,0.28116334957105443,0.19015738066969623
0,4,2,0.22552363337158907,0.2303909820161038,0.16598773531160194,0.23625937034902997,0.14183827895167525,0.21356654728463342,0.24714289040386772,0.18017554033029712,0.17623662419734543,0.18287839778385626,0.20704380324893498,0.23232163949976745,0.17519792464672088,0.17989517875641484,0.20554145384816194,0.21984621824963832,0.035273601374373395,0.2604815769008313,0.022988681141201853,0.4614099223339553,0.2237300704585457,0.2329037682742684,0.1681159060644062,0.2272559584262773,0.1479942967765024
371,3,3,0.23715827927630706,0.12270302346311217,0.3421201702512928,0.16706717552822542,0.13095135148106252,0.22324537010375778,0.12977505403419753,0.26721014577949814,0.19921582267555205,0.18055360740699444,0.20727333661760794,0.16726730468760242,0.2358971311226806,0.2049755568460185,0.18458667072609056,0.02938153924269273,0.017033286029520783,0.8802227521188222,0.020136146732754462,0.05322627587620987,0.23507134290042464,0.12376382804877496,0.3308836665805236,0.1718894726003244,0.1383916898699523
444,5,5,0.04020889985969065,0.07469307328530525,0.09146119497831541,0.3390157366640404,0.4546210952126484,0.05024121086098527,0.16138018642581534,0.15114529114238842,0.19184321179629535,0.44539009977451566,0.08279642610183692,0.19346262332870756,0.16247240248238803,0.1891160397405117,0.3721525083465558,0.004835099980455648,0.0017438302843093502,0.7524821069763754,0.11178988566338956,0.12914907709547005,0.041713746509884846,0.08769614025638175,0.10041380940292635,0.31693985793387863,0.45323644589692846
67,1,5,0.19558501598190653,0.13556018167391407,0.22520373873328664,0.1946235601649675,0.24902750344592517,0.19640408479831004,0.1300624135102606,0.20318940046966838,0.18464809513604905,0.2856960060857119,0.24207281187064353,0.16351545513995108,0.18930197576377736,0.18694488526705813,0.2181648719585699,0.005081968352724385,0.043737051205413754,0.16724822921048388,0.6425554063965144,0.14137734483486356,0.19570787630436706,0.13473551644936604,0.22190158799374388,0.19312724041062973,0.2545277788418932
561,5,5,0.11323540421236886,0.11072531546611139,0.193530379316326,0.1458816373833463,0.43662726362184734,0.15203838925336655,0.1118902505804924,0.17053838179524475,0.18947338712651077,0.37605959124438554,0.21608334528820747,0.13549964710224696,0.178151393213399,0.19653947859392415,0.2737261358022224,0.029519537858193553,0.4728229522327078,0.20451736132475112,0.12185965110969867,0.17128049747464885,0.1190558519685185,0.11090005573326854,0.1900815796881638,0.15242039984482098,0.427542112765228
259,4,5,0.07301156000392713,0.16407886930597299,0.12463251541714104,0.18049684891263534,0.4577802063603234,0.12790672201656228,0.16032713182814087,0.1726712456904411,0.12490632877288767,0.41418857169196815,0.1786654151965984,0.20489109318526774,0.1783787665051155,0.1399316086885374,0.29813311642448104,0.027675471007063954,0.06455643929922585,0.003835512003744158,0.016791944210035426,0.8871406334799307,0.0812458343058224,0.16351610868429817,0.13183832495813605,0.17215827089167318,0.4512414611600701
80,3,3,0.10741654231088298,0.21416207070401325,0.3328155761339391,0.16719434213711243,0.17841146871405236,0.11179018672155688,0.3257338243781645,0.2223522096558841,0.21982673460139768,0.12029704464299686,0.13351668287418378,0.3091506168857859,0.2223591588945754,0.22625305774376656,0.10872048360168836,0.03593447799405169,0.48262284787381954,0.052584703061415584,0.4043092926345766,0.024548678436136645,0.10807258897248406,0.23089783375513592,0.31624607116223086,0.1750892010067552,0.16969430510339403
449,2,3,0.14224556589572276,0.05758361667246476,0.41280801665644273,0.22958322154054955,0.1577795792348203,0.1645274700918897,0.0845364503497839,0.23532992235263006,0.2613511610774076,0.2542549961282888,0.2320414823146291,0.12038264898946616,0.23846089285596928,0.2094221970389484,0.19969277880098704,0.009130133258910824,0.001944129675385323,0.14486885236729147,0.7000250654262395,0.14403181927217273,0.1455878515251478,0.06162654172406263,0.3861863025108708,0.23434841247107824,0.17225089176884056
132,1,1,0.2878644728155687,0.20363656404469024,0.17767968009944096,0.17349389875899823,0.15732538428130183,0.2747222937910571,0.24308955769221088,0.17032694752316455,0.15479486554978736,0.15706633544378004,0.2427746322161167,0.24225175503971508,0.18212567109956898,0.1608914632638134,0.1719564783807859,0.090897022702408,0.12073839521875747,0.6338863838033135,0.1492497765888979,0.00522842168662299,0.28589314596189197,0.20955451309181833,0.17657677021299947,0.1706890437776166,0.15728652695567358
553,1,3,0.220069103434396,0.22888632871488915,0.2988392140144225,0.14920151321355585,0.10300384062273643,0.27560353911856716,0.22717354779564425,0.20304218258657705,0.1789600583239044,0.11522067217530718,0.2909813938455064,0.239425423990379,0.18032857403422775,0.19319917234896136,0.09606543578092545,0.04323127776711367,0.01100273367322644,0.7306881068119028,0.19079408348874344,0.024283798259013827,0.2283992687870217,0.2286294115770024,0.28446965930024565,0.15366529498010814,0.10483636535562205
79,1,4,0.21327221020969594,0.19189224416881773,0.19807592802166712,0.22079050119354063,0.17596911640627866,0.2128105422890769,0.277813917623369,0.1821142408991069,0.1978509162108253,0.12941038297762197,0.1973695575082224,0.25793135441811,0.18692437106036172,0.19592043018485314,0.16185428682845274,0.21456699325921974,0.10111582884245662,0.4127396011364207,0.18033007228328685,0.09124750447861618,0.21320296002160308,0.20478049518700042,0.1956816749532831,0.21734956344613332,0.16898530639198014
43,1,5,0.026581603222817076,0.09545461958224928,0.09733399749549622,0.20524570258863942,0.575384077110798,0.05544192621974825,0.21667450487612325,0.1597422141148496,0.16146457383634386,0.406676780952935,0.09442588582062034,0.25083728559411905,0.1858084156194988,0.1930989955275516,0.27582941743821027,0.11489080778219514,0.016477482867904566,0.03270793155696483,0.1684569402333499,0.6674668375595856,0.03091065167235675,0.11363760237633037,0.10669522998839923,0.19867853327579507,0.5500779826871185
153,5,3,0.06843313782494884,0.21997493454168715,0.2827719211082013,0.22460282130247067,0.20421718522269194,0.05287723961329736,0.25953881698706066,0.21933564967031172,0.22496913402163954,0.24327915970769068,0.06097107256694429,0.22911614510315534,0.19988453066296627,0.20689608536513004,0.303132166301804,0.0050536253853562555,0.10428973758707288,0.15348318512684644,0.651226536649177,0.08594691525154739,0.06609975309320111,0.22590951690849317,0.2732564803925179,0.224657768210346,0.21007648139544174
19,2,1,0.2778308384560077,0.15689160212170927,0.19279674794731919,0.26377491635669775,0.10870589511826602,0.29755516979494984,0.15918835671874298,0.18058698844792143,0.25232481151097763,0.11034467352740808,0.3222211381001428,0.1541361745219709,0.1952486231811399,0.1796902567725582,0.14870380742418823,0.8544318623881478,0.010432734309624853,0.01325810457953874,0.10423422157355836,0.01764307714913016,0.280789488156849,0.15723611531126433,0.19096528402240953,0.26205740062983973,0.10895171187963733
526,4,4,0.1996743806643153,0.17325399710434242,0.16696805026042993,0.3018476090968922,0.15825596287402013,0.2977356105687319,0.18319817165230665,0.18782745927996677,0.16396375431231602,0.16727500418667873,0.284063436961979,0.1820531108690631,0.17783995818435436,0.15215146587502715,0.20389202810957643,0.0342627993549041,0.014540139245734557,0.006100157669182392,0.12240154892029269,0.8226953548098862,0.2143835651499778,0.17474562328653703,0.17009696161336044,0.28116503087920575,0.15960881907091892
459,3,2,0.12758434192754686,0.2831852712910105,0.2652891398328658,0.14228252012773215,0.18165872682084486,0.12301153319581137,0.2491031492644309,0.2002135116054772,0.12541100553818121,0.30226080039609937,0.13890705306550455,0.22906379503257593,0.1883711126762627,0.15209076074394068,0.2915672784817162,0.12345532916471609,0.5384010863282683,0.03771738286872565,0.10186240941619537,0.19856379222209453,0.12689842061778653,0.27807295298702356,0.2555277955987575,0.1397517929392995,0.19974903785713302
400,2,1,0.2727056400935986,0.22590204872525416,0.21782681175050198,0.1626027551345693,0.120962744296076,0.3124940997342514,0.254427087845503,0.16648340180347923,0.16901604841542175,0.09757936220134461,0.3402406513976252,0.2361970642942841,0.16470489096742133,0.16044459571082795,0.09841279762984145,0.2635630340444509,0.014491444078193527,0.00430023091566725,0.6889424479934263,0.028702842968262,0.2786739090396965,0.23018080459329146,0.21012530025844856,0.16356474912669716,0.11745523698186629
497,2,2,0.2382061340090473,0.2732361572142219,0.1358477823251024,0.26581890298004796,0.08689102347158048,0.21597462003818255,0.3230625255642763,0.17016780523280495,0.22033838177959933,0.07045666738513683,0.23941994580758832,0.29532766332258215,0.19683312826915578,0.17966883055868674,0.08875043204198696,0.20754213696819626,0.13894659995957206,0.006222850546948019,0.6382226941791386,0.009065718346145024,0.2348714069134176,0.28071011246673006,0.14099578576125776,0.25899682479998065,0.08442587005861393
447,4,5,0.0427745839338242,0.039313699459029586,0.18665857179182946,0.23548303718432995,0.49577010763098694,0.06570895942550975,0.08614178713722336,0.17446998244723322,0.22012102329395256,0.45355824769608116,0.09698002853909045,0.12245244137333405,0.19324982164823076,0.21277963151983506,0.37453807691950963,0.0033313650716148752,0.000491988747638647,0.07508485561710185,0.003758928465072493,0.9173328620985721,0.04621474025757703,0.046337912610758654,0.18483028339014002,0.23317873510077333,0.4894383286407511
495,2,5,0.034869028564911676,0.05157800104698772,0.15098766776917774,0.1455920895348513,0.6169732130840715,0.07826750607997361,0.15756379880842974,0.17571633977574921,0.17052147913457752,0.41793087620126984,0.13992089622747686,0.17772743033186336,0.17985890816337244,0.18325371753886174,0.31923904773842565,0.020105460709981326,0.0036028644147700836,0.03802370798942375,0.015687579751574067,0.9225803871342507,0.04137880019217097,0.06747587071120402,0.15469696857016346,0.14933149797481024,0.5871168625516512
452,5,3,0.10007430423104226,0.15139337758702032,0.3203069171186901,0.30198552405793394,0.12623987700531336,0.1992993160575629,0.23514764890697093,0.18691553121999016,0.23817104418864884,0.1404664596268272,0.2185532462657008,0.25175716251999103,0.1767868501031372,0.19769969673185792,0.15520304437931312,0.04130288423729891,0.17072223331324365,0.04171226725776498,0.3451899659220146,0.4010726492696779,0.11495805600502035,0.1639565182850129,0.3002982092338851,0.29241335207754116,0.12837386439854043
513,1,2,0.22889154837559575,0.3286561021328549,0.14485826555676498,0.14110816594342732,0.15648591799135708,0.17840775004936038,0.2633980879134967,0.17999793955447976,0.20296692038630124,0.1752293020963619,0.1933789852050354,0.23029769469978464,0.18141234862481317,0.20632789781851568,0.18858307365185098,0.5212721584236888,0.1748932169986056,0.06907038748366116,0.10009619961431543,0.13466803747972889,0.22131897862666045,0.3188673999999512,0.1501292166564222,0.1503869791098584,0.1592974256071078
20,1,3,0.251681371146671,0.17333160136347678,0.29533867750268106,0.1302447765417237,0.14940357344544744,0.32684772966725056,0.17051083829715333,0.21672171043835312,0.18916276847740962,0.09675695311983339,0.3780423281616991,0.14599564283567343,0.17042243599117232,0.17600904128376813,0.1295305517276871,0.3325580192112809,0.03148396472877928,0.6019081068846778,0.024197165965154616,0.009852743210107363,0.2629563249247579,0.17290848690352825,0.28354613244303184,0.13908247533207657,0.14150658039660532
234,5,5,0.007153903786555577,0.015114694879952083,0.03674413217390081,0.129018434945207,0.8119688342143845,0.021846303507841804,0.05864685820416943,0.12277401220691812,0.13703672372800077,0.65969610235307,0.032619479113787875,0.06316120799673162,0.1411284921800145,0.1504445232120209,0.6126462974974451,0.001262791168334809,0.000893267738170203,0.008107475270223083,0.017820731523312507,0.9719157342999595,0.009357763744748511,0.021644519378584685,0.049648614178853405,0.13022117826262605,0.7891279244351872
467,4,3,0.22958725896521334,0.21104831540498126,0.2747421451845231,0.14978080305890354,0.13484147738637878,0.24957899180147178,0.23607288497633172,0.17396487040858447,0.17889649567390997,0.1614867571397021,0.2694967735806863,0.20556133525108597,0.1698693275337413,0.17198464172470848,0.18308792190977793,0.09893708923796292,0.2851713815038779,0.1409100405470212,0.11311119547577117,0.36187029323536685,0.2325860188906521,0.2148020008406838,0.2596255539681323,0.1541481569511545,0.13883826934937726
416,2,1,0.34024601535628457,0.24970590923075014,0.1033977013183695,0.21824974063676625,0.0884006334578295,0.2723596720796244,0.23544724980161477,0.1310546341112111,0.22815348234362776,0.132984961663922,0.28856920612581255,0.21361443556455906,0.1491132500629637,0.20319400460560297,0.1455091036410617,0.9445157555365311,0.029753518438294355,0.005987430392036364,0.018450391484237258,0.0012929041489009756,0.3300630638647855,0.24756711031637985,0.10754624123729574,0.21973530189279544,0.09508828268874338
150,2,2,0.13373710877011713,0.47884961746332383,0.1702154133840933,0.11323253021919093,0.10396533016327476,0.18540847859759904,0.40809778965699395,0.17171665954330526,0.1629285722906356,0.0718484999114662,0.20940013790449816,0.35971001408761843,0.1763383372555468,0.18131548666515476,0.07323602408718188,0.12092252274393722,0.7907367824541582,0.04589089089702388,0.010734776222140877,0.03171502768273984,0.14148781424423942,0.46823684329237436,0.1704406003079751,0.12068693652990763,0.09914780562550347
158,3,2,0.24420047237080128,0.28368073484154954,0.12479313719401015,0.1488107617421243,0.1985148938515148,0.4053221553223439,0.2157079970632001,0.12352706598493668,0.12672093019434758,0.12872185143517179,0.3798786229337195,0.21642422609702938,0.13419379921150623,0.1448120156352155,0.1246913361225294,0.3253152853231719,0.18733544857975068,0.14931702166083738,0.03304442302182506,0.3049878214144149,0.2683687248135327,0.27348482417479714,0.12460322651264913,0.1454972870099578,0.18804593748906334
117,5,5,0.05455819618361993,0.10913937119668533,0.07999141920718648,0.21941735217196545,0.5368936612405428,0.08347595008964681,0.1904269298972815,0.1369213241778193,0.1410180343860414,0.44815776144921093,0.10110313906411285,0.2130500684441596,0.1680879989524411,0.16973679900761376,0.34802199453167254,0.11745814395279094,0.006942809139673801,0.008703880575455042,0.021322611505934907,0.8455725548261452,0.05889585926952396,0.12133250500177475,0.0885309049527814,0.20765745450407683,0.5235832762718431
244,2,2,0.21962897364445333,0.2618507092271936,0.22855470256184723,0.1525847113519357,0.13738090321457014,0.38278462076563025,0.21138044236426945,0.15505058846234324,0.1420638777702061,0.10872047063755098,0.36727521356954557,0.19586911441424268,0.1465511872726509,0.15075130862255606,0.13955317612100474,0.2545727619518788,0.542932778078884,0.07811773569611653,0.11018943554922758,0.014187288723893198,0.24410232071262986,0.254280169197755,0.21752908544692162,0.15100658631467623,0.13308183832801726
343,2,4,0.13360670577163716,0.21799040512506349,0.15713731849322024,0.3957822015163396,0.09548336909373947,0.13039604405698346,0.30722404212522325,0.1926297014977348,0.3168067637263379,0.0529434485937205,0.12913463150322133,0.3295048584588391,0.20775499884030638,0.2617080787115387,0.07189743248609445,0.003116849901093504,0.039998289660142926,0.09345296792196113,0.8612447024995357,0.0021871900172668766,0.1331251065144391,0.23137545067508747,0.16246117594389742,0.38393588584783933,0.08910238101873663
420,4,4,0.11603884282987588,0.13741204225224385,0.21524715711474862,0.2745400266612192,0.2567619311419124,0.11422495969859763,0.17027220723562372,0.19093092264589262,0.22975699541397746,0.29481491500590856,0.16313387810477684,0.19240559507472577,0.18226439793530244,0.2104636785532822,0.2517324503319127,0.07055662040736142,0.05015528781635318,0.1115269583890594,0.21427140288620866,0.5534897305010174,0.11576676036018414,0.14234106699975083,0.2115997219444202,0.2678225719741329,0.26246987872151184
336,3,4,0.1718813970215769,0.17883046758746865,0.12404735118490494,0.35344868727575685,0.1717920969302926,0.22941132698916836,0.212386034543088,0.18422177690697575,0.2456594832888115,0.12832137827195644,0.22563189298294736,0.22617068116259878,0.2162931770987293,0.20255012075571635,0.12935412800000817,0.869084178696909,0.0020175521481158847,0.00525807454267496,0.11713789170534294,0.006502302906957443,0.1805108865167156,0.18386380263081153,0.13307351504321555,0.337280306677715,0.1652714891315422
149,2,1,0.49398107066257524,0.15045989868427515,0.1231494224395693,0.13344465422285837,0.09896495399072198,0.5315195090777557,0.11957759727389679,0.13446298030630324,0.14379863178389332,0.07064128155815085,0.48330894795522017,0.1307363182834158,0.14641124425511756,0.15820096626169775,0.08134252324454884,0.9837114863504316,0.0019529933156299357,0.00935362293849378,0.0034134304704825703,0.0015684669249619917,0.4996118364248523,0.1458275534727184,0.1248464561195794,0.1349977508570136,0.09471640312583632
220,5,5,0.032711088777953486,0.03250258959144442,0.021085586342679586,0.2652601034852798,0.6484406318026427,0.053493647913965124,0.14429060836621974,0.12225608889607291,0.18303322056752613,0.4969264342562161,0.07115402365601085,0.2323768342644097,0.16154370877408794,0.1968238837358426,0.33810154956964905,0.0193644071378451,0.057199343248500276,0.0797541133726383,0.22410884965192757,0.6195732865890887,0.03582847264835523,0.04927079240766072,0.03626116172568858,0.2529260710476167,0.6257135021706787
423,5,5,0.05116720488846513,0.12879066694891228,0.07989218061169781,0.2387849526718883,0.5013649948790365,0.0777231232511515,0.15699232683118775,0.1280333018260877,0.1403485258558004,0.49690272223577275,0.09094210834125653,0.1810449035521374,0.15809907053951366,0.1539054476292082,0.41600846993788426,0.0410812574666842,0.02219245205827289,0.08613689599647206,0.03167250388807104,0.8189168905904999,0.055150592642868076,0.1330209159312536,0.0871133487938563,0.2240194886494751,0.5006956539825469
581,1,1,0.3935503469614825,0.18371116819628985,0.12746527644214872,0.10999482226970025,0.1852783861303787,0.46849451288979727,0.16608481613875478,0.13593989145031582,0.1312189219271538,0.09826185759397833,0.4617742486241527,0.15808280080686227,0.1311695665505844,0.13678658573867838,0.11218679827972232,0.34657010623180096,0.2574494875174599,0.030862253129141957,0.09287354085706832,0.2722446122645289,0.40479197185072974,0.18106721538765957,0.1287364686933738,0.11317843721831827,0.17222590684991862
537,2,2,0.17801533725200208,0.4111192593421185,0.1918830857990905,0.1361813320006492,0.08280098560613969,0.24869649064419694,0.3083121601280949,0.2022374648549369,0.18006473588196434,0.0606891484908069,0.24506309252106154,0.2836199551472749,0.2098504100378559,0.2062755968686827,0.055190945425124975,0.5388922970369076,0.34088231191505924,0.09944805112641032,0.011888448973226806,0.008888890948396056,0.1886175102608313,0.395698194460015,0.19343624265746745,0.14276384258284647,0.07948421003883976
583,2,1,0.2373026853279873,0.23682041247345684,0.23656817737626804,0.1639700869264863,0.12533863789580157,0.3180357593566904,0.2107329857466672,0.1807561478074066,0.17914106982692293,0.1113340372623128,0.3413275203123258,0.18329935247858284,0.16791837557548597,0.17430106765894085,0.13315368397466446,0.9599783354755768,0.01831824311287313,0.020484698691287655,0.0006419189438917254,0.0005768037763707059,0.24941264643229275,0.2329072984644384,0.2281963729409388,0.16624573436155177,0.12323794780077826
427,3,5,0.14423455008293565,0.16678374528131493,0.17316176560691537,0.238628085943512,0.277191853085322,0.14829596862671196,0.2298240082544427,0.16073157850828673,0.17955992518238414,0.2815885194281744,0.1281017479334527,0.22946733100876715,0.15973786675301246,0.17766143594445835,0.3050316183603093,0.0027969758892381607,0.007599160799202979,0.008981085452728549,0.00602668265126838,0.9745960952075619,0.1448437628645021,0.17623978472728408,0.17129723754212106,0.2297678618293428,0.2778513530367499
365,4,1,0.28568347716873077,0.2804767816172912,0.15939893344590317,0.1634192237156193,0.11102158405245542,0.4566908299023075,0.20448830223669065,0.14266592124763852,0.1367881505372087,0.05936679607615458,0.47048676887490676,0.17997442240200082,0.13820339472660723,0.14395999269763063,0.06737542129885461,0.8024542326279056,0.1810725351655185,0.0012865340358315153,0.015001640118717347,0.00018505805202703265,0.3113345800787673,0.26907850971020114,0.15688898161616346,0.1594245627388577,0.1032733658560103
214,2,5,0.09849291289149036,0.16696364850775325,0.2826237931322328,0.1930267488377462,0.25889289663077736,0.0794232701397825,0.2074050640511427,0.1791376226429268,0.19823092592151723,0.33580311724463074,0.10597063949114911,0.23427068690517494,0.20223950437430668,0.20544349545557383,0.25207567377379547,0.009789478162797636,0.06260873956977853,0.1737797630980829,0.31666185420649384,0.43716016496284704,0.09563246647873418,0.17302986083926167,0.2671008675588369,0.19380737540031184,0.27042942972285533
524,1,1,0.4351164720254792,0.1531042504702339,0.19084186079876067,0.0874584718757101,0.13347894482981623,0.3577629656214698,0.12614500231310233,0.14591028812179554,0.12324229010681555,0.2469394538368167,0.3751451661610216,0.15481722562396497,0.13267702609792723,0.15198657788303158,0.18537400423405462,0.9247933477448154,0.040697144287143376,0.006930341592848124,0.0022835465385993656,0.02529561983659361,0.4235134460648778,0.14906036324666416,0.1841021248972159,0.09282604461037591,0.1504980211808663
464,1,3,0.2115082138182301,0.21042527037265008,0.23426711941394732,0.17368601667709202,0.1701133797180804,0.17276375505145006,0.253632562231119,0.19022235263242046,0.16275800925070183,0.22062332083430858,0.17256175491988057,0.25040274643479843,0.18182283222940052,0.16791349528263888,0.22729917113328166,0.36593653392856734,0.024001523990607954,0.5351304407414187,0.03249017673823472,0.04244132460117125,0.2056965450032131,0.21690636415142042,0.22766040439671828,0.17204681556313348,0.17768987088551463
46,2,1,0.23023888974885448,0.20758170414516686,0.23125682914462123,0.18807533429550224,0.1428472426658552,0.2930181345132939,0.22348851609894269,0.18611574754453467,0.17792453705322883,0.11945306478999991,0.26915290045316376,0.25460545249396005,0.19198329075164997,0.17050541844987924,0.11375293785134699,0.34135733371988636,0.2395695011408068,0.15085601695620807,0.14159960625539314,0.12661754192770575,0.2396557764635204,0.20996772593823324,0.22448566690460822,0.1865527147091612,0.1393381159844769
240,2,3,0.15818277047257367,0.1337504662413003,0.3331683549010329,0.19262005236745386,0.18227835601763923,0.19245132814602608,0.166463031373865,0.20073276833374654,0.19051737518689585,0.2498354969594664,0.19537586320208208,0.2006491152542961,0.21958382272284968,0.20533385906297866,0.17905733975779348,0.10496284958032655,0.009112653956269368,0.21330821957551138,0.6411724923778591,0.03144378451003351,0.16332305412359152,0.13865735101118498,0.3133030169159399,0.19230465079037015,0.1924119271589133
461,1,5,0.10951936774890762,0.11232212270869482,0.18427781281944097,0.27219649327921597,0.32168420344374055,0.1137469630596601,0.1635967750745916,0.16474472433040632,0.20683159258685443,0.35107994494848743,0.13570673848687706,0.17811448591748613,0.1701100617659487,0.2049556953433814,0.3111130184863067,0.08338483886165994,0.07494278674000435,0.03618617520538537,0.5883193523755588,0.21716684681739165,0.11015350704552049,0.12001332056357933,0.1813478495460858,0.2623917581753617,0.32609356466945255
55,2,5,0.23026929364970797,0.18316825248246255,0.1857910799605341,0.15513769980304173,0.24563367410425352,0.1795740739912973,0.17602359650193608,0.14571542769397258,0.16725905204732006,0.3314278497654739,0.20810768211294664,0.19040797565966705,0.15017654809153738,0.16320121680448121,0.2881065773313677,0.2978137243323009,0.11076626097280666,0.02329808083926217,0.17780159385653502,0.39032033999909516,0.22266501070094635,0.18209655408538358,0.17977973212054987,0.15695590263968348,0.25850280045343654
346,3,4,0.18787381030487893,0.20803340153256417,0.21001642314421778,0.2364852316122521,0.15759113340608705,0.19494932941055884,0.17998979294093673,0.18123467241424265,0.18748342223931094,0.25634278299495084,0.22039811261939213,0.17841681687207553,0.17294225591630488,0.17899719475193784,0.24924561984028962,0.12338335938308116,0.4506899899085271,0.1531378087794613,0.16257995245684995,0.1102088894720804,0.1889351381707309,0.20382686024382005,0.20569916053472148,0.2291349602063109,0.17240388084441663
27,2,1,0.4923851372710377,0.19846910831805442,0.11135454459955166,0.10691855691927057,0.09087265289208568,0.5155256486663288,0.20734515544797452,0.11770058581531818,0.1026223651939417,0.056806244876436984,0.46529351595088003,0.20940055119008819,0.12334232511566855,0.12759998230391087,0.07436362543945234,0.9861396796512415,0.012222063365394909,0.0003978922048203136,0.0004532347953099529,0.0007871299832333391,0.49585621398033136,0.19980051538754243,0.11230645078191664,0.10627412816047124,0.08576269168973838
175,1,4,0.15406042985608984,0.17876966088585383,0.13952946981612818,0.3762079388648722,0.15143250057705596,0.09250243341159681,0.21480028868194692,0.18461490541164896,0.2549492953459668,0.2531330771488405,0.11586756369340212,0.2183890705787109,0.1891578952958447,0.19883509104499064,0.2777503793870516,0.02806725106356105,0.37758616921577504,0.03629776228085594,0.38373494156883964,0.17431387587096825,0.14482673038941588,0.18417425505526777,0.14629228515545628,0.35801914233703636,0.16668758706282363
412,4,5,0.05953311097470832,0.04080961719809918,0.11448537041561799,0.33786964474097025,0.44730225667060425,0.11017910478018027,0.08318335944510769,0.16283810530311088,0.2567860168890076,0.3870134135825936,0.17330704702158592,0.10759264363842942,0.17335549763700356,0.21208905618036566,0.3336557555226154,0.012670771627757881,0.0029643980066236613,0.005990485667095345,0.030908677691848227,0.9474656670066749,0.06713001004552911,0.047165678535150454,0.12173828064874193,0.32570710056317587,0.43825893020740264
595,3,2,0.10437133408893104,0.3316754995102977,0.22673903479643895,0.24553156834010748,0.09168256326422498,0.11095918697352457,0.34781696171628895,0.1952012524240002,0.20468924504774869,0.14133335383843768,0.11761203209606798,0.3151990711961461,0.184884113340679,0.2016250445403817,0.18067973882672517,0.25709587515172283,0.4379480911102468,0.09817524052437805,0.19048699482062062,0.016293798393031588,0.10535951202162007,0.33409671884119635,0.22200836744057315,0.23940521984625365,0.0991301818503569
470,1,3,0.2400199300925908,0.13898893375593127,0.316554212920603,0.1532987638834049,0.15113815934747005,0.25568728008254304,0.1342536816694691,0.20149876170413653,0.19770612735242357,0.21085414919142773,0.24518817875127877,0.13456328632187042,0.19452061637541665,0.21570581653321522,0.21002210201821891,0.23813001289779365,0.03397028148838771,0.1953183995021582,0.05881070500870068,0.4737706011029597,0.24237003259108364,0.13827864594296194,0.299295895238133,0.1599598684037577,0.16009555782406368
162,4,5,0.20302562176381703,0.14348402693057488,0.15189844897402735,0.25373836140450545,0.24785354092707523,0.2086808576602027,0.1874815347429868,0.16372172411343902,0.17527392877879225,0.2648419547045792,0.21304049986572027,0.19512487213364663,0.15445703401849095,0.17890958117312453,0.2584680128090176,0.4346241306954573,0.07080348554743153,0.09651430882768275,0.28275079135033565,0.11530728357909285,0.20387390714827486,0.15008365310243665,0.1536719402449391,0.24196869651064848,0.25040180299370085
348,5,5,0.05200033530049713,0.0774862097698076,0.1312437369722632,0.28935142372543127,0.44991829423200075,0.13770861050998445,0.17750507183208827,0.2296958711355311,0.15708789422818834,0.2980025522942078,0.18275389728536004,0.21059650786680306,0.22371075473663846,0.16066583185949637,0.22227300825170213,0.0006474476612234097,0.00705331955980503,0.568257921006226,0.015311541016100301,0.40872977075664535,0.06485657658192022,0.09248903907914971,0.14601155709675337,0.2695118943008448,0.4271309329413318
330,1,1,0.6714819769576593,0.07886230828248521,0.08372074347602171,0.08448144832048313,0.08145352296335072,0.5888691743762859,0.10023726367178147,0.10719804254372685,0.1388351905672958,0.06486032884091,0.5336226298650556,0.11831019390708768,0.11284866632416929,0.1467194124660671,0.08849909743762024,0.9946612675240153,0.0020152252042082877,0.00014871199996876637,0.0023309233705508096,0.000843871901256728,0.6590900565704533,0.08206855159087965,0.08724233833617748,0.09263450965750503,0.07896454384498461
85,2,5,0.2297361728517541,0.17319294762927182,0.17875076196086245,0.1884689519858718,0.2298511655722399,0.2243197050505947,0.1602263356169722,0.18376480566308726,0.18132807723581398,0.2503610764335318,0.2121605080202782,0.18062122217477142,0.16930426676607105,0.18441782851034086,0.2534961745285384,0.19574608204997931,0.05395578204237055,0.18755228097656915,0.39717227033839486,0.1655735845926862,0.2289237026815802,0.17124795582742686,0.17950286851619618,0.18739782077336312,0.23292765220143366
309,1,2,0.2384139893212118,0.2679686098199957,0.1625224256337635,0.21518923102654589,0.11590574419848305,0.17390043158858673,0.3241119700879047,0.19075410326756229,0.1987226218362245,0.11251087321972175,0.2015164476830792,0.2828740297139878,0.17736792743442423,0.20132976588750764,0.13691182928100112,0.8933032296156005,0.0212947529328578,0.010353928385572222,0.07401781112128086,0.0010302779446885533,0.22873695566131802,0.2763901138601821,0.16675717727883332,0.21271923964799766,0.11539651355166886
167,3,4,0.17139534354512392,0.1906508892297796,0.15228141368146322,0.3622681751657955,0.12340417837783785,0.18393363878330052,0.16021423194158954,0.1908565894417118,0.31403569627515043,0.15095984355824776,0.2293192130254692,0.18284697515535242,0.1924162811592798,0.24065844647521462,0.15475908418468395,0.1828087456663808,0.08646174378249405,0.10705882188297311,0.6148669277393954,0.008803760928756612,0.1732760878308504,0.18608539063655108,0.1580676900455005,0.35503330333219874,0.12753752815489933
545,3,4,0.12421770475622168,0.13331000112768293,0.1706694741058268,0.4402273459449838,0.13157547406528494,0.15402187665612968,0.14303461935925887,0.1853510095185784,0.3012791114635496,0.21631338300248348,0.1997343077952853,0.14409550125602433,0.17425730449623955,0.21327330091825994,0.2686395855341908,0.656633957928957,0.008449046214156255,0.20937106295521046,0.11775002855135122,0.007795904350325025,0.12868833054120787,0.13476869386241933,0.17287170441773955,0.4193851107727687,0.14428616040586473
453,1,1,0.3497262769172195,0.1749108063484911,0.21509356710272967,0.1531542022629576,0.10711514736860206,0.3922615147044806,0.12231396034337312,0.20144335304749353,0.1588036027001094,0.12517756920454323,0.3434197707842466,0.132313291119447,0.189174773369023,0.17286719344562798,0.1622249712816554,0.11596722581519794,0.0032990663167056402,0.833859874589205,0.038934367992540776,0.007939465286350825,0.35610656258530865,0.1670212794477234,0.21304603499444424,0.15400161232853035,0.10982451064399323
112,1,1,0.3850004894466214,0.21719188353940544,0.1460583494010457,0.1346824575899652,0.11706682002296227,0.44004892539813434,0.19678999790937857,0.12412633621741355,0.1606596683531859,0.07837507212188767,0.3986663586393353,0.20773303145390742,0.12950907604415807,0.1652111737707357,0.09888036009186359,0.9982486077814825,0.0008730287490353902,0.00013433021518167735,0.0004192688734810985,0.00032476438081902796,0.39325775483934833,0.2141316006949014,0.14276854742350087,0.1385790392044483,0.11126305783780108
18,4,3,0.1563833205939394,0.12250188316066357,0.36406444360539153,0.15885633661803983,0.1981940160219658,0.1692554330340141,0.14439684653716126,0.2414882874158899,0.21737448826655095,0.2274849447463838,0.18563586842333257,0.17205017656801502,0.20136262728270238,0.22532298779283066,0.21562833993311933,0.11421300061569212,0.09263425963092664,0.3637275030289419,0.03405180943011745,0.395373427294322,0.15831413745995057,0.1257861276671382,0.3456780201769663,0.16763405936531647,0.20258765533062847
389,5,5,0.21649283710090514,0.1719920087309109,0.13422498044711256,0.1697865684951905,0.3075036052258808,0.20514852387422708,0.14240356672605617,0.14485803605617267,0.1841478263088153,0.32344204703472884,0.24439668294354877,0.1328315259631686,0.16049650384568823,0.19695212121954328,0.2653231660280512,0.04381993574029159,0.08622930378095502,0.4760876812922007,0.07612349778768605,0.3177395813988666,0.21479119011690342,0.16755374243018267,0.13581993878847157,0.17194075716723423,0.309894371497208
379,1,2,0.2517781876021445,0.31933675867127254,0.1559236478089345,0.1294470670212787,0.14351433889636994,0.24639420583917593,0.2888902666722994,0.17099570927991825,0.1373872854702258,0.1563325327383807,0.2680051090253137,0.2135797823409936,0.15919949044020565,0.15378188307293658,0.20543373512055033,0.3321614365974365,0.3094905996714438,0.19303825670000183,0.045927316130886346,0.11938239090023137,0.2509705903376992,0.31476978487142654,0.15818445702958206,0.13063809978862076,0.14543706797267153
571,2,4,0.15807057132830693,0.13651823327394494,0.22219540040842886,0.2645138204383277,0.2187019745509914,0.16434298683459306,0.1409690974555098,0.18355441491640737,0.21749370063177467,0.293639800161715,0.2195877882218453,0.1348558226911363,0.18564549530935567,0.20199278102689486,0.2579181127507679,0.011466302962916348,0.045210157782109246,0.11993134117487324,0.12148686336261097,0.7019053347174903,0.15901143365424983,0.13718586290117965,0.21639925258462564,0.25746080246734476,0.22994264839259995
287,1,1,0.39905351846507914,0.2227347953596937,0.1392766569788182,0.1335544762551371,0.10538055294127191,0.48423574185053725,0.1676633226878066,0.13595140661543575,0.12041471511966075,0.09173481372655962,0.42746301828677097,0.1693495164677702,0.14494774877212024,0.14084659454746487,0.11739312192587374,0.99930527156097,0.00030457470511291006,2.340120317493095e-05,0.00012311357952724482,0.00024363895121497784,0.4118308519728978,0.21447407445891065,0.1387778694243108,0.13158351208481564,0.10333369205906506
218,4,2,0.1922390311508067,0.27048553243185414,0.17115461303901514,0.21063497173022092,0.15548585164810302,0.21351785394335243,0.30104156033422214,0.18854224434852754,0.2024644562967833,0.09443388507711459,0.27360759904920107,0.2707420729858609,0.18163934610212906,0.18138789301976135,0.09262308884304767,0.28474865145940326,0.05582440627231956,0.5102924749530834,0.08805923781902829,0.061075229496165596,0.19543085456968856,0.2750689366172093,0.173762757735442,0.20940939441520526,0.14632805666245477
363,3,2,0.22426053724823172,0.31151929554413005,0.11851948034218515,0.1317767189021752,0.21392396796327787,0.20812812365919128,0.3019903154588735,0.1498497589089628,0.1480633139576599,0.19196848801531244,0.25522489220616945,0.2544705371817622,0.16207702603755467,0.14918635067649608,0.17904119389801762,0.8096988542122994,0.10863470588938791,0.036971766254296455,0.026700992194985763,0.01799368144903049,0.22184067520987563,0.3100899485313416,0.12321902212720179,0.1342197081604979,0.21063064597108302
306,5,3,0.14394791558352524,0.11490556255324433,0.329464426961987,0.22715043545250474,0.18453165944873873,0.22213428110427744,0.1290425720826384,0.25950657012491357,0.1965488777473928,0.1927676989407778,0.22983869024257322,0.15634936092172538,0.23708928596275658,0.187875782450418,0.18884688042252684,0.06054934175004224,0.008058288059106663,0.3280122548239264,0.08321348206929431,0.5201666332976305,0.15567587041163805,0.11702611398265345,0.31897074843642603,0.22256020179673794,0.1857670653725446
245,5,1,0.2714336807221928,0.21182780796685746,0.21301539703373085,0.16480391062769786,0.138919203649521,0.27345661795185405,0.16692320065859745,0.16830783673345476,0.17973782636340926,0.21157451829268445,0.27483958899756006,0.17224667034422947,0.17230374947639568,0.177561133559585,0.20304885762222988,0.8746661615371331,0.006552750002090531,0.04235624428176863,0.06289142403025236,0.01353342014875522,0.271737121306642,0.20509211687061846,0.20630926298868943,0.16704399798805455,0.14981750084599552
163,5,5,0.047961877553518814,0.05999914271685797,0.10541976623613726,0.3696730881453191,0.4169461253481669,0.09109665554671414,0.17171376411396588,0.16151403261212205,0.15119966167467472,0.42447588605252323,0.13801885338572126,0.1826846732378984,0.16026905413906037,0.168972237379992,0.35005518185732787,0.0007867060707774006,0.010770602747962389,0.009194109961427934,0.09222494350057947,0.8870236377192529,0.05443209425249811,0.07675633592642415,0.11383390619253497,0.3369020741747224,0.41807558945382034
233,3,5,0.08302617990308044,0.07256459779184189,0.1739421601096356,0.1666885919527393,0.5037784702427027,0.035527397849912594,0.07993417704342354,0.13212303597656147,0.1775768868465578,0.5748385022835446,0.048304836566947985,0.10369504138328552,0.15128305650489068,0.1645998754059537,0.5321171901389222,0.003908805812000116,0.02618422614315024,0.1020795283750742,0.1123194910413002,0.7555079486284751,0.07590136259510526,0.07367003467957914,0.16766929148967447,0.1683218361868121,0.514437475048829
16,2,5,0.22885798817384057,0.16775219485078152,0.1434801405801377,0.14228949695164592,0.31762017944359416,0.2582758978312892,0.13663757904696547,0.14077447074592211,0.1660146962130839,0.29829735616273934,0.2600710748537729,0.13829998331782964,0.15575220872050885,0.16060602107221403,0.2852707120356746,0.1062017931053728,0.02644429674050708,0.010735743066287082,0.23297440588749543,0.6236437612003377,0.23327067462245785,0.1630850024802091,0.14307429010500536,0.1458482768408616,0.3147217559514659
405,2,2,0.18020880203615292,0.5001217066693724,0.13862701669745497,0.10013653482202281,0.08090593977499694,0.21198665976069342,0.3259947322005199,0.16748238289265213,0.21250124399560108,0.08203498115053358,0.21452976844851787,0.27232986666972675,0.17512532835105454,0.20451162432260492,0.1335034122080959,0.26840599265043824,0.39980813622534306,0.013062805704092201,0.3063586094219453,0.012364455998181272,0.184975480694834,0.47400266049904455,0.14295532162673455,0.11699124119805955,0.08107529598132743
72,4,5,0.1660673967061419,0.19312089855195705,0.27672813202393404,0.09842686667549368,0.2656567060424734,0.21930214197623377,0.14233600248323613,0.14903507027226318,0.11009701734011046,0.3792297679281565,0.15514323263098517,0.15836393391047665,0.15720216492757105,0.14720399892042055,0.38208666961054666,0.10388615600847594,0.14032977565038635,0.08825662326987498,0.04521669934308309,0.6223107457281797,0.17405260849665566,0.1855031641416489,0.2575741727611834,0.1001773892751862,0.28269266532532583
540,4,5,0.060112249091237836,0.03768079246209024,0.03709977988414721,0.0319179639669498,0.8331892145955749,0.13481953773896196,0.09489955057655486,0.11481314946008152,0.11392229402228309,0.5415454682021186,0.1879606093998629,0.12624027334701823,0.1337387923764025,0.15877886694289056,0.3932814579338258,0.003283290653855389,0.00018070489325693533,0.0004125743492726045,0.00017203005583623458,0.9959514000477787,0.07131834238839645,0.04626360617925993,0.04875678532053736,0.04421861347524979,0.7894426526365566
98,1,1,0.3903686997998993,0.19490987285711797,0.16058952188530437,0.1458367770630057,0.10829512839467259,0.4106028210741157,0.16114135946405453,0.15657573626735932,0.15468276085074598,0.11699732234372438,0.41573893800560185,0.17570897562875218,0.14715778561202306,0.16402277351422287,0.09737152723940001,0.33802216235863125,0.23107821313140814,0.21262102388608478,0.09180190303342373,0.1264766975904521,0.39340381799103175,0.18984459584815844,0.1599874540426126,0.14716367463116675,0.10960045748703036
521,4,4,0.1160862745484103,0.20691603466340847,0.1960078749816474,0.2892048480719841,0.19178496773454973,0.1515437468128198,0.19272617480643098,0.1817539345801956,0.18842880585315303,0.28554733794740067,0.1582999884018427,0.18199962131001268,0.17804190369788517,0.17069724730995897,0.31096123928030034,0.021085807848828894,0.1858684314601133,0.2109508657723896,0.14448876765132687,0.4376061272673414,0.12140489538807173,0.20478755568486182,0.19386978392142962,0.27408844173915947,0.20584932326647737
94,1,1,0.2477166391302496,0.25127600806045436,0.2218924150104184,0.1936115642439159,0.08550337355496186,0.3653713780323975,0.21533152487680254,0.18119995729121618,0.17918781919604884,0.05890932060353493,0.3615730396204966,0.20963115456839107,0.18569803390321202,0.16905690613324165,0.07404086577465868,0.636888115408804,0.24593759880840152,0.01574969607016726,0.09081642530368916,0.010608164408938196,0.26536484996557175,0.24588433558290657,0.21578854635253805,0.19144800248673585,0.08151426561224782
111,5,5,0.11699325351657577,0.13854119502624615,0.16595273228536883,0.12527725151915162,0.4532355676526576,0.1296036434193917,0.12008536321007511,0.19732410502502926,0.14762125900565334,0.40536562933985065,0.14507780465847245,0.13876414394020287,0.18865549294455775,0.16165843697786794,0.365844121478899,0.21229960729557695,0.01533928296528515,0.24168982952454243,0.45816899137125855,0.07250228884333694,0.11888481200199817,0.13577282025382048,0.1706584381963179,0.12862885264212687,0.44605507690573654
40,1,4,0.21573681314376159,0.1958571515952086,0.21232826322880113,0.22016680829512728,0.15591096373710145,0.20946521806775606,0.19494490729409633,0.19918686591455417,0.22304069660018977,0.17336231212340367,0.1876588566806677,0.19298188403400487,0.1934581418034468,0.18996521371197997,0.2359359037699007,0.37676298095694066,0.01332174658979317,0.4788542234012983,0.06540755001639353,0.06565349903557421,0.21479607388236074,0.19572031495004177,0.2103570536316641,0.22059789154088666,0.15852866599504678
559,4,2,0.1749901678659701,0.3510299576675529,0.22473222577371166,0.08250676929910927,0.16674087939365603,0.16474639762795684,0.27194082285623605,0.200915006421614,0.20206578838245334,0.16033198471173973,0.1750704192140272,0.23700516177097494,0.20181114847015016,0.21534873239378086,0.17076453815106682,0.036247738427717294,0.4080359717819099,0.10318222437122995,0.004691533133678737,0.44784253228546406,0.17345360233026813,0.33916658744585537,0.221159642870897,0.10044062216161087,0.1657795451913686
237,1,5,0.06269602174697562,0.12368788802362168,0.06442246045869217,0.3548527807635561,0.39434084900715444,0.07300399525037699,0.17950141162721345,0.14971441744758662,0.18804756960678778,0.4097326060680351,0.1000691035866198,0.23446440780379352,0.1901199815617821,0.21154184518880978,0.2638046618589949,0.0030174199677397654,0.006135215087542421,0.0009011087579429543,0.04525415846032507,0.9446920977264498,0.06424221777248583,0.13205991656416044,0.07721625400702634,0.32983199909004085,0.3966496125662865
370,5,5,0.06912191892085238,0.16916927056762188,0.10255983263332988,0.25715580372600744,0.4019931741521883,0.1184640367754664,0.22351012662700342,0.1596942002833426,0.18674711586515982,0.3115845204490278,0.15876009633115395,0.24108582619559452,0.1780144348742355,0.1804603024873331,0.241679340111683,0.005695167797105219,0.3271640654677518,0.02245294713666523,0.11034259946723879,0.534345220131239,0.07652323659904448,0.1773203989765291,0.11112998778083179,0.24659450054688029,0.38843187609671426
200,3,3,0.29900921170160955,0.1514569437202741,0.3758703589802942,0.0921811967513593,0.08148228884646268,0.33591702373540616,0.17510537776712157,0.21344517642086872,0.17392740105652482,0.10160502102007868,0.3031412510750023,0.20031913431946025,0.1763891554147251,0.19724442284022828,0.12290603635058406,0.4659889538987356,0.060773117179786056,0.40921796450915393,0.022146818631686143,0.041873145780638256,0.30454538350667903,0.1550042088273012,0.3515065815963804,0.10444312739713413,0.08450069867250506
437,1,3,0.12696720387710336,0.2098124891569666,0.36629032396337957,0.17373901086054194,0.12319097214200848,0.15351959651898975,0.23106897752858555,0.2192113096741762,0.2479174931087371,0.14828262316951143,0.17750563768798222,0.22776231072659373,0.18912436171126448,0.21765406350756863,0.187953626366591,0.030418176269597846,0.05900608757342651,0.8459365762408069,0.05036043270348895,0.014278727212679821,0.1309500627733863,0.21300096241270944,0.34422847181999905,0.18486578319777122,0.12695471979613393
446,1,1,0.2859155284428607,0.14559834767515356,0.2621100296527032,0.15943765161893883,0.14693844261034358,0.27308010115932,0.18343753936708282,0.1656201367207279,0.15813746944175092,0.21972475331111843,0.2562774926386434,0.19005496826857451,0.16833476952377294,0.16392237167612173,0.2214103978928873,0.4491797195786437,0.01979515349565742,0.14361858403822547,0.38155190724609395,0.005854635641379384,0.2839902143503296,0.15127422642894295,0.24763654571290689,0.15924262429236063,0.1578563892154598
95,2,1,0.423168349160499,0.16909223350656985,0.1537425986068127,0.13937040211687832,0.1146264166092401,0.4670106967130529,0.13457720371126528,0.15445700001760868,0.15061682008283647,0.09333827947523692,0.3667941011506352,0.15885931370233097,0.1719651888192351,0.16157754502010724,0.14080385130769138,0.9730858957081834,0.0022463703053940422,0.004744602869879161,0.017693605133704198,0.0022295259828393208,0.42974470129338205,0.16391497903727414,0.1538497588184321,0.14105736481177203,0.1114331960391396
127,4,4,0.1640774889814212,0.1954312520470777,0.10766086129417879,0.3712226399055915,0.16160775777173084,0.13798525319541521,0.30006876738996974,0.1793606337826208,0.1807719642083442,0.20181338142365005,0.16830988096090857,0.2481017994618099,0.1709980056840754,0.1730293738873605,0.23956094000584569,0.6968208812529351,0.0014747209764125982,0.0024681351266597857,0.20673491401034116,0.09250134863365156,0.1601636536135203,0.2111268793485115,0.11841582716744509,0.34265503855100443,0.16763860131951872
327,2,1,0.2813941164638189,0.23662761455165734,0.19577333175603412,0.16834361689097066,0.11786132033751903,0.4183075861950895,0.1883147958583399,0.1523105396197422,0.1627476018569061,0.07831947646992224,0.3490550142194275,0.2047462218852154,0.15784018988946794,0.17788708856750302,0.11047148543838613,0.9625157332627301,0.031762532369273774,0.0025959950521823637,0.0023720609944451335,0.0007536783213685177,0.3019311369235095,0.22938069174765974,0.18925391293559032,0.16750421463586096,0.11193004375737951
395,4,4,0.16795956916570032,0.21037031844257917,0.1393215194429077,0.24289684219186153,0.2394517507569513,0.14133089240692806,0.2241286936071596,0.1888684064286561,0.2538944057655563,0.19177760179169998,0.20143890883081905,0.22363483521883573,0.18910811272863656,0.2170072105413813,0.1688109326803274,0.26909237705356326,0.017599205767265733,0.605880068229192,0.0782284681559515,0.02919988079402764,0.16396526765188446,0.21243407471726622,0.14675355249076993,0.24454647672791574,0.2323006284121636
538,3,4,0.2257142323201244,0.23305898026765487,0.11168754946128544,0.2770299449118029,0.1525092930391324,0.3164387066246304,0.19098342031752327,0.15320389078695054,0.17142949124196102,0.16794449102893483,0.3444274921657433,0.1601548034708734,0.16021264643909647,0.14209633442685177,0.193108723497435,0.23305160386697513,0.18136886267543076,0.03521184230856285,0.5424908653016948,0.007876825847336467,0.23932290346580032,0.22674764627513513,0.11791500066013519,0.2611898768613266,0.15482457273760275
222,1,1,0.7515282074382132,0.052428163844677536,0.07130186970160389,0.0666218282746363,0.058119930740869116,0.6083922968652207,0.09476897018766643,0.12155309687348115,0.11147636669760197,0.06380926937602989,0.5169845072397524,0.1063553573794886,0.14057469904332345,0.14668781514776982,0.08939762118966577,0.9994360880354719,0.00011134664409107677,0.00016150703746160253,0.00012079955401814766,0.00017025872895700013,0.7300578208522643,0.05877928479612587,0.07883955377738548,0.07335000903808114,0.05897333153614323
572,2,1,0.49238580647404234,0.17902740880052256,0.11931349165231603,0.11733311124066698,0.09194018183245216,0.4900180489308113,0.16456353764047385,0.13500745356842095,0.11752839459885368,0.09288256526144018,0.429349958337055,0.1794480440621892,0.13995744473661734,0.13359551030688976,0.11764904255724871,0.9954987661084824,0.0003608864505452117,0.0021603640582943924,0.0010137747507784072,0.0009662086318996364,0.4920306428425577,0.17685782812651524,0.12166758593973176,0.11736240374439498,0.09208153934680037
544,1,3,0.14259952052456124,0.13228600558101478,0.4315796119054341,0.18640585204784485,0.10712900994114496,0.17270915651742227,0.20820909817668576,0.21004992844104442,0.24076118969780821,0.16827062716703925,0.1742663163886502,0.22191894478004645,0.1856860098832609,0.21803277579117428,0.2000959531568682,0.17358277024931534,0.0950364830786422,0.7189836098583019,0.008864143155689548,0.0035329936580510445,0.14711596592349038,0.1436744694703654,0.3983501593857756,0.19455915269533935,0.1163002525250291
550,1,3,0.20200958661917034,0.232061204320728,0.2896317671729575,0.14619277407687162,0.13010466781027247,0.2182562869651706,0.2590056251314703,0.19825875441090243,0.19582301021921822,0.12865632327323842,0.24367388267983578,0.22983354150752863,0.17975103640686338,0.18566094737643316,0.16108059202933916,0.4794347155541289,0.04003711479835793,0.3193825909810909,0.13130798750814127,0.02983759115828099,0.20444659167107038,0.23610286744233933,0.27592581525864923,0.1536373094982236,0.12988741612971735
184,3,2,0.2472229285894279,0.2798166985916791,0.11701956803800201,0.2482428937601241,0.107697911020767,0.1839079296453323,0.3066691550662768,0.19637369059259646,0.1912886696583941,0.12176055503740037,0.20634902938818164,0.3401137160966758,0.19621980859548158,0.16964672978894965,0.08767071613071138,0.06688975492271114,0.17579611735309436,0.5286568200029912,0.08531767007628097,0.1433396376449225,0.23772567874781358,0.28384456706286876,0.12892268642119117,0.2396997601448646,0.10980730762326202
190,5,5,0.007565780242926094,0.012422251234265685,0.021311278437993016,0.053609769764466776,0.9050909203203485,0.02826592784288705,0.0627453020849318,0.12578179038932044,0.12837378294783808,0.6548331967350226,0.05886668829873582,0.10211432152013226,0.14771337020161326,0.15469009472217346,0.5366155252573452,0.001502683298369139,0.005712445569935092,0.013846750406952995,0.004863512311940899,0.9740746084128018,0.010670802382920237,0.019970708861865603,0.036981855230692126,0.06482437174197248,0.8675522617825497
176,3,5,0.16155361871677879,0.12890285659954603,0.27747726319141625,0.13582356641030455,0.2962426950819544,0.11868824159010134,0.10856535375625526,0.15354037887606795,0.19682939714385353,0.422376628633722,0.1504381495284838,0.13983201345772267,0.15772512739376585,0.19590238032889293,0.3561023292911347,0.013064333082394177,0.025478879917692293,0.2517503282831561,0.5388275241344546,0.17087893458230285,0.15512381214777718,0.12585223117305241,0.258886730544114,0.14497444102033688,0.3151627851147195
407,1,2,0.24758573850695595,0.32287395520017614,0.1703238071411932,0.13626216360862,0.12295433554305475,0.2065572845262564,0.34898660322294767,0.14791345985175272,0.15480650894237158,0.1417361434566717,0.19182578326056998,0.35649920494952064,0.14125359413938862,0.17748352137928822,0.13293789627123265,0.7330282486353615,0.09260202290875898,0.013493904544068942,0.02910484663662609,0.13177097727518447,0.24143147040985102,0.32679085240359185,0.16696225504777712,0.13904381540868274,0.1257716067300973
186,5,4,0.15087492827780488,0.12197132323416379,0.20776006006697031,0.40989293709308283,0.10950075132797815,0.19409701539992041,0.2003343895936128,0.2183189961337768,0.3077005927540641,0.07954900611862589,0.2240693985552231,0.2204088866486246,0.20302654080716462,0.23504807739207223,0.11744709659691548,0.046301542006662685,0.11342658962624419,0.030192652462328644,0.5552247074734814,0.2548545084312831,0.1573582413461222,0.13372578318808115,0.2093439004769913,0.39456408544223,0.10500798954657531
285,1,1,0.4501583754491881,0.21863862968152567,0.14272319936546168,0.10242239657604324,0.08605739892778118,0.5365732430878496,0.14828578676089738,0.15670801733247428,0.11132735876007789,0.04710559405870094,0.45684956956778416,0.17714259373299504,0.16443109785658205,0.14453520182341947,0.057041537019219324,0.5655776174849644,0.008567832804975431,0.4158486241029999,0.006633544485954994,0.003372381121105387,0.4631206055949873,0.20808570324343142,0.14482092206051356,0.10375814090364843,0.08021462819741913
102,2,4,0.22240827009904912,0.15126819700189748,0.14436749407013016,0.30184976189191914,0.18010627693700407,0.2082539833198416,0.12625168514022053,0.18616768944151862,0.24511858279478868,0.23420805930363056,0.21904657134807062,0.15354155468196826,0.18791521536878789,0.2100585493022941,0.22943810929887912,0.2307600997749813,0.10089018581362669,0.025817269716573017,0.5828573786226604,0.0596750660721587,0.220285127082168,0.14751572022264592,0.15063752337583844,0.2933400850273496,0.18822154429199803
253,2,4,0.1296720685703205,0.2618965863272737,0.12874180185964487,0.33542182673057264,0.14426771651218828,0.1814359932409676,0.24726893621254545,0.17428495687501466,0.2084260719432399,0.1885840417282324,0.18176606520396718,0.26001754981105285,0.19611622981148072,0.1988976879159449,0.16320246725755438,0.09552660672531478,0.08694448882865488,0.6334973211185468,0.00863701158480461,0.17539457174267878,0.13743665727091756,0.25970243881006444,0.13557327511195033,0.3163724635124727,0.1509151652945949
362,2,2,0.09665700290655035,0.6475250446083439,0.10155446643825534,0.08759147128975982,0.06667201475709056,0.18196885753015168,0.4063619209310359,0.15427271587735367,0.13822309316584322,0.11917341249561546,0.2120882470208738,0.30405792213059607,0.1715665260105322,0.1567077165027064,0.15557958833529142,0.013671145897818985,0.9696756758296734,0.005103776493411245,0.003523059351033241,0.008026342428062966,0.10945378110009055,0.6113505760567477,0.10946220385412009,0.09518621457117232,0.07454722441786929
584,4,4,0.11873256376743986,0.16288381087966847,0.17419336997271487,0.33659601128360217,0.20759424409657465,0.24390796999555062,0.21067383942904575,0.1752450549497069,0.19145793985890758,0.17871519576678918,0.28311406426326274,0.19832601502045633,0.16522277555855358,0.17101623449487133,0.18232091066285605,0.5088869489741796,0.022177674267801022,0.044871174262965705,0.16674643358470806,0.2573177689103456,0.13750887470165646,0.17005231516207503,0.17435112271926367,0.31482530056989794,0.20326238684710682
316,1,2,0.21154259565895953,0.25207611641470823,0.15997934279414558,0.13100830412744774,0.24539364100473898,0.11352659009003734,0.28443452109767203,0.16859601100839625,0.18010599932114957,0.25333687848274494,0.14416979198624247,0.29168434287520345,0.17335433789064078,0.18649013621743063,0.20430139103048262,0.35828769641924596,0.03186773141560197,0.16699132928532964,0.42477549756324745,0.01807774531657487,0.1968401948236212,0.2569298771171528,0.16127184302628317,0.13837295840650302,0.2465851266264399
198,1,1,0.4389636605058097,0.16421955968021937,0.15731700377507135,0.10386408640083625,0.13563568963806344,0.40741799218453006,0.1670627123596283,0.14016168926446707,0.15899816492313704,0.12635944126823742,0.3770846646390263,0.1984650119431655,0.15942672122055643,0.15206638202023548,0.11295722017701626,0.9733579714245001,0.014258601816927353,0.002344670109390186,0.00030477144948274303,0.00973398519969951,0.43423181025761776,0.1646460325821307,0.15474370659848072,0.11213419817918135,0.13424425238258952
33,2,3,0.12317830629450276,0.1381410788334307,0.4414036659256494,0.18260585124588252,0.1146710977005347,0.16299107528045959,0.1689433602639152,0.3046576677838455,0.21632127098279152,0.14708662568898823,0.1912694553494119,0.16779445896548684,0.29320524356479516,0.2174365150510473,0.13029432706925884,0.04956502681427272,0.11468172637954815,0.6836053488008286,0.10231848883286584,0.04982940917248472,0.12915022164239628,0.14276142104800338,0.42089176620437885,0.18766316420641885,0.11953342689880272
197,4,5,0.045514417553153164,0.08495754427414905,0.09213646115152668,0.33772851238333873,0.43966306463783245,0.10123335226696407,0.17710952722937842,0.15524221498317986,0.15669979260605058,0.40971511291442697,0.11901808221959043,0.20383909857765528,0.16866203419699444,0.16741139966403185,0.3410693853417281,0.04816097249804844,0.18909043250760932,0.06211511692292309,0.09701033256816541,0.6036231455032538,0.05387225776022479,0.09878034171743345,0.10160232422627466,0.3105742044167455,0.4351708718793216
489,2,3,0.19636031672711043,0.23880196554592575,0.24735716324985987,0.19192738192227846,0.12555317255482532,0.19729805774361342,0.2544527478511798,0.21100201178894654,0.19791071254403877,0.13933647007222147,0.20780575300920145,0.254814849466202,0.21029648560373612,0.19780828392737612,0.1292746279934843,0.29726543131197897,0.0568841439180317,0.0643682035492785,0.5381176369779227,0.04336458424278807,0.19650097787958587,0.24114958289171384,0.24190389053072286,0.1928248815155425,0.12762066718243473
434,4,2,0.13443367485770524,0.28157699386833945,0.12833900814274193,0.2474697228884048,0.20818060024280863,0.14248051542056242,0.31963823604939523,0.16343660826285591,0.20778916516200518,0.16665547510518128,0.1352108838878804,0.3329127005658143,0.16275620670169968,0.19990832437713268,0.16921188446747285,0.36750918589462556,0.02745239576620629,0.012655728214416384,0.13507702853012568,0.4573056615946261,0.13564070094213382,0.2872861801954978,0.13360364816075904,0.24151763922944486,0.20195183147216453
292,3,1,0.3221902285958841,0.22186416755821692,0.12411031176816678,0.20560404375516275,0.1262312483225694,0.3568160047216055,0.16294097793880336,0.15219475940813942,0.19261341113146382,0.13543484679998788,0.32899776700750294,0.19096173800159966,0.1720607127811995,0.15880740235721483,0.14917237985248308,0.6907718070036047,0.10464630738068086,0.004452412337569352,0.18854397568103803,0.011585497597107147,0.3273840950147423,0.2130256891153049,0.12832297891416267,0.2036554488616079,0.12761178809418217
555,5,3,0.18932565637028434,0.11175515595179686,0.32317133581025737,0.14707623709137935,0.2286716147762821,0.21542914467644314,0.1829680805839955,0.19848931279842075,0.20866799870825056,0.19444546323289005,0.2615898917405141,0.21211194354067595,0.1950372831543539,0.18032720678408706,0.15093367478036906,0.5532034141119317,0.008667163764616678,0.0910699384652083,0.3285009336322653,0.01855855002597792,0.19324117961620815,0.12243709464662665,0.3044690323584819,0.15631500133391002,0.22353769204477325
182,4,3,0.12873341466370086,0.2056794285260689,0.27072706838296245,0.1777528200478343,0.2171072683794334,0.158409576961881,0.23635714009388353,0.20516760438631762,0.15250069464509908,0.24756498391281878,0.17975660310647582,0.2325208313843108,0.17764314742698772,0.16313509382760605,0.24694432425461957,0.0023793388702842456,0.17302326570199902,0.6925112793974167,0.13011814434512164,0.0019679716851783145,0.13318483900842787,0.2102810852612411,0.2608931487834657,0.173965001237424,0.2216759257094412
351,3,1,0.3171127329128765,0.2852778423897553,0.15678511121470146,0.11825798469355915,0.12256632878910768,0.44055626308596985,0.20812477991466685,0.14570676083849107,0.14236903278653665,0.0632431633743356,0.3627154806447112,0.2208350769480375,0.16364493826310159,0.15536825125708786,0.09743625288706186,0.8953971565843798,0.026083673685107507,0.008427999185518146,0.02009529365709534,0.04999587688789919,0.3356292624388405,0.27370488301849205,0.15512335865826987,0.12187464190750577,0.11366785397689187
157,1,1,0.6427090319752762,0.10607225550743683,0.0973939333804384,0.08956120006320574,0.06426357907364275,0.5820127730000961,0.0956258256403661,0.11117071909601463,0.14942796063998093,0.061762721623542106,0.5221955981826549,0.11367385330209374,0.11920899442584039,0.1573869020865921,0.08753465200281878,0.9989846720839034,0.00021847908783573477,0.0004242615725836366,0.00023273003944482707,0.00013985721623264573,0.6336045931289992,0.10450529102737621,0.09946045123777483,0.09854121414972201,0.06388845045612765
86,3,1,0.263793888008625,0.19305902138609737,0.12725383015647443,0.2552750537736873,0.16061820667511578,0.2372135409882231,0.23781561907491244,0.17205731320855924,0.15225398794418907,0.20065953878411613,0.24473794226708936,0.2395694220414387,0.15870033314966644,0.15187470586451415,0.20511759667729132,0.2720291429507498,0.15660824186512354,0.019076209422634324,0.023603802527423775,0.5286826032340685,0.2598068359555647,0.19977251103941962,0.13397435261428714,0.23982189389926256,0.16662440649146582
506,3,4,0.10447725212663077,0.2023516045243314,0.174790313297881,0.35238354916710857,0.16599728088404822,0.08927060349640908,0.2642785400719365,0.19528868673270194,0.2824048220575966,0.16875734764135586,0.0990004478104401,0.26970824267968585,0.2003152601128423,0.22422655070299422,0.2067494986940375,0.06765503637631777,0.09045879030194745,0.45279930604284546,0.3453284705733982,0.043758396705491205,0.1021962548320975,0.21164064485647216,0.17786506931310414,0.34188674010068176,0.16641129089764436
42,2,2,0.2560965468964737,0.30559009216999944,0.1818913010214598,0.16250441885359873,0.09391764105846835,0.25113453273751846,0.3810517545072618,0.1529933067787286,0.1474542104142289,0.0673661955622623,0.2779263050342556,0.33577191968301595,0.16671960174756542,0.14533452180176268,0.07424765173340037,0.1974850939925995,0.7856654528698457,0.0008242245465829402,0.015815448531246758,0.0002097800597250901,0.2553522447726304,0.3169093415205888,0.17755660188505012,0.16024688758769323,0.08993492423403744
352,4,3,0.19203460159265068,0.10796414789742759,0.2719730552445393,0.19951226055844568,0.2285159347069368,0.2083436894935936,0.11347359538912644,0.22993413357363948,0.1887229651861899,0.2595256163574506,0.23505501001811294,0.12450098781607301,0.20515739696843838,0.19885785292479674,0.2364287522725789,0.057270813937885995,0.00842956198171359,0.1937361781605973,0.012021816563675168,0.7285416293561279,0.19448096477779211,0.10879056502118242,0.26566721699390433,0.1978938662526073,0.23316738695451383
419,1,1,0.42747469134941674,0.14563104312774577,0.11675400217420703,0.13319364927565794,0.1769466140729724,0.4810760265050049,0.1313014814581368,0.1390614292251874,0.15352095087738912,0.0950401119342817,0.4593335724232382,0.1401495141382018,0.1379193126187365,0.1502023021028285,0.1123952987169949,0.9912415406454056,0.001008080698411308,0.004260663248061776,0.0018572989553448502,0.0016324164527762464,0.4355148916227549,0.14348160887730443,0.12010011623185408,0.1362427445159176,0.1646606387521688
68,4,1,0.3341284126450273,0.2578128697322375,0.1480167346458342,0.13259033695662334,0.12745164602027756,0.4305028968678119,0.18631483209321953,0.14379553155825134,0.13933516806824175,0.10005157141247557,0.36834981336164513,0.1995938095920787,0.16308137776247358,0.15330378988982304,0.11567120939397958,0.8164047807215357,0.029540040150689523,0.019657264705599163,0.028598071891892767,0.10579984253028289,0.348584585278445,0.2470881640863848,0.14738355418269677,0.1336020616233661,0.12334163482910726
188,3,1,0.25685421010509624,0.17819647474456468,0.2016634205378451,0.2162547027351622,0.1470311918773318,0.4379943020255388,0.14153402115214164,0.1588176951248683,0.15477262431535851,0.10688135738209283,0.3375978933286927,0.17685160398038047,0.16262952572947262,0.18318596172283433,0.13973501523861992,0.9394292787951214,0.0127860776920358,0.021885137153069185,0.0027894393293182995,0.023110067030455143,0.2840252238931626,0.17269710670570124,0.19523656172589857,0.20703239097219164,0.14100871670304593
332,1,1,0.43783127592318655,0.12587002568595557,0.09039770878158278,0.25689545306763667,0.08900553654163847,0.4934380743847051,0.11991119197790467,0.13653374718442035,0.16508539409428966,0.08503159235868012,0.4101608806559405,0.13760274175434808,0.17972899263873268,0.1718840569875504,0.10062332796342845,0.8779327413524118,0.003898039059284835,0.03055470805742038,0.06931062717852311,0.018303884352359676,0.44617229569241434,0.12497620062974793,0.09731811454200841,0.2431239442216346,0.08840944491419471
105,3,2,0.20185341474749668,0.3112006480196012,0.19580613770076843,0.15995362410624275,0.13118617542589092,0.20703856777879612,0.33872361967286907,0.15070970020019073,0.15619183082640709,0.14733628152173708,0.23809984685085842,0.2879565063903408,0.15303678212944788,0.15748702927031363,0.16341983535903928,0.4847404556112644,0.012247311698888605,0.44032371360309075,0.058417192766977835,0.0042713263197785385,0.2026311877021916,0.31532909376759133,0.1890416720756818,0.1593893551142674,0.13360869134026784
60,5,4,0.048509187628532166,0.07942719551106986,0.27772233147483333,0.401467929602243,0.1928733557833217,0.07109523668264742,0.16208792411798176,0.22178423881703066,0.3117786655358674,0.23325393484647272,0.09045118300734512,0.2077001400360278,0.19642260533307046,0.2578528431450204,0.24757322847853616,0.003215887800674176,0.001552632820708832,0.05972259095403237,0.9051884701728423,0.03032041825174234,0.051897094986649454,0.09182630480210664,0.2693316175761629,0.38801453999228663,0.19893044264279436
224,3,3,0.15883015844929818,0.23753063655055245,0.24006692982933187,0.19875768275326658,0.16481459241755086,0.16625839266361622,0.19911877055145222,0.19026132864590886,0.21188471802347839,0.2324767901155443,0.17963928466500256,0.20384327489588414,0.17060099954903196,0.19562211516881545,0.250294325721266,0.1048119445913795,0.035339679081419474,0.4892618621120665,0.29654865649005185,0.07403785772508256,0.1599443935814459,0.23176885665068742,0.2325960896518184,0.20072673804379834,0.17496392207224987
381,1,1,0.3598722411175298,0.1530797237317398,0.22235361330982065,0.13509030806697847,0.12960411377393122,0.38454189871214656,0.18459262951591057,0.16456684715788858,0.1392749549744303,0.12702366963962397,0.38175377587378406,0.18299323511417634,0.15462514388486462,0.15537964771981622,0.1252481974073588,0.9536797649488928,0.02105356472739843,0.007553375385693281,0.01399868334073893,0.0037146115972765325,0.3635726897567223,0.15780665959936543,0.21368559838703083,0.13571800510309623,0.12921704715378513
30,4,2,0.19077982865307774,0.3549654308967444,0.23523059968771737,0.1062421282346754,0.11278201252778493,0.2692279434391676,0.3203570627706625,0.16423939438948673,0.13319278253544206,0.11298281686524109,0.29220822634131605,0.2677614691091646,0.15790359697570608,0.16166705774920279,0.12045964982461037,0.20343001450750087,0.19804505894099564,0.029155564833251744,0.01383952695107496,0.5555298347671769,0.2025470458709912,0.3497741756778321,0.22458191889298276,0.1102847263797904,0.11281213317840334
69,1,1,0.24698808321529742,0.20431783392901662,0.27322352383705445,0.13945640212483626,0.1360141568937952,0.36181771108576216,0.18358103377502535,0.17560906117383215,0.1883690861081538,0.09062310785722653,0.3223694725942323,0.20246066354828177,0.1819063643099257,0.19065932656760168,0.10260417297995843,0.8037739142506168,0.14704752581274266,0.004678123470371615,0.036940016640764885,0.007560419825504022,0.2642125273958671,0.2012073139059179,0.2585813544375711,0.14679330472233387,0.1292054995383099
174,1,1,0.3988935326215721,0.21107019460559595,0.11644223227169151,0.13539338760659175,0.13820065289454878,0.3830433397271105,0.1901402476009031,0.12189345885052648,0.1404300788744783,0.16449287494698164,0.38748229739602835,0.21442877590224674,0.12661393190477144,0.15610440185665705,0.11537059294029643,0.9661995360115535,0.004515452223955047,0.024320220960549994,0.0015415001322146747,0.0034232906717266936,0.39651600368740286,0.20793070255489202,0.11725991625851676,0.13614889129677474,0.1421444862024137
271,1,1,0.7173637327534051,0.06656473343997012,0.07672420553839104,0.08033862887317017,0.05900869939506354,0.6145986576301959,0.08364629797218333,0.11835727621554222,0.12999684599391867,0.05340092218815984,0.5407275494578943,0.09544839567345602,0.13950188546622863,0.13900768484631065,0.08531448455611042,0.9976455639246816,0.0001614705539064113,0.0005928595844541401,0.0008430967790589491,0.0007570091578988912,0.7019489714849237,0.0691269681198021,0.08296916613996372,0.08778736144128244,0.058167532814027985
491,5,5,0.046574850419051496,0.03978897657393566,0.057709242585517545,0.13342248986427588,0.7225044405572194,0.10331018265578785,0.07737266380657619,0.11813627328644127,0.13356197116442295,0.5676189090867717,0.0999704079237812,0.0964335985961949,0.1398361967658157,0.14589983046557922,0.517859966248629,0.003914358013514542,0.0009423615244968935,0.005645568217134651,0.002749660356630076,0.9867480518882238,0.055085150254561954,0.04542652965883174,0.0667732971906561,0.13344341205929794,0.6992716108366522
159,2,1,0.25389196081089266,0.205881833530313,0.16540914501320567,0.2496790576663791,0.1251380029792096,0.345864940955881,0.24213460888193258,0.15965774669545596,0.2062653710997421,0.0460773323669883,0.3787486567625226,0.22549148954197187,0.1632068095619741,0.17616383250942058,0.056389211624110834,0.161696955845926,0.05039147650841407,0.00888326548414753,0.7577956535386969,0.021232648622815316,0.2676879078326409,0.21131974983305593,0.1645464352655432,0.24316700468138355,0.1132789023873764
574,1,1,0.3261202429661492,0.2478990208378948,0.1472880813909138,0.1488564413215186,0.1298362134835235,0.3412634905486282,0.21049426141067015,0.13666209540966115,0.1600225755118375,0.15155757711920317,0.35118332343347153,0.2024328425158224,0.14635116144631002,0.1648394291280495,0.1351932434763465,0.6527968922097322,0.05144735083095124,0.01468192797298092,0.009448234350493656,0.27162559463584196,0.3283917301035211,0.2422883069238111,0.14569418349372587,0.15053136145006643,0.13309441802887545
517,5,2,0.20133126225762837,0.2254992077872072,0.1955208655480985,0.19458395967420905,0.18306470473285683,0.13134132446444838,0.202331743900549,0.17025852562687474,0.20072443202624876,0.2953439739818791,0.12480094880841312,0.20944309873465802,0.17774720571825955,0.19206702446129373,0.29594172227737553,0.17913338985819266,0.15983566168592572,0.01814779638043118,0.18936561828123313,0.4535175337942174,0.19083277158865136,0.22202408820420846,0.19173151455991494,0.195505030527015,0.19990659512021017
121,1,2,0.10776439344292417,0.37277214059346053,0.22959254962381728,0.13372246337881427,0.1561484529609839,0.13751846627216627,0.22697327526950217,0.15445500819185368,0.1536396087751073,0.3274136414913705,0.16635480457586882,0.20342283252978047,0.14833428500902518,0.15490593108992945,0.3269821467953961,0.02060874691266875,0.5242322886468586,0.22329076473407344,0.22132850147853136,0.010539698227867846,0.11222750436731048,0.3509023107948668,0.21832191840902274,0.13671003518825822,0.18183823124054188
196,1,1,0.3663245859721843,0.14207330338194946,0.1469033416522043,0.22617765544858495,0.11852111354507701,0.40204435876009237,0.16644731533529702,0.1605221218417147,0.1900767736913037,0.08090943037159214,0.3423192473463252,0.2012478823128223,0.18739158969723813,0.17484836260628014,0.09419291803733422,0.9133394142022746,0.01160300225001587,0.004979943751801546,0.04091255484255092,0.029165084953357137,0.3716825518903705,0.1457294051749516,0.14894615868063088,0.22076252318499276,0.11287936106905427
462,3,5,0.057813453703451395,0.059814919344824274,0.154895791709557,0.1428993646082078,0.5845764706339596,0.13543639163727625,0.06975745934683823,0.14804526535173756,0.16007163602115493,0.4866892476429931,0.21423579438295148,0.0698454987077335,0.15612569765834491,0.16987347772150882,0.38991953152946124,0.16641708468448993,0.014074468219919449,0.0532060438832526,0.21117309814507462,0.5551293050672634,0.06945689439352512,0.061306300345126366,0.15386821275588408,0.14547520532014985,0.5698933871853146
8,1,1,0.33057941274755676,0.2717789305495466,0.1279818597818411,0.18917929688593832,0.08048050003511711,0.31863502247379805,0.23515187618979058,0.16273772536700443,0.1902652700901096,0.09321010587929734,0.3469552698107279,0.20013738010935125,0.18522969938691858,0.16889250926438992,0.09878514142861249,0.10826016523723686,0.4179413108801886,0.07978061445969807,0.2791492207998536,0.11486868862302296,0.3287877542064929,0.2662848723955832,0.13319523961961557,0.189342192866564,0.08238994091174415
335,2,4,0.13242255781047357,0.21225270247707595,0.23617502850873667,0.28353953360865075,0.13561017759506308,0.1739433481169165,0.25031742281636177,0.1682534984214966,0.19475307422571497,0.21273265641951014,0.196329103382177,0.22037506954440503,0.1514297858388763,0.16996428252683202,0.26190175870770965,0.00934422509899427,0.07108395792318667,0.2628167856216607,0.5338986498673155,0.12285638148884274,0.13865067635644002,0.21796241052796883,0.22598679899565066,0.2702215647012104,0.14717854941873015
505,4,5,0.14120586817303082,0.0914513981154829,0.1598482228998781,0.16462467051331484,0.4428698402982934,0.13469615294228335,0.11724119414711436,0.14766557345268919,0.13658002077181894,0.4638170586860942,0.10890769768592568,0.13854079063557043,0.14786049624688757,0.15719787018613202,0.4474931452454842,0.03709005587682188,0.008226231039893553,0.12090375446044518,0.1702436777137434,0.6635362809090959,0.1402294108884187,0.09531986752022763,0.15802082548279975,0.16041797305209043,0.44601192305646353
289,4,2,0.17375338819027286,0.2547822580985795,0.21432001953061927,0.18119055875822251,0.17595377542230575,0.20296498384487435,0.24218404516623604,0.17305682793373892,0.16441846429430212,0.2173756787608485,0.19322313795433763,0.2177794008484847,0.17238295947386736,0.18102606024035517,0.2355884414829551,0.024139733482346517,0.7522639928591999,0.06323139666677327,0.1474111843037584,0.012953692687921915,0.17813512753846308,0.252892526158728,0.20813054079108723,0.17867474458863444,0.18216706092308715
257,3,1,0.31133723606919894,0.1597564569699049,0.2008696110038093,0.2489699026390253,0.07906679331806155,0.4329054557457604,0.145682729367212,0.15445964611727298,0.2044980162710001,0.0624541524987545,0.45215814418555206,0.1469802791235692,0.1565940700907736,0.17832877081472645,0.06593873578537866,0.2714931756313861,0.021940698549849768,0.07422717649912339,0.6135057769815646,0.018833172338076288,0.32957246902068316,0.15764539782950096,0.19390811627082882,0.2422991196838215,0.07657489719516548
231,4,5,0.098220107192823,0.1535369050714445,0.20112200708919764,0.1616793695513902,0.38544161109514474,0.08591753395384978,0.15076642426435058,0.13980435434699398,0.10437615672979798,0.5191355307050077,0.1105984579284132,0.1592513522032888,0.13437199745955888,0.13519522446442747,0.4605829679443117,0.006025313507811982,0.010855944370090246,0.10170978776322193,0.004109923640500937,0.8772990307183749,0.09637472120697702,0.1531213329503804,0.1919243591778671,0.15308388762815137,0.4054956990366242
560,4,3,0.11284671311232101,0.13004518180718427,0.5305152747671217,0.11936809757710733,0.10722473273626577,0.17989124018921357,0.2268505074790799,0.3088606020515088,0.191456849392775,0.09294080088742278,0.19529163926130724,0.2401670026641952,0.2535743129019164,0.19423003503433844,0.11673701013824267,0.02817357867613202,0.18016768997953755,0.6355529512294025,0.014422181881979102,0.14168359823294888,0.1229033921738549,0.1445659806579686,0.4972670738597797,0.13018141034945746,0.10508214295893932
522,5,5,0.016333638077270042,0.0291135347540602,0.019237036965774015,0.05416689861731608,0.8811488915855797,0.05298824667209014,0.11432177202118148,0.10083752944617587,0.14373878213336835,0.5881136697271842,0.07182145429002497,0.11950137351317795,0.09894170141374424,0.1611123333999413,0.5486231373831115,0.009198992279223443,0.0005515443885517767,0.0005227082652506333,0.004532367328695585,0.9851943877382785,0.021831829366493055,0.04189477034412839,0.03147711083783429,0.06760268114472391,0.8371936083068203
593,5,1,0.3082461536587459,0.14481439049547737,0.13324731042626864,0.12957134379088892,0.28412080162861914,0.357371905239481,0.1170520680888778,0.13362837690142892,0.1281491042029165,0.26379854556729576,0.35272059677419154,0.11251255143505696,0.13788869957520203,0.1368291992216718,0.26004895299387765,0.31064167926773095,0.02937478705133366,0.12531140653808415,0.00643774595277851,0.5282343811900727,0.31561501639585615,0.14065004213448742,0.13330447039754267,0.12935800785269305,0.28107246321942064
337,3,4,0.0780468938049597,0.09920858979021589,0.18464689066443501,0.4886456829645512,0.14945194277583806,0.08867438415549328,0.15386771225333254,0.2000926020953141,0.2832527534770651,0.274112548018795,0.1539399021486835,0.15154954784957655,0.1879908872381085,0.19558418218740467,0.3109354805762268,0.03557335775233657,0.009218318424012165,0.1711439852662178,0.7698633804401637,0.014200958117269777,0.07964101735753974,0.10740745815968339,0.18696374737906687,0.4578367435414282,0.16815103356228162
533,4,2,0.09944819669124694,0.49840227995790953,0.21237611284932442,0.10928038183523199,0.08049302866628698,0.16554490210872166,0.37662132065324466,0.17968513776115755,0.19732894366922415,0.08081969580765208,0.19197741144816213,0.29739941879036214,0.18699757523769567,0.2136432502899873,0.10998234423379287,0.01547076136230233,0.9058067908386245,0.014567136070263427,0.017012565379821234,0.04714274634898851,0.10936270250386815,0.4801351360622098,0.20747246658609939,0.12248766611033082,0.08054202873749174
504,1,1,0.38316170798170807,0.19746568976741838,0.1410653708944145,0.1516873599024056,0.1266198714540534,0.3565137285966476,0.1993293091041716,0.15205097583777893,0.16626319337204237,0.12584279308935953,0.2878752009377945,0.22660091277567548,0.16421324559281067,0.1709207775784863,0.15038986311523303,0.9775413473041855,0.003396486658350513,0.001768368942782429,0.0014958688830750244,0.015797928211606437,0.379164511073949,0.19774523266793137,0.14271321163591916,0.1538737349228511,0.1265033096993493
248,5,4,0.11119556975861197,0.12891297022601098,0.10030721753913606,0.42035495389727207,0.23922928857896888,0.15142852480797994,0.16612784894339147,0.1706004683949327,0.2432500881029653,0.26859306975073055,0.19704828186887005,0.18099870974421842,0.18349384377808106,0.20135232626315835,0.23710683834567203,0.01609943641860884,0.035359466302240634,0.013372713733536419,0.573253957717388,0.3619144258282261,0.11723051301601717,0.13449520203361803,0.11085120516750555,0.39378922402812605,0.24363385575473312
492,1,2,0.21784204115045722,0.3435976430226264,0.1774702088135358,0.12704603063507183,0.13404407637830879,0.22473142439295826,0.32771166354124776,0.14581435423806113,0.15389454329939223,0.1478480145283407,0.27143511672513204,0.24057506382414803,0.14585182221745227,0.14474943630346998,0.19738856092979776,0.8295421133863616,0.01903722008928086,0.04508678164192666,0.011605779599789834,0.0947281052826412,0.21887544863683236,0.3412147461004196,0.1727218306272146,0.13107330753471988,0.13611466710081357
557,4,4,0.07501181193664257,0.17849136943726923,0.22453159332701494,0.35676920273627943,0.16519602256279378,0.11298344386736586,0.17665106800946337,0.22059074402656062,0.26434143205814414,0.22543331203846603,0.11779509190711242,0.1886411734407194,0.2193461028172795,0.20869411232517962,0.26552351950970904,0.040631235101699824,0.01814799551776013,0.42614907322939377,0.40141157253567816,0.11366012361546814,0.08070755672625106,0.17821532422309835,0.22394046593194677,0.34290503713455917,0.17423161598414463
152,3,4,0.15697412706101385,0.14629811743817034,0.22127932470250608,0.3087068146707915,0.1667416161275184,0.2213314874253498,0.21539129328801634,0.1990608765436095,0.16940744400462351,0.1948088987384009,0.28192354579926643,0.2063560084877042,0.18003702407268896,0.15851224686819126,0.17317117477214916,0.13216815699752765,0.019763471530853883,0.04757217159917883,0.7900929131201867,0.010403286752252999,0.16662773111566426,0.15666209381564722,0.2179465574786716,0.28781190907086623,0.17095170851915079
168,4,1,0.2949463894115219,0.2044857910300503,0.16933845524961755,0.17681728221269524,0.15441208209611504,0.2355645649046403,0.1858071432021021,0.17121945742247482,0.16036399949361016,0.24704483497717264,0.2582539560671417,0.1912500884660565,0.15878808646510964,0.15409174125209424,0.23761612774959798,0.7792508527142896,0.06398504620250432,0.01924908968416714,0.03706069462284951,0.10045431677618948,0.2860391157354897,0.20168399385585806,0.16962060557554612,0.17434928980483247,0.16830699502827368
1,1,2,0.23482812845470097,0.38160165680135033,0.14287478048095179,0.13548116293749723,0.10521427132549954,0.2172892512500458,0.33885681343152046,0.1535437374215798,0.1596924634766974,0.13061773442015648,0.24415764063484544,0.2521980362294079,0.1593677670228744,0.1713406705364863,0.17293588557638587,0.7570053346234143,0.10292643649834746,0.008686288306537008,0.13067019456734,0.0007117460043613062,0.2321972968740027,0.3751899302958759,0.144475124022046,0.13911285801837725,0.10902479078969808
90,5,2,0.1776958600974766,0.3970369603631528,0.14729040423094658,0.15517745247188686,0.12279932283653702,0.14010356260449866,0.37497945220618806,0.16605156035036883,0.15668723054404463,0.16217819429489988,0.1748008384186772,0.30512838910901025,0.16660790943223702,0.17758284119572298,0.1758800218443525,0.08413539099916385,0.89553286125609,0.004957257711427822,0.0032145745233783476,0.012159915509939927,0.1720570154735299,0.39372833413960806,0.15010457764885993,0.15540391918271051,0.12870615355529144
24,1,1,0.7645660789587493,0.05144925780119996,0.06564065588471052,0.07120197231240753,0.04714203504293263,0.6335676014634039,0.08151561055450651,0.11579160207509913,0.12479076966075402,0.04433441624623639,0.5495291657508131,0.1023359741679306,0.13472699529144266,0.14412068976734516,0.06928717502246845,0.9984089179574719,0.0003744169145494434,0.0001369883704664464,0.0009691784130429981,0.00011049834446912378,0.7449163073344474,0.05595921071419594,0.0731632978132688,0.0792402919146595,0.04672089222342819
282,2,1,0.3005967355481096,0.2135037758162341,0.14826010851400812,0.22904371495320996,0.10859566516843817,0.28461902093600105,0.20887848062935288,0.1545486841222804,0.2195918674549746,0.13236194685739097,0.25628441834491894,0.2483860901202498,0.15773551775589523,0.2139552435754604,0.12363873020347566,0.24416259224362233,0.5473745793567509,0.009275785092620413,0.1819440634035616,0.017242979903444568,0.2982000783562933,0.2128099815382019,0.14920339485524894,0.22762593782847465,0.11216060742178108
239,3,2,0.14004339253161005,0.3663092146097908,0.22428281940228575,0.19621934376535477,0.07314522969095875,0.18712002983269874,0.3094038560295269,0.21544491319175516,0.2284883829369252,0.05954281800909403,0.20189770806234356,0.28952649468196967,0.21922946593411344,0.23615178467206363,0.053194546649509705,0.011054324213197396,0.6044553673550652,0.3284418160562901,0.04426993187456409,0.011778560500883096,0.14710488812677336,0.3577734108227512,0.22295713347070617,0.20105969964109033,0.07110486793867904
261,2,4,0.1725941827477324,0.16313554969092073,0.25845980123603063,0.3265291211728325,0.07928134515248376,0.27312201398523545,0.17244118386103535,0.20153800853188222,0.2751563961117254,0.07774239751012157,0.3429226157075514,0.1735443199218869,0.18025892880250458,0.2183225834031557,0.08495155216490141,0.1793913348339799,0.024464552484955146,0.059173494412538684,0.6799572652595067,0.05701335300901955,0.18767335743335783,0.16453139481643791,0.24992153233040837,0.3188232124136664,0.07905050300612944
34,4,2,0.17852713642889645,0.24477068774185856,0.24100302522624512,0.19139258816419094,0.144306562438809,0.19841336635679033,0.2748748127611738,0.19410516381584728,0.20522929695427675,0.12737736011191192,0.18903065573193287,0.2766727170541951,0.18208935872623513,0.20439187955063762,0.14781538893699936,0.5213575520755339,0.06290994239442231,0.0930208732130168,0.19935958896943248,0.12335204334759442,0.18151007091808052,0.24928630649475586,0.23396834601468544,0.1934680944827038,0.14176718208977443
507,5,3,0.1954406512999697,0.21112550114690914,0.3213848012966749,0.1756062207029127,0.09644282555353349,0.13250100869159417,0.2757867900330726,0.22864454369013446,0.2260748591939178,0.13699279839128092,0.11892844392426094,0.261755710957346,0.22912789089852492,0.24319918586091482,0.14698876835895328,0.1800081056980807,0.20613765174674556,0.21475368638918305,0.09070811805579371,0.30839243811019706,0.18599970490871337,0.22082469447983366,0.3074737626556938,0.18317651647656347,0.1025253214791956
66,5,3,0.09291546108740589,0.1385319890584001,0.601691573376222,0.14246562012301048,0.024395356354961553,0.2074467853168291,0.2637096050163537,0.29760852543927396,0.191864011867662,0.03937107235988132,0.270688441319076,0.25363428501459256,0.2662392532834063,0.1671620001616705,0.04227602022125465,0.06702643739523378,0.4649016108581263,0.26626015442402173,0.18893967623341282,0.012872121089205324,0.11009515972181937,0.15730863145209315,0.5560791161856798,0.1498753788847082,0.026641713755699518
530,2,1,0.29757185319187507,0.25784394953333756,0.19487975958614087,0.1456197845960442,0.10408465309260224,0.2266109062425763,0.3064553947809157,0.20766328957307176,0.15513593640416504,0.1041344729992712,0.25049091326825756,0.24861577420316186,0.20474715202634416,0.16680853498728676,0.12933762551494965,0.3039378446875803,0.10117637096978441,0.03664626906951117,0.5298256232424693,0.028413892030654853,0.28692771114948024,0.2651356663204743,0.1967972890841805,0.14704720736726232,0.10409212607860259
238,2,2,0.274270216579374,0.30334507101888786,0.13820546174316028,0.18241462388240526,0.10176462677617265,0.3205513192740716,0.23371393834702126,0.17601842164366746,0.18188061285884496,0.08783570787639472,0.27370472008310165,0.24363633026205278,0.18608225033939751,0.19132356664750183,0.10525313266794621,0.9522777139050015,0.02550826504546971,0.005383918177321765,0.003963888798414574,0.012866214073792666,0.2812123819835786,0.2929004011181079,0.14387740572823635,0.1823345222288712,0.09967528894120596
410,3,4,0.20228290781012917,0.2487748437695561,0.13418714674855617,0.2681715542829157,0.14658354738884277,0.20971503821662954,0.30039734622764075,0.1801525373846933,0.20426503896689915,0.10547003920413721,0.1855090188359981,0.30723493589490375,0.1852914143054918,0.19302951699510776,0.12893511396849858,0.03005877784625298,0.19191711277190582,0.015725730373954607,0.6303512022475585,0.13194717676032808,0.20339772737110423,0.2565182191382688,0.14108195534397672,0.25858557698551327,0.14041652116113693
23,1,1,0.3159592881538345,0.2306304370027335,0.14180516742892002,0.13976412512656605,0.17184098228794592,0.22099185145153824,0.19626522080828865,0.1688722276386966,0.1720327167175727,0.2418379833839038,0.16478027560160421,0.2110659159851588,0.17695532889890023,0.18379245163017124,0.2634060278841655,0.4325334575101088,0.015867756837259463,0.03174667017774039,0.06507633464524822,0.45477578082964304,0.30171417264849004,0.22547565457356677,0.14586522646038652,0.14460441386521705,0.1823405324523396
374,4,5,0.06907556925973057,0.17419611948831407,0.25204154939690265,0.22611255083111584,0.2785742110239369,0.08892974476580319,0.17614477286263133,0.18278963174657847,0.2104276845485682,0.3417081660764188,0.11929141653751667,0.21313740776545573,0.19643653219372328,0.2127616953173748,0.25837294818592954,0.4222773036207714,0.0259933334996293,0.09506381786487325,0.04563685688449259,0.4110286881302335,0.07205369558564147,0.17448841749446165,0.24165376174935402,0.2237598208887337,0.2880443042818092
565,1,1,0.29623246671418857,0.21203087290461564,0.14080820854721549,0.21628416028465156,0.1346442915493288,0.2937321214539284,0.22054599807849273,0.16250212209597883,0.18443856945857914,0.13878118891302094,0.25439513044342915,0.22766552516363536,0.16257152320547108,0.18096736015512108,0.1744004610323433,0.8950594901498876,0.041393415356425906,0.026465796255009666,0.020420466185850628,0.01666083205282615,0.2958574149251495,0.2133081416806972,0.14406229557953,0.21150732166074068,0.13526482615388263
228,3,1,0.33708685805301053,0.24391207791719116,0.1613221007409144,0.10340632782748248,0.15427263546140135,0.3911161613663394,0.1635945036091864,0.15988363289001037,0.1494030890454486,0.1360026130890152,0.3263149412077178,0.14952181051932487,0.1591700815286051,0.17059267519376578,0.19440049155058645,0.9663689293962147,0.007055754158888561,0.005035682936919482,0.006604475444525661,0.014935158063451595,0.34519125355000985,0.23186444177099044,0.1611063305632788,0.11030584201017739,0.15153213210554342
314,5,1,0.2900015697873975,0.17825743839405522,0.17702066625771304,0.20835204362057144,0.14636828194026283,0.34297365508869654,0.1669342027102506,0.15607984911357345,0.1527316920233112,0.18128060106416818,0.2895236123230043,0.17688520097707638,0.15401662828991766,0.15266078165241045,0.2269137767575912,0.5922258264838307,0.11577541561501714,0.036422108494626494,0.16068845251688396,0.09488819688964174,0.29794738258259235,0.17655895304148453,0.1738795436860921,0.2000089908809824,0.15160512980884863
301,4,5,0.018873504032409023,0.013846519656399303,0.029269896182886376,0.3570140358644097,0.5809960442638956,0.04866378137620222,0.05731379810421725,0.1242289903286196,0.20705585700833448,0.5627375731826264,0.07286620126312382,0.09869939400636607,0.1469264940529774,0.183142105104143,0.4983658055733898,0.022000465459781283,0.07149017010419825,0.13616466823945422,0.3855752430624436,0.3847694531341226,0.023342045633978,0.020366611423571993,0.04351376030474636,0.3345203090359984,0.5782572736017052
62,4,3,0.23659103530214454,0.23811209721300605,0.2575587552730808,0.08928116947395374,0.17845694273781484,0.2908910817190875,0.21016863741715675,0.1738210831319333,0.09951973625371945,0.22559946147810298,0.29312577574182913,0.17970627900961725,0.15854527353336367,0.13055685666156272,0.2380658150536272,0.7617820788713582,0.11836794009877355,0.06044395009255321,0.018198034782268765,0.04120799615504625,0.24473604226468598,0.23392057824362864,0.24499810445190867,0.09081695449091859,0.18552832054885807
258,3,3,0.08043107430499062,0.14212274630739039,0.29462239370855714,0.24965690398180657,0.23316688169725533,0.132155387970546,0.16162870017733233,0.18046407131925782,0.1772385888821856,0.34851325165067815,0.17511814769065293,0.16379018301210457,0.15784793997525748,0.17287740167521304,0.33036632764677204,0.010393701283944927,0.12970243863778683,0.5197991064111646,0.06710844367258839,0.2729963099945153,0.08818972135482392,0.14504863938788168,0.2774986453501622,0.2387941567168634,0.25046883719026874
38,4,3,0.22194476029393065,0.18275283548815946,0.2299530826891736,0.1642942428831946,0.20105507864554167,0.19318815318039917,0.21800808643304806,0.17981764004837272,0.20868456876803865,0.2003015515701414,0.18254805130407525,0.2119741308125558,0.16999317414716497,0.22956859879273728,0.2059160449434667,0.052965887983403806,0.04106549005857869,0.5849042583613788,0.22338091851864728,0.09768344507799147,0.21763126922690093,0.18804112312989274,0.22243276629305347,0.1709527917659212,0.20094204958423162
558,1,3,0.21322383911891837,0.179581394791036,0.3018027245369179,0.13788299133846224,0.16750905021466542,0.2730625272811802,0.1968869722702311,0.16252624087703452,0.1569974011376431,0.21052685843391114,0.2791309321684418,0.1914549852725745,0.15685926598939734,0.17049035465914206,0.20206446191044436,0.874348439707683,0.013725020324060533,0.006152501206982512,0.0963306772670378,0.009443361494236035,0.22219964234325765,0.18217723141291525,0.2809112519879354,0.14075015280833936,0.17396172144755226
31,3,2,0.09984616903897707,0.506666410919693,0.15804360346438975,0.12608934807496008,0.1093544685019801,0.13106961839027031,0.30333856690588545,0.17363319698452603,0.14655189528107976,0.24540672243823836,0.1758870298244545,0.21931840508963438,0.18235338829162515,0.1830617048495188,0.23937947194476716,0.026215076943406083,0.12867883460845642,0.7621264368308878,0.01248382549857682,0.07049582611867282,0.10452968644167106,0.47616723431762187,0.1603820424924102,0.12915873015587803,0.12976230659241883
356,2,2,0.2976280827388882,0.3361233509046606,0.1526920726443385,0.13848732871076738,0.07506916500134535,0.402619606791715,0.27233442215753595,0.14882889180924405,0.14163985200986126,0.03457722723164367,0.3943654756697464,0.2500265025377077,0.14369134520265825,0.16897287744475098,0.04294379914513672,0.9520506230613618,0.01635757369160665,0.005395954929936613,0.02608509141215065,0.00011075690494430586,0.3133768113468122,0.3265550115925919,0.15211259551907433,0.13896020720563146,0.06899537433589009
580,2,2,0.13369663318072492,0.48098544380387975,0.1769613586196357,0.1023791524544078,0.10597741194135173,0.11757233598827109,0.39517969741942055,0.20800874709381775,0.14926513691151147,0.1299740825869791,0.14602623152302596,0.3075886197733663,0.20284748524236865,0.18281791807960754,0.16071974538163147,0.2773706003986528,0.2025437198973811,0.4975262222777103,0.011460965718264002,0.011098491707991704,0.13127798860185683,0.4681145818462109,0.181618466890763,0.10941205012297335,0.10957691253819583
433,3,5,0.012445088366639111,0.04039262594405436,0.038244756775626276,0.167361114334382,0.7415564145792982,0.0340009890792727,0.09501305484959262,0.13171246412517343,0.13930209818608405,0.5999713937598772,0.05205401013227606,0.12561348779456666,0.1665534091276552,0.15515945521469432,0.5006196377308078,0.010914185001795562,0.0004496324856830287,0.009318264800187555,0.031011003204320008,0.9483069145080139,0.015678473473534148,0.0485856902798851,0.052264912878058345,0.1631522619121373,0.720318661456385
104,4,4,0.18884910807711258,0.16214337698119216,0.12513329895250921,0.41032107526996814,0.11355314071921778,0.2868012565318807,0.2135727044253565,0.17181684092579297,0.2240548381642099,0.10375435995275988,0.24738656927800193,0.2435071090708714,0.1905677409515709,0.18749839418390127,0.13104018651565452,0.8940342013679125,0.06144277824912396,0.010858967003235138,0.029284053638226937,0.004379999741501563,0.2035419303453278,0.16985777609781683,0.13213583024850176,0.38238113970410437,0.1120833236042491
353,1,1,0.2842367380676731,0.27156289070453143,0.1043995862120028,0.2328964813098721,0.10690430370592056,0.3158364889679017,0.2997059859697841,0.12060005205270308,0.16416616174406437,0.09969131126554691,0.29423568755460644,0.2948343623392024,0.13139225234320753,0.15745552823253933,0.1220821695304442,0.2065017637218441,0.12712824745158333,0.15149264609012264,0.508188092530015,0.006689250206434932,0.28897670070270737,0.2757843549943193,0.10682965608810784,0.2225869333750009,0.10582235483986452
75,4,1,0.2885029624176887,0.14727251409512251,0.19833329193756252,0.20211106487857844,0.16378016667104794,0.3711251857545396,0.12591782046227987,0.17175068881403358,0.1709605839886387,0.16024572098050832,0.38254266110854496,0.13715697959940512,0.15218454103813825,0.1707183005004764,0.15739751775343525,0.606129525217907,0.009577574772205754,0.09485329640852272,0.036752335193796525,0.2526872684075681,0.3008962959182163,0.1440693100501961,0.19434590146903316,0.19743849274508748,0.16324999981746702
4,1,1,0.43656301553732024,0.17406838896288673,0.12827123527748777,0.16298524418969051,0.0981121160326148,0.4648740133930387,0.17651259311420017,0.14188445879209513,0.1488440690692952,0.06788486563137094,0.37889685529917694,0.19828482914124868,0.16208697262815386,0.15315800315199302,0.10757333977942746,0.7146489107985282,0.0034609635834477992,0.005727299735094368,0.2714444184377319,0.004718407445197693,0.440809665215678,0.17443501958558374,0.13031321880467886,0.16086406792163122,0.09357802847242822
350,3,5,0.12384941759163207,0.1054025682322884,0.14963551092040783,0.2920269295987632,0.3290855736569086,0.16569142647386031,0.13462684609666195,0.1877714790812585,0.27356075263048835,0.23834949571773092,0.2143381400156609,0.1719484568360409,0.19056505139676902,0.23027667677275812,0.1928716749787711,0.0345191724565907,0.006787068233882128,0.01109041111846384,0.3244162263777436,0.6231871218133198,0.1301257189239663,0.10978620991194443,0.15535590614453543,0.289257003053522,0.3154751619660319
135,1,1,0.35724773360918055,0.2683014402781,0.14157306175445755,0.1296956893732251,0.10318207498503687,0.3032019903724532,0.3351567440736767,0.1426044158634504,0.1470267357931382,0.07201011389728153,0.28646710994615177,0.3092869190778607,0.1441987456707289,0.17245002571868895,0.0875971995865697,0.7437925090917263,0.15545951825743298,0.0791021025894413,0.011038376572584187,0.010607493488815215,0.34914087212367145,0.2783297358474365,0.14172776487080646,0.13229534633621207,0.09850628082187357
585,2,1,0.32438913298931843,0.1346026312561286,0.2903960826667262,0.13271928111624187,0.11789287197158495,0.33164381095695955,0.19227453887827142,0.18857236834440652,0.1868590336044472,0.10065024821591533,0.31869666787814493,0.23493706444931525,0.1702867664823685,0.1864029096017311,0.0896765915884402,0.32963161715500644,0.044786587756273345,0.48864434305210735,0.09306497801691625,0.04387247401969658,0.3254773346844646,0.14325341739945002,0.27512252551837824,0.14084024398947267,0.1153064784082345
466,3,4,0.027601917738554412,0.0737363873919477,0.057158403770968945,0.4890370477475654,0.35246624335096355,0.04296516842225558,0.2027430049939091,0.16220513306675016,0.3218258327651108,0.27026086075197436,0.06673303054965818,0.25354139388222885,0.2103108037940016,0.2695681976449446,0.19984657412916676,0.016006491928837963,0.3157527416124733,0.19582060811888546,0.34780063753088575,0.12461952080891751,0.029906405341109586,0.0930873800322419,0.07291541316533612,0.4639553655001972,0.3401354359611152
10,4,4,0.095493430675914,0.11456220961065576,0.23983041309521788,0.4770527350657569,0.07306121155245558,0.12349447863865419,0.1769452043022841,0.22603335532119986,0.3879457924361967,0.08558116930166519,0.15644088216339505,0.2282822568956601,0.22363971174251698,0.2795749310796699,0.11206221811875804,0.0013610156548584996,0.0017096413234839922,0.005437380867523806,0.9912929377900284,0.00019902436410522753,0.09969358787032502,0.12391965881440001,0.23776085442911515,0.46368669367132287,0.07493920521483702
528,4,5,0.2000643118517858,0.207037343401665,0.15492347934177017,0.0523861272719702,0.3855887381328088,0.19722610945809915,0.18084436302684118,0.11678893821499475,0.1848372458470868,0.3203033434529781,0.23190987327651488,0.17741898414542415,0.12401033353039753,0.19410163466046293,0.2725591743872005,0.1443034184617694,0.2590389214084555,0.12323282935583209,0.12136111294068906,0.3520637178332539,0.19963858149273278,0.20310839634544142,0.14920329817275385,0.07225379505823769,0.3757959289308342
283,3,1,0.4050172394792124,0.13370427062336804,0.21395977456001636,0.1775905958773079,0.06972811946009527,0.3762168557124788,0.20066223346539536,0.17420430016918706,0.16788948631264702,0.08102712434029175,0.32425757470416566,0.2295866947398502,0.17307403284590014,0.17481566983718003,0.09826602787290388,0.854952516901261,0.006501981112838951,0.1268765571125374,0.01024178245168501,0.0014271624216777882,0.40069718191420234,0.14374796504967213,0.20799645340139197,0.17613542944260877,0.07142297019212474
430,2,4,0.10252974563311876,0.10799219345290043,0.12866097058716175,0.5350522260461521,0.12576486428066694,0.3376697592592887,0.12150155276040324,0.17856047413792533,0.22352242276841086,0.13874579107397184,0.36507219800551916,0.15523742701337354,0.19561779983599184,0.162844332580818,0.12122824256429743,0.020828986173567276,0.0006926674298372287,0.0016324219092271413,0.9729594424803353,0.0038864820070330665,0.13780074767704426,0.11001859734902585,0.1361458961197763,0.4883227555544909,0.12771200329966267
440,5,5,0.03511557631481447,0.05409333286893337,0.03935161825104909,0.1726219500988612,0.6988175224663419,0.10576455667202271,0.12465354960759857,0.12036306180154428,0.17357663460089512,0.4756421973179394,0.109360216855159,0.1724095721007265,0.14742372455358196,0.1807918033933141,0.3900146830972185,0.021930026652026445,0.0024851748412399103,0.0034999218797351008,0.19862260525351721,0.7734622713734813,0.045712923368395705,0.06467736537973315,0.05150333478362337,0.17276515277416626,0.6653412236940816
202,5,3,0.1296724332238374,0.0970342615420992,0.4081820357543193,0.20615547565556466,0.15895579382417968,0.16235530137988566,0.16267763562375118,0.2148676206897949,0.205786835519161,0.25431260678740714,0.20593614706862898,0.16870100135086497,0.19710827873561687,0.20556986598629698,0.22268470685859218,0.0022164662674971883,0.0022183257798634544,0.11141265591910288,0.1996051435577828,0.6845474084757537,0.13457486344724465,0.106880767654347,0.3791848734946406,0.2061001796351041,0.17325931576866377
49,1,1,0.3131834423293054,0.20995471126756224,0.17097477566125974,0.17441620417179635,0.13147086657007626,0.22558523260191513,0.23678622024394488,0.17092176814579682,0.17520161410068366,0.19150516490765948,0.247114539748336,0.21676090183359872,0.16195134093809868,0.17208190319315206,0.20209131428681448,0.949218429660107,0.0023628968806088477,0.003264687790894603,0.03674571429261873,0.008408271375771005,0.3000437108701968,0.21397943761401964,0.1709668245339403,0.17453401566112944,0.14047601132071375
490,1,2,0.16304620174818044,0.2512989265267284,0.2075216918146467,0.24984658637423732,0.1282865935362072,0.1951665894367894,0.28704109639170644,0.1854764986001606,0.21012653939103923,0.12218927618030435,0.2638585883424823,0.24587284025899228,0.17220750094043238,0.19287950231656456,0.1251815681415284,0.1413974379053608,0.8249580992587822,0.009952140285358348,0.019948970624876838,0.003743351925621848,0.16786425990147177,0.25666025200647513,0.20421491283247378,0.2438885793267576,0.12737199593282178
393,1,1,0.3620360788109078,0.2442868818764214,0.1598705853510711,0.1352669464670594,0.09853950749454028,0.4121531252537914,0.22379709088124247,0.13649895583216023,0.11385421225122812,0.11369661578157779,0.3652202228424873,0.21261455184379385,0.1399776725022098,0.134305952314247,0.14788160049726204,0.947249928870056,0.002243950521429654,0.031159235806082392,0.019141424216020612,0.0002054605864113803,0.36955363577734035,0.24121341322714457,0.15636484092323447,0.13205503633468468,0.1008130737375959
516,5,2,0.23050192558538257,0.270222021497461,0.2509759605477658,0.15880664853127935,0.08949344383811138,0.1975554913966794,0.32608835387336815,0.19454506988091005,0.19294648037600526,0.08886460447303712,0.21696755838785498,0.2648131944753168,0.19445043636290074,0.19583935425962243,0.12792945651430507,0.22919613914150846,0.1274107076820164,0.013372548800658373,0.6223909811532796,0.007629623222537191,0.2255599604570771,0.27860197135384707,0.2425113269477374,0.1639276233079882,0.08939911793335024
250,2,2,0.11918653088586101,0.34964899713497877,0.26981289841929457,0.1656791501142457,0.09567242344561992,0.13644956867707667,0.29214599392252144,0.2329101933942189,0.222223437387159,0.116270806619024,0.14664719823076078,0.2579726263144227,0.2355817902443207,0.22415944439534816,0.13563894081514763,0.03101427775687006,0.6302123306951909,0.24996367780466924,0.04023299791845032,0.04857671582481964,0.12177598655454336,0.34102354665311013,0.26427749266553324,0.17416079320518268,0.09876218092163053
392,5,3,0.08349933943552895,0.1641538156596666,0.34301676227382477,0.1836532561778116,0.22567682645316803,0.05429127500603966,0.20563208837023142,0.2030438203078564,0.2074230899234516,0.329609726392421,0.06929241595363032,0.2264157263471822,0.18778883184315767,0.20313166057105045,0.3133713652849794,0.001955616346570103,0.009360852549767974,0.0510362371540385,0.8207301997537673,0.11691709419585626,0.07911812977110555,0.1703755565662513,0.3220208209789295,0.1872187312396576,0.24126676144405595
206,3,5,0.14989201636105468,0.12426528248134754,0.20435730357961787,0.1318187650421731,0.38966663253580686,0.11827626715421048,0.13349829761010087,0.15238369374086658,0.13861396583755162,0.45722777565727046,0.13934983312987426,0.1425767083414207,0.14378272594384828,0.1436008832293908,0.430689849355466,0.047130457974306816,0.6018912004852296,0.21073344193775803,0.02709351086112525,0.11315138874158029,0.14514965398002805,0.12565023475066053,0.19656126210380517,0.13283804516147987,0.39980080400402634
483,1,2,0.23556236413280032,0.2793194402163153,0.15320530838541319,0.10931429263398944,0.22259859463148177,0.24150646342983195,0.2813173161288891,0.14792213343711638,0.18601991758776784,0.14323416941639466,0.23206472046619456,0.25689279611758825,0.15774863953610488,0.19353271795976848,0.15976112592034378,0.0639189843241872,0.11648764541534523,0.013203475982657465,0.16316193565758402,0.6432279586202261,0.23645397902735507,0.27961912160320135,0.15241283214316864,0.1208201363770562,0.2106939308492187
508,3,3,0.24005186822999292,0.1710616468357247,0.31608389599477055,0.1502822844571265,0.1225203044823854,0.22017272869212237,0.1720307185566414,0.22931888353013663,0.2328163186723481,0.1456613505487516,0.2039631349575707,0.17753398028190873,0.21528536886251023,0.24132145872009395,0.16189605717791633,0.6690700308114945,0.06454538280766109,0.13401973297788483,0.05632782454921133,0.07603702885374847,0.23706999729931233,0.1712070075938622,0.30306914412507546,0.16266238958940973,0.12599146139234033
216,5,5,0.030257062531094718,0.044899629173721034,0.07882681988279551,0.17566904582546,0.6703474425869288,0.05389607938437831,0.0932833738387467,0.13609597210782687,0.19876529799906703,0.5179592766699811,0.07680100901148461,0.13928059322960037,0.1721895571605386,0.19127014007522347,0.420458700523153,0.003567722777042772,0.0012984336280581223,0.003345875436156788,0.030059516855886835,0.9617284513028554,0.03380291505908726,0.05215719087347488,0.08741719271655021,0.17913348365150106,0.6474892176993867
474,2,3,0.11692158600856703,0.15774851974948562,0.3306857320643474,0.23888624025514027,0.1557579219224597,0.10794790369872116,0.2165317136463293,0.22763841590620595,0.24878093485804198,0.1991010318907016,0.15601578714139183,0.23416720615949496,0.20438430997147183,0.2343013145817021,0.1711313821459393,0.29348036372886205,0.037917042058209255,0.1121013235530175,0.089869594365469,0.46663167629444213,0.11557553366209014,0.16656599883401216,0.3152286346406262,0.24037044444557554,0.162259388417696
118,3,2,0.20557431038132537,0.2843595153789408,0.14050857534030747,0.188310316709478,0.18124728218994834,0.12647177611403512,0.2705649101693494,0.16314175278098897,0.17680170994271807,0.2630198509929085,0.143729229594066,0.2349581042419487,0.17505197187340318,0.16961336913457178,0.27664732515601026,0.25947000009344406,0.311666735826452,0.2284799066237588,0.16858096247617604,0.031802394980169325,0.1937089302412318,0.2822903245975021,0.1439035519564097,0.18658402569446403,0.19351316751039235
50,5,5,0.11540695007143172,0.1604412929025252,0.2878205456518986,0.15152615771830483,0.28480505365583975,0.1579979376295905,0.13106883621638285,0.19076032834867315,0.180046510172459,0.34012638763289454,0.18510596916113342,0.15358264843134814,0.16180314166122867,0.2121030655350076,0.2874051752112821,0.014736656979523756,0.017006560606682132,0.24026627499487085,0.7151664142914226,0.01282409312750076,0.12179559820515554,0.15603542439960386,0.2732615130564148,0.15580421058642796,0.293103253752398
180,3,2,0.20815069865066657,0.3744217344942935,0.19177392459903592,0.08148082295193611,0.1441728193040679,0.1911156134936034,0.3680515864607076,0.17489548060498114,0.11641741169021941,0.14951990775048846,0.2300488186449969,0.3178594889093406,0.1727294874508102,0.14798020414943427,0.13138200084541796,0.15015149528721883,0.31279966118160274,0.11739008235561399,0.03145303720839256,0.3882057239671718,0.20559543587710707,0.37346621228925564,0.1892421579999277,0.0867213112626786,0.14497488257103097
100,3,1,0.3081693964374667,0.2038681802311221,0.1918903736899643,0.17102524556365578,0.12504680407779123,0.43612775654057145,0.14310290279232527,0.1493322814987187,0.1724146262578308,0.09902243291055389,0.401675773242589,0.16362293805701852,0.15192614314798614,0.1799909831391386,0.10278416241326771,0.08299594913309864,0.035505409370148386,0.7105983370556982,0.0427871460321841,0.1281131584088707,0.3273631504529324,0.1947533886153026,0.18550665986127748,0.17123365266778204,0.12114314840270562
279,4,2,0.23958224285922824,0.31140237347502425,0.15880790964072689,0.13507465669221771,0.15513281733280282,0.242628848374006,0.2729219057305958,0.1511348495174171,0.174022923131828,0.15929147324615303,0.2652160894713684,0.24152077850834294,0.15513270311465363,0.1655880708757688,0.17254235802986626,0.18271693120206095,0.650212339160877,0.005097490348814123,0.15411181431680743,0.00786142497144051,0.2400392336864449,0.30563030331336,0.15765695062223042,0.14091689665815926,0.15575661571980537
213,1,1,0.37323977273285863,0.16703170917074617,0.1992721576565888,0.13213999036298466,0.12831637007682156,0.466466856180704,0.13005574825147512,0.14767852113319999,0.1392437350635246,0.11655513937109628,0.44031102061600974,0.125587250910059,0.15010510688450374,0.14744555321883696,0.13655106837059058,0.9775194975502259,0.0005669935486651247,0.004149458754590106,0.003264791186187234,0.014499258960331635,0.3872238352500354,0.1614853150328555,0.19153311217808044,0.13320555206806564,0.12655218547096275
264,2,1,0.2528857734810482,0.23186080153849598,0.1588555938953982,0.18073548944954007,0.1756623416355176,0.3485255165300249,0.20115263441132333,0.132413656815491,0.14190240713763347,0.17600578510552733,0.3499973369921309,0.18936876117772863,0.13405955428806327,0.15714909660985119,0.16942525093222605,0.5957558435809933,0.01457556119259398,0.007666444486538589,0.08449531720974864,0.2975068335301254,0.2672317349383947,0.22725457646942007,0.1548893033334121,0.17491052710275407,0.17571385815601906
478,3,2,0.24745443905748196,0.2463577085947995,0.11924991580207718,0.18813456391035305,0.19880337263528847,0.19666550559444831,0.21002220135057334,0.16747800264594134,0.15956229240898334,0.2662719980000537,0.1581935327324797,0.23265327815598635,0.1983996629170641,0.17736479288145646,0.23338873331301344,0.42226676328953267,0.19362672091806052,0.04780898072484444,0.016604842371342854,0.3196926926962194,0.2398360990380269,0.24090738250816557,0.1264841288286568,0.18384872318514758,0.20892366644000324
32,2,2,0.15845623255326927,0.26150761374516585,0.11275919470954997,0.22121871304223584,0.2460582459497791,0.2683222074724844,0.25004892695910796,0.1163562205750604,0.1742127164960361,0.1910599284973112,0.2969566993129687,0.21200298180313118,0.1350799074045491,0.1724284097409213,0.1835320017384298,0.5630390104278016,0.3732593645292545,0.013676722223849998,0.007260857191430435,0.04276404562766346,0.17493612879115156,0.2597888107272572,0.11329874858937652,0.21416781356030587,0.2378084983319089
458,5,5,0.06541594041700703,0.08230139954447002,0.10046381533781262,0.25669097613504754,0.4951278685656627,0.05650830265406979,0.1270871940942874,0.15278739152617937,0.23922916116946977,0.4243879505559936,0.06461716690343701,0.1470344393899576,0.1526747524034409,0.19484064035051896,0.44083300095264555,0.01153155402309089,0.017300125927869916,0.11312668876725791,0.5405537236986658,0.3174879075831155,0.06407979475256645,0.08901926872694263,0.10831235176606763,0.2540717038902109,0.48451688086421235
501,1,3,0.24351608662656335,0.14856679508514484,0.30981108782228395,0.18213323327446113,0.1159727971915469,0.3638991492564922,0.17207581429573623,0.17851730949522024,0.17604569632771946,0.1094620306248319,0.3466751949784556,0.18447938636526842,0.1784712138365491,0.17581708435095136,0.11455712046877535,0.33787114472566426,0.009218682093843075,0.4386972018289695,0.20887296427549013,0.005340007076032934,0.26157354602105265,0.15209314796673354,0.29011702107322435,0.18122010273244987,0.11499618220653965
312,1,1,0.3114810994072609,0.262467631096553,0.1321254146331394,0.1429399112079863,0.1509859436550605,0.3168600027701588,0.18846108115246576,0.12772478886198882,0.1011926552200681,0.26576147199531847,0.325698949114324,0.19530655763076488,0.13695453289109896,0.1255750369096074,0.21646492345420473,0.5884337830906106,0.06407186151416645,0.07568383161556301,0.010356267761316785,0.2614542560183431,0.31228793491169554,0.2513666486049399,0.1314653207674668,0.13667782280979857,0.16820227290609918
91,1,1,0.6604090888255565,0.08672118767174007,0.08922571991239112,0.0885980289390721,0.07504597465124022,0.6368426156786607,0.0921794906198991,0.11032182136975767,0.0911141294745403,0.06954194285714219,0.5855561644283401,0.11219334599233115,0.1174263749848926,0.11909205367497415,0.065732060919462,0.9993370099822043,0.00019369771926124664,7.917430955109813e-05,0.00019871548941967243,0.00019140249956361326,0.656874117853522,0.08753993311396392,0.0923901351309961,0.08897544401939232,0.0742203698821255
476,3,3,0.1365208589581939,0.22212633386711736,0.25254276377278934,0.2577684332622749,0.1310416101396244,0.2742755042623018,0.2107364398021406,0.19837295604221927,0.16668474217684862,0.14993035771648966,0.2579376550499855,0.20552979920516634,0.18904786409700772,0.15908388758599243,0.18840079406184798,0.37204794073733966,0.0965011604563266,0.18749198328343836,0.2879889228545111,0.055969992668384295,0.1571840557538101,0.22041784975737083,0.24441729261320383,0.24410587959946092,0.1338749222761542
9,3,2,0.1413223734867043,0.4319549301655495,0.1963246291693297,0.15525927115527458,0.07513879602314204,0.1809514069597893,0.39417097182990135,0.17957147494746364,0.18258721785203758,0.06271892841080817,0.16296544311727051,0.3851730161330895,0.18773448710750332,0.19569411043181684,0.06843294321031983,0.12560327527423282,0.10723635651181085,0.4868499938107966,0.09569052938082137,0.1846198450223384,0.14726672850766703,0.4262873364152022,0.19381165603604977,0.15935846315978902,0.07327581588129195
280,2,3,0.04755520946001371,0.2506814788893361,0.40488003472765594,0.13689493440783806,0.15998834251515628,0.07438674252062538,0.3154098225155919,0.20591460174163143,0.18342938155202404,0.22085945167012724,0.12163954654312792,0.2754949127731728,0.20012226259819643,0.20638469489866074,0.19635858318684218,0.05739534030859634,0.08643373043944884,0.07185447649451794,0.7481863349293725,0.03613011782806438,0.05157993941910546,0.2603907304332745,0.37503521977975224,0.14387510147946597,0.16911900888840192
429,5,1,0.2728874038344772,0.11692729783881001,0.1624853845888065,0.22644773421239464,0.22125217952551166,0.24964360477412564,0.1306437584319374,0.18297774500291775,0.20836793377289717,0.22836695801812204,0.30460847022601895,0.13487358253333184,0.18490323760701047,0.18436398416580202,0.1912507254678368,0.44105443871544714,0.019022313782329773,0.035215727763701354,0.34414149392020194,0.16056602581831977,0.26940083397542447,0.11898476692777912,0.16555923865092317,0.22373576414647,0.22231939629940323
455,1,5,0.17832382513341555,0.14757460142435383,0.1902551814743972,0.2122651389111152,0.2715812530567182,0.19741725964328002,0.1416247346132374,0.16544325033086343,0.1686011252148393,0.3269136301977799,0.23211785689721634,0.16473434102969878,0.16331040761293078,0.17180709085045595,0.2680303036096981,0.021834452462891746,0.010403829754863073,0.2739313192596164,0.5265069571699545,0.1673234413526742,0.1811878403098952,0.14668212140268638,0.18653339180286713,0.20571553685667382,0.2798811096278775
77,5,3,0.05072325648381041,0.21946871417630603,0.399985402203282,0.16776909935250195,0.16205352778409965,0.08379568665885394,0.28905739331574437,0.20177828261800249,0.20971052121186196,0.2156581161955373,0.14344309840670696,0.28066545137456345,0.19019129029066748,0.20037312140229216,0.18532703852576993,0.012391898506587253,0.17716041891255602,0.295184905803969,0.31254663052173143,0.2027161462551564,0.055684121010066936,0.22990701604722177,0.3702543342654901,0.17406031263140595,0.1700942160458153
387,1,1,0.290264699415153,0.23867184246611084,0.1837439886665374,0.16337070921073577,0.12394876024146308,0.30374491100522527,0.232147521970019,0.17175077703858946,0.17624568765383208,0.11611110233233417,0.29429503665408,0.22563360477080455,0.16693100162742244,0.1769819635183086,0.13615839342938438,0.8823122987207975,0.006218910121330361,0.07910909722999841,0.030618259427475605,0.001741434500398204,0.2922867311536638,0.23769319439169706,0.18194500692234522,0.1653019559772002,0.12277311155509374
408,1,1,0.36497277300550757,0.2178596855683794,0.17230678399449662,0.15273013718637474,0.09213062024524156,0.43864818828087443,0.19657082383316518,0.1535273953936466,0.15098199787709124,0.06027159461522249,0.4046019130000719,0.20335750779153441,0.15144699980806867,0.16253070986962473,0.07806286953070023,0.7925112804351777,0.023162700887145976,0.1552831634930144,0.02426309559924786,0.004779759585414098,0.37602408529681264,0.21466635630809727,0.16948987570436913,0.15246791628998219,0.0873517664007387
278,4,3,0.17456092232339873,0.13080220370920842,0.2654304440075413,0.2123398855229361,0.21686654443691536,0.18708387976671503,0.1802323319835828,0.21687390235363369,0.22147126137226839,0.19433862452380002,0.19428372516203782,0.21003506773964908,0.2133425028505512,0.22034636448457348,0.16199233976318847,0.021466282145320505,0.23836489019837911,0.3279387443195234,0.013261869705804131,0.3989682136309727,0.17643936593989618,0.13821672295036458,0.25814696275945515,0.21370959190033592,0.21348735644994804
227,1,3,0.20688145332184923,0.1391363641247784,0.33894688917649224,0.18754573721287965,0.12748955616400037,0.2670323056433895,0.14306975404487884,0.2464126680155837,0.21155140110083648,0.13193387119531144,0.2807206711249789,0.15368610471404334,0.21431829784459677,0.18734445584821202,0.16393047046816886,0.36950397666915186,0.07482181011687494,0.4606261977306608,0.09080802347514627,0.004239992008166106,0.21590408117008028,0.13972637261279344,0.3250667560023559,0.19114658679607316,0.12815620341869702
480,5,5,0.08348179408008811,0.19237801999320048,0.12459710524609073,0.16057283898601493,0.43897024169460575,0.1426430768619402,0.21133164626605594,0.14047562378088654,0.12548330928344123,0.3800663438076761,0.21887917059788564,0.19077313125511106,0.13953638369781055,0.14401814480814235,0.3067931696410504,0.1386991279073099,0.2517384364305198,0.09269358304473427,0.06654068966997168,0.4503281629474644,0.09235598649736593,0.1952210639341288,0.1269788830263101,0.15530940953062886,0.4301346570115663
486,5,3,0.11177787028515257,0.16862775134942265,0.3438889755280188,0.22312794093292515,0.15257746190448074,0.09806206897492416,0.18912175020645913,0.201074731723453,0.21728765618867574,0.294453792906488,0.1382064874476273,0.18883263317862153,0.18765652917690442,0.21313068585266792,0.2721736643441788,0.08408584401431256,0.17515871503820468,0.22858456887011475,0.027262714787096458,0.4849081572902715,0.1097205000886183,0.1717018511779781,0.3224668389573339,0.22225189822128774,0.1738589115547818
246,1,2,0.09613079230718279,0.27334520650052896,0.21754711288401657,0.2172653808418131,0.19571150746645863,0.10548243986365974,0.26655739905968945,0.2163298099791727,0.19623938208738836,0.2153909690100897,0.1377381764426741,0.24210079016595895,0.20823995230224787,0.1802803495135542,0.23164073157556483,0.0015762774081867729,0.9301747125465282,0.004532678121879592,0.003675721315521214,0.06004061060788415,0.09753353944065432,0.27232703538440306,0.21736451744829,0.21411148102864938,0.19866342669800327
123,1,2,0.2927211372976854,0.29870455274081453,0.14919317369743426,0.15088436170569638,0.10849677455836947,0.2511463736902188,0.3458455388961599,0.14969926563168656,0.15344927127679361,0.09985955050514123,0.24926721908961388,0.30960671738209883,0.14710395567563736,0.16441793557086093,0.12960417228178908,0.38328900133359234,0.5672549002225499,0.001040345777042512,0.04754461703727153,0.0008711356295437649,0.2864849227565654,0.3057757006641163,0.14926908748757212,0.15126909814136097,0.10720119095038523
386,5,5,0.15105413446696933,0.11602675942372744,0.22126765075913218,0.18329953310482192,0.3283519222453492,0.1476187340615573,0.0953911160447982,0.1734961814700081,0.2001406062542984,0.3833533621693381,0.13182854636451188,0.10762138763884965,0.17138641544201696,0.1695767405724052,0.4195869099822163,0.016769641212132005,0.020123853975259943,0.3874886222250293,0.3358611029350471,0.23975677965253167,0.1505388244061575,0.11293141291688805,0.21410193036576358,0.1858256940772434,0.3366021382339475
300,2,5,0.1755426943604964,0.09049236265624963,0.2584452116081823,0.15185610011059994,0.32366363126447173,0.14558854868402973,0.13464152215871042,0.1886983520796857,0.1355925438123855,0.3954790332651887,0.21869547508369833,0.1468498048518392,0.18637748620447078,0.17354046938727008,0.27453676447272163,0.005688251592364135,0.018186356608132094,0.007773036657555388,0.006592755901862726,0.9617595992400857,0.1710495725090264,0.09711473658161875,0.2479831826789078,0.14941656666586775,0.3344359415645793
534,4,1,0.36471950686041243,0.09617438741571549,0.14951498774076716,0.08580707502134288,0.303784042961762,0.2557595752955633,0.09157965886119838,0.14581720713827315,0.13530791224118102,0.3715356464637842,0.3250077552537494,0.13103847971584984,0.13743269186042517,0.15575427509595982,0.25076679807401575,0.4143725887172455,0.04626945835682557,0.15065824372023542,0.07360934035837453,0.3150903688473189,0.34837551712568504,0.09548517813253792,0.14896032065039305,0.0932322006043186,0.3139467834870653
469,1,2,0.15109886952675602,0.3638810323597812,0.2162696399904213,0.18432784259242616,0.08442261553061528,0.1185946891888906,0.38755283348564484,0.20265228140042912,0.2137481422524784,0.07745205367255704,0.13856516961066379,0.3736154665920703,0.20298977204429502,0.19682971915713657,0.08799987259583435,0.22789185136868814,0.4085670516439265,0.3379646467708817,0.025040647017706273,0.0005358031987974063,0.1462232424760762,0.36743180252866076,0.21422703620192246,0.18874088754143398,0.08337703125190654
340,3,3,0.2257523828410223,0.2380868429117595,0.27645646995131573,0.15155049780718038,0.10815380648872214,0.20858182698487612,0.28752623928411375,0.21614145556487974,0.18934460929866248,0.09840586886746794,0.19132555024699208,0.30362765561456806,0.22358402468366,0.1949136877491159,0.08654908170566393,0.4407390099442263,0.037167144925571896,0.4219101638386493,0.09432283269415519,0.0058608485973972715,0.22317679946260038,0.24550275236761263,0.2674092177933503,0.1572196145309027,0.106691615845534
551,1,5,0.10982775392887414,0.1370936217536662,0.22197909522312442,0.18616476584395045,0.34493476325038486,0.09433451997020366,0.2257646021309685,0.15708315195661463,0.15668496337122,0.3661327625709932,0.13090489541215092,0.25345653023030223,0.17143825506129548,0.16542318231083517,0.27877713698541623,0.004792429123276362,0.06196851628408257,0.03769681847435595,0.007143952876167725,0.8883982832421174,0.10750376883507357,0.15039426881026155,0.21224470373314794,0.1817427954730409,0.3481144631484761
554,1,5,0.09131771421913194,0.14099882209902287,0.14394971929794778,0.24291413677828586,0.38081960760561157,0.09077238643630835,0.2502200242481967,0.1735213444180693,0.19980459375957504,0.2856816511378506,0.1026917984671361,0.24369572964951033,0.18342752030360346,0.1923061021405783,0.2778788494391718,0.027363968230287014,0.01789961898870229,0.09873497688063747,0.09012134823488717,0.7658800876654861,0.0912359150517084,0.15738200242139894,0.148385463065966,0.2364477053254792,0.3665489141354474
354,1,3,0.10704657232330207,0.2688703051053684,0.34550155895226065,0.1995770878083319,0.0790044758107371,0.11528431470652985,0.31202093696349825,0.2134579481265897,0.24279520302332333,0.11644159718005888,0.15657475197615614,0.28370540033012426,0.18834741472880193,0.22741272907993673,0.14395970388498094,0.002100265541962071,0.09765341735732087,0.8608498124482502,0.03635984672032149,0.003036657932145361,0.10828223368078624,0.2753428998840879,0.32569501732841,0.20605980509058058,0.08462004401613535
576,4,4,0.14146599866646284,0.18950506710051698,0.2646823364323715,0.2716585055287076,0.1326880922719411,0.1481338824011237,0.2515380337942182,0.1983632371429657,0.19270657963525992,0.20925826702643244,0.19203122719473198,0.24984851120151697,0.18383022332919433,0.18304051469783592,0.1912495235767208,0.023734105716728342,0.1196726006129497,0.07592139278099298,0.7320948796823237,0.048577021207005404,0.14246618122666196,0.19881001210457216,0.2547344715389606,0.25981571664469044,0.14417361848511479
334,5,5,0.08444932219831339,0.1588616094203337,0.09210969800885442,0.22754125109256468,0.4370381192799339,0.08836055178519898,0.1527252759125721,0.1330558999726413,0.1358268152528942,0.49003145707669343,0.11724422569553294,0.16983024090484963,0.1437910686765504,0.1552047569602757,0.4139297077627913,0.020196883540436382,0.015905471190346437,0.006507962920494496,0.7692661750585758,0.18812350729014704,0.08503600663634622,0.15794115939416944,0.09825162830342245,0.21378408571661411,0.44498711994944784
454,3,3,0.12159353538328006,0.17973329600586566,0.4258008821782788,0.1617256164639388,0.11114666996863677,0.2081996705741522,0.2152463631909647,0.2686128228027507,0.17081020259427246,0.13713094083786007,0.19070098969985128,0.2664279346428939,0.22389969374571428,0.1724232415388245,0.14654814037271602,0.03829840244227047,0.03658269241813911,0.7630890738692092,0.1108747444166059,0.051155086853775324,0.13458445566191088,0.18506025608363053,0.40222267327194955,0.16308830438348884,0.11504431059902026
500,5,1,0.2527126989182124,0.12362195796320147,0.20619752032588023,0.19586295233578868,0.2216048704569172,0.4397233707755018,0.10649515078844791,0.15442078213570865,0.1551799728622338,0.14418072343810776,0.36210687161118976,0.12679691085316377,0.15911156876930566,0.17115787956728748,0.18082676919905327,0.06603326867652273,0.018192328607941937,0.4438233656304666,0.10045281233274778,0.37149822475232086,0.28076429969680583,0.12105293688698843,0.1984310095973545,0.18976050541475545,0.2099912484040958
139,5,5,0.12914531497828655,0.2288901947112119,0.19125273320641187,0.15331399857810787,0.2973977585259819,0.14901973325406775,0.21997112492557047,0.16051709830031521,0.1579799088775103,0.31251213464253624,0.19947305890339964,0.22953619541659784,0.15763587203379414,0.16417418022037308,0.24918069342583524,0.1185174623826465,0.5259722334528675,0.12055652355210238,0.13678778592771293,0.09816599468467065,0.13212647771965372,0.22755233424336568,0.18664238797049734,0.15401388512301822,0.29966491494346503
578,1,2,0.2153240506761027,0.26697742398188584,0.17802258148756891,0.201207695779137,0.1384682480753056,0.24432055426089005,0.26006238699635453,0.18521336201896776,0.20510976713837992,0.10529392958540784,0.27714263002173306,0.22328340134446026,0.1737140333570598,0.2033913599289151,0.1224685753478318,0.6327692215242131,0.031163464761986708,0.30829871195603803,0.023534996520649144,0.004233605237112942,0.2196735262138208,0.26594016843405616,0.17910119856727874,0.20179300648302342,0.13349210030182096
273,3,3,0.12527811369248662,0.19639241392639584,0.27477704469856334,0.2793709649096095,0.1241814627729447,0.17942705120209332,0.22723329569575457,0.24658608005382068,0.21787767561889582,0.12887589742943564,0.17883084354441384,0.23369337329165132,0.2639576034913654,0.2018505321141035,0.12166764755846589,0.026047197359690643,0.4136620418457909,0.020545956110247426,0.2147774212633515,0.3249673834209195,0.1334004543189276,0.20101854619179965,0.27054840000185193,0.2701469715160024,0.12488562797141833
549,4,4,0.16199444735121324,0.20242580803939705,0.14877352229251872,0.38099074165420627,0.10581548066266466,0.13080219595071593,0.32140888461084055,0.1775496447947772,0.2503029011550719,0.11993637348859436,0.15491480315451797,0.3451580541914359,0.17963530337887926,0.185851010755529,0.1344408285196378,0.015764624006372043,0.012917706168484139,0.033758516052364254,0.9186309660542797,0.01892818771849993,0.15731560964113864,0.22027326952511359,0.1530899406678575,0.3613875655793361,0.10793361458655411
37,3,1,0.34085467915185236,0.13475244958843632,0.14330628843459875,0.1621816831469583,0.21890489967815427,0.39100233471935103,0.1015661067119938,0.1432066246378119,0.1452667244402491,0.2189582094905941,0.38891989439821284,0.12198637585898486,0.1544387145359423,0.14857089845669622,0.18608411675016368,0.3047342433595719,0.04385140893787016,0.07394228867897487,0.022882524015270606,0.5545895350083124,0.3483768274869772,0.12977449815696995,0.14329133886508072,0.1596444393409519,0.21891289615002024
391,2,5,0.033477074440006874,0.03678518449811083,0.08492714164798014,0.21066837385472653,0.6341422255591757,0.07412310937505841,0.08812695035269201,0.15025578146624524,0.18512792101887685,0.5023662377871275,0.0940673184116277,0.1304001126579806,0.171577581039284,0.19674167190676828,0.4072133159843394,0.0006554692186768455,0.0005648622485870577,0.005213418075298993,0.058195163948809865,0.9353710865086272,0.039573979680264604,0.044486449376298004,0.0947264376207199,0.20683730592934907,0.6143758273933685
99,3,1,0.3413979822087625,0.2883734458661264,0.1441369615468106,0.14534250831325118,0.08074910206504922,0.3832991276274022,0.19670173787354847,0.16930818719218887,0.16867758499715305,0.08201336230970735,0.33760073138987606,0.20455825328693547,0.16603256147236625,0.18157475304547147,0.11023370080535073,0.46427577362715733,0.0444970949323676,0.14634740257293646,0.13759521365171462,0.207284515215824,0.34768315402155847,0.2746226896672397,0.14791264539361734,0.14884276981583647,0.08093874110174794
25,4,5,0.12307547388454229,0.11959575477923143,0.2721451978502774,0.1727034572700663,0.3124801162158825,0.11375211737598312,0.18038319502790667,0.18265251718241893,0.16477376417106407,0.3584384062426273,0.11244581924122127,0.2145542335450059,0.17787488917203573,0.19415399447253398,0.3009710635692031,0.01158425980057808,0.2976135666100216,0.09547311139989331,0.07781433271232327,0.5175147294771837,0.12167697040825841,0.1287138708165327,0.2587212957500986,0.17151400330521596,0.3193738597198942
138,2,3,0.0802125425486154,0.20996708533648423,0.5257797299248647,0.11537943181821111,0.06866121037182459,0.1127045363970051,0.3307215266589074,0.2775793622502096,0.20195301949975974,0.07704155519411812,0.14266322611546686,0.31022339471694055,0.25667987793095953,0.19275528170054734,0.09767821953608569,0.02194082960268381,0.0921012778247631,0.46305943554022927,0.3987158334393752,0.024182623592948545,0.08508634162587385,0.22808025153484768,0.48854967477366634,0.1283654699704434,0.06991826209516862
155,1,1,0.29897798779901985,0.22102289417535745,0.19150892309208223,0.1538173866207117,0.13467280831282882,0.3362876019908129,0.1913612474341729,0.18246610247310113,0.17966808570343976,0.11021696239847323,0.3242072197952233,0.18971652895375365,0.179648098665897,0.1799238497968065,0.12650430278831967,0.9641780929888554,0.004796423083996618,0.007772945609205718,0.022748190632136383,0.0005043476858058837,0.3045744299277888,0.21657364716417976,0.19015249999923506,0.1576949914831209,0.13100443142567547
183,3,3,0.13688500776319473,0.21527717300573057,0.2929669352705659,0.2288147722607471,0.1260561116997617,0.1782371005022192,0.24438088514794234,0.21076522564972835,0.26166721502688733,0.10494957367322273,0.21021918179689325,0.2410142068092914,0.19848133821646596,0.22047048536592526,0.12981478781142422,0.011102793720258053,0.006754340587043083,0.9317865609888092,0.04464660173853333,0.005709702965356284,0.1430878216740484,0.21964272982706232,0.28063667882744026,0.2337426386756681,0.12289013099578085
496,1,1,0.33628510135185685,0.28506349904564704,0.14981822390592617,0.12891352469918596,0.09991965099738417,0.2943789046545873,0.23671429458032897,0.14271218314529122,0.1826970583058136,0.14349755931397887,0.2796370159022462,0.20898791455155022,0.13986474640449398,0.1905789097148741,0.18093141342683547,0.4820620678409493,0.4192000466066891,0.063888238300273,0.028722320881146256,0.006127326370942371,0.32999917184726646,0.2778111183758493,0.14875231779183093,0.1369810547401801,0.10645633724487337
201,5,3,0.15747528812942108,0.2442178514327066,0.28753611737793444,0.1564638950916067,0.15430684796833108,0.15634526870342966,0.2559157452736272,0.19212782593744157,0.21082418907366104,0.18478697101184058,0.17535207262967786,0.24531184868782482,0.18999182353095745,0.21693739305492932,0.1724068620966106,0.22530247669559006,0.12734584097086488,0.6030087937535255,0.036533605206469304,0.007809283373550251,0.15730578521552235,0.24597253550884468,0.2732248736618605,0.16461793918891482,0.1588788664248575
450,5,5,0.035827527083259605,0.03831917408526111,0.04321934333544369,0.17565448508874096,0.7069794704072947,0.04816129318516784,0.11610732813610913,0.1316580255792952,0.1580051740998127,0.546068178999615,0.07679895150004405,0.153603558090415,0.1524285965341987,0.17494753643286676,0.4422213574424754,0.005339536020531166,0.004039721869938743,0.09335045911350318,0.02027480863442228,0.8769954743616046,0.03767759199854584,0.04998739719288831,0.05648514567202141,0.17300708844040172,0.6828427766961427
286,3,4,0.2739793211658426,0.1324191039215147,0.15061259731522808,0.3001176886041994,0.14287128899321516,0.32573765881040034,0.15866307078227135,0.15387623653627555,0.22094213069934496,0.14078090317170786,0.30999553318545514,0.15402225209293338,0.15483178607811024,0.1946293161096838,0.18652111253381745,0.7017745677836867,0.010220688805106204,0.01656558893166268,0.24900606517017715,0.022433089309367178,0.2817430718125262,0.1363556989506282,0.1511021431983852,0.28824135491847125,0.14255773111998907
199,5,3,0.1795235389322941,0.12990804426407285,0.5222242169450645,0.08509643749885382,0.08324776235971482,0.24364481904608284,0.18317326370506407,0.2661764922564286,0.2130952306365488,0.09391019435587573,0.23757658595145106,0.17268036741291834,0.23265823512640452,0.22531688706312422,0.13176792444610194,0.008732724859389843,0.001758004277517418,0.8603566999413098,0.12792672271046732,0.0012258482113154906,0.18914173094936243,0.13789782718022153,0.4838170582417691,0.10429625646950805,0.08484712715913896
254,3,4,0.22518595319767476,0.09787428665942173,0.14740971810037684,0.34751878333264963,0.18201125870987703,0.3317702546547423,0.14297573401671546,0.154693103531249,0.14277908008222837,0.22778182771506497,0.3493827661616306,0.15270373696088516,0.14806464265015853,0.15136267225685268,0.19848618197047294,0.9529961554936093,0.005859981363912377,0.0009637813211228747,0.039378383979439054,0.0008016978419163396,0.24117359841623487,0.10463950376301578,0.14850222591500764,0.31680782784508643,0.1888768440606552
223,5,4,0.16338651762407838,0.2322692712856846,0.15038243024577555,0.3647955325749672,0.08916624826949424,0.136802562441005,0.29032481230229185,0.20605089589860456,0.22563198069216475,0.14118974866593384,0.13760508448829925,0.2903038816087152,0.2155029482724337,0.22288547822725138,0.13370260740330045,0.022360792032125352,0.07334391620088401,0.004047661698350911,0.8638887950173195,0.036358835051320045,0.15939892434661737,0.24097760243817568,0.1587327000936999,0.3439209997925468,0.09696977332896017
64,1,1,0.2693085460132845,0.1903391408127575,0.184372679435537,0.1484090216269927,0.20757061211142833,0.28813964480873355,0.18638967873844128,0.16802084978028717,0.14586975347621675,0.21158007319632124,0.22494107512892578,0.18684777532763194,0.15513971979178107,0.1652117390425712,0.26785969070909005,0.8697563644785307,0.013827147184753722,0.01467228792578986,0.09166182450687632,0.0100823759040494,0.2721332108326019,0.18974672150161007,0.18191990498724953,0.14802813140437632,0.20817203127416228
383,5,1,0.31808684860618774,0.1826906424591271,0.10623237760249073,0.25168020230683236,0.14130992902536202,0.26457130355486363,0.1879653558126507,0.15660759706380747,0.1748038494891592,0.21605189407951905,0.2479764423741233,0.20333352038350103,0.16849497841651254,0.16097097295244953,0.21922408587341366,0.8126544684615651,0.0038514969319029106,0.09128388821697428,0.031077510546708573,0.061132635842849156,0.3100595168484891,0.18348184946215565,0.11378866052168823,0.24014874938418138,0.15252122378348557
573,2,5,0.1587831796917776,0.2209976543696229,0.10492763132266789,0.11172042587223972,0.4035711087436919,0.22800749178124738,0.2026360030627836,0.15609706525316427,0.1562862117005467,0.25697322820225804,0.184558588026675,0.21147252683422044,0.1617577064672028,0.1774936280722207,0.26471755059968116,0.47626954653685594,0.18367280177169426,0.1798928647346527,0.08538536300701123,0.07477942394978598,0.16916682650519804,0.218243406673597,0.11260304641224235,0.11840529374648577,0.38158142666247685
272,3,5,0.18598750163001998,0.11711382846665777,0.22284769365289,0.14190298297118567,0.33214799327924655,0.15099218459159613,0.14579576228696448,0.20224243291585395,0.1570215472168904,0.34394807298869495,0.1719967908436778,0.1320193270674044,0.19182155782947752,0.16559179191727413,0.338570532342166,0.06520612959244915,0.03685047823809547,0.20072689498828777,0.014420779532300159,0.6827957176488675,0.1807382040742564,0.12141611853970377,0.2197569045423346,0.14417076760804137,0.3339180052356638
249,4,5,0.1327902105118607,0.1563400142432983,0.10342725261933293,0.21688870259006154,0.3905538200354465,0.11595398837271198,0.24733175683865669,0.11803425148987368,0.1403121723808254,0.3783678309179323,0.140020107854309,0.26473551172766524,0.1339800525004678,0.15433680910009698,0.30692751881746094,0.028072466279986188,0.04603524294267088,0.04624705462822317,0.0846181861845185,0.7950270499646013,0.1302647771909884,0.16998877563260203,0.10561830244991403,0.20540222305867611,0.3887259216678194
358,1,2,0.24069850187990008,0.2575639934455781,0.15475223666881854,0.2330732249553435,0.11391204305035968,0.26268069119968557,0.24167721391783467,0.16362701210234087,0.22012780490958575,0.11188727787055319,0.30086845948355595,0.21463405467574825,0.15937460778817006,0.18276840965090657,0.14235446840161917,0.2372182919448033,0.29637792606942065,0.12025875486783967,0.2675437851308111,0.0786012419871254,0.2439958302778679,0.2551809765164166,0.15608345298384688,0.23113141194847983,0.11360832827338871
82,5,5,0.18702331063429942,0.13482155104010815,0.2072713009398968,0.14995971577641512,0.3209241216092806,0.11249071290250452,0.14108430964163765,0.15714483352061395,0.1893881326301653,0.39989201130507873,0.1492235223781149,0.14884032770101557,0.15019964507492936,0.18603123563452093,0.3657052692114193,0.07410573713103331,0.06322888675008889,0.5660247452480726,0.19828810850392,0.09835252236688523,0.17584342097453018,0.1357609648303376,0.19975233082700436,0.15587397830447766,0.33276930506365027
178,1,2,0.1579043658390789,0.31343782476446636,0.2558992885015289,0.1382359094618183,0.13452261143310745,0.1567719905589169,0.236095783219201,0.1805890680446611,0.19270354339290097,0.23383961478432,0.19086111866981106,0.2125218513582492,0.15726932176207722,0.18429366645987158,0.2550540417499909,0.0440748706263029,0.764501194546616,0.05431035489804137,0.12191495838784105,0.015198621541198642,0.15773450954705462,0.3018365185326765,0.2446027554329987,0.1464060545514807,0.14942016193578933
130,1,4,0.022652934131085663,0.18823386587136337,0.13493840582083869,0.48299857100534355,0.1711762231713687,0.044719846926610046,0.34005282372073564,0.17520273544378698,0.2478953709667394,0.19212922294212798,0.12059810832322809,0.3261426382650458,0.19459189197900048,0.19392358995200443,0.16474377148072125,0.004305351574928848,0.006676648808614022,0.05961760361594007,0.7451163961468679,0.18428399985364902,0.02596297105041432,0.2110067095487692,0.14097805526428092,0.4477330909995529,0.17431917313698259
236,3,5,0.08543538575188492,0.1986787938886609,0.2626357789863495,0.14303900312457474,0.3102110382485301,0.0966573445275594,0.19021272613966586,0.17401209372443227,0.1525436540429077,0.38657418156543466,0.11583998179912751,0.22347916422442593,0.1617768544157567,0.18579509280480622,0.31310890675588376,0.005596675388243551,0.06159425539750431,0.25447365400397476,0.5368723515330776,0.14146306367719974,0.08711867956823609,0.19740888372631163,0.24934222619706192,0.14446470076232468,0.3216655097460658
415,4,5,0.024166739813405072,0.07305466218199896,0.03247227788407876,0.19243420127801647,0.6778721188425008,0.04040052229157179,0.17170762043614185,0.12681443248547788,0.17144298418771833,0.48963444059909006,0.08209301888846395,0.20218544708778222,0.15073944938947456,0.18843744657692643,0.3765446380573529,0.0019178978602332564,0.0019414922397307445,0.007442887881303991,0.04369027292239582,0.9450074490963363,0.02660180718513008,0.0878526059201204,0.04662360107428863,0.18928551871447175,0.6496364671059891
511,2,2,0.1646117133353703,0.39734994603270934,0.14378363986446147,0.17752433371660398,0.11673036705085488,0.3319659705836586,0.3361541457652739,0.13945194327717958,0.12931400757288372,0.06311393280100414,0.3915508065170721,0.2947242333297035,0.13300857373730976,0.13481176870292663,0.04590461771298791,0.9612397014796231,0.015337003302325916,0.003343049867966722,0.013353342431585716,0.00672690291849846,0.18971485192261356,0.388170575992594,0.14313388537636917,0.17029278479504595,0.10868790191337727
12,2,5,0.08857947623124353,0.1799737631680457,0.252847212741558,0.22383095021845284,0.25476859764070003,0.0776262653334298,0.23693987243801184,0.1742544064680801,0.1808112440016921,0.3303682117587861,0.08753797454854205,0.2276294761027766,0.17436390269382693,0.18768216472760343,0.322786481927251,0.18248039910529537,0.045305525646087176,0.4109952684574604,0.005044216077341098,0.35617459071381585,0.08693649459657146,0.18851867955854062,0.24105829180053634,0.21737799428593874,0.2661085397584129
525,5,1,0.457931630726768,0.13481135588849383,0.15712236492221357,0.13528629442560577,0.11484835403691876,0.3069105209602276,0.1502749729831536,0.17516251342495423,0.18904909633553998,0.17860289629612472,0.25213825781341254,0.15708392608433644,0.17641667285853704,0.18950518632018276,0.2248559569235312,0.12905337889030868,0.5659769059880652,0.01690735038682923,0.20873497175048203,0.07932739298431504,0.4352784642617869,0.1371308984526928,0.15982838719762466,0.1433507147120959,0.12441153537579966
372,2,2,0.1755309708238847,0.49932519481468707,0.11616078888827301,0.14949400004284327,0.059489045430311915,0.24170662909103147,0.34681340368063046,0.18222311849720954,0.17600971698432158,0.05324713174680693,0.22822556158249055,0.3241566648734125,0.2038214643487517,0.18662993628766036,0.05716637290768483,0.4958545278260218,0.4561377195624329,0.03413809658638608,0.01113475104893161,0.0027349049762277066,0.18545731956395672,0.47644842614457855,0.1260701383296135,0.153471357584065,0.05855275837778616
344,2,2,0.14890278479985955,0.23148965321083306,0.24826109337962368,0.20548170605933386,0.16586476255034996,0.226079969254529,0.2643717974907291,0.16518181692297346,0.19469048936007516,0.1496759269716934,0.28923070224993563,0.21446004868524748,0.18467158924113572,0.17490648092473485,0.13673117889894632,0.007598792233468448,0.18245789961602665,0.05811758161183236,0.6900303798971213,0.06179534664155108,0.16047936246805997,0.23642197485281746,0.23579920191112616,0.20386302355444505,0.16343643721355147
106,1,1,0.32010683754749264,0.32335431306302925,0.12026323505822935,0.11774143682850548,0.1185341775027434,0.2882096551973805,0.25873319960823027,0.13758010601616147,0.1911517457529052,0.12432529342532252,0.300927339847848,0.22155905643451837,0.1404381550886922,0.18123008739487578,0.1558453612340657,0.950276704477005,0.020540224991820077,0.003993872237918829,0.008333563925265212,0.016855634367990965,0.3153222601949758,0.3136611460448094,0.12286076570191917,0.12875298316716544,0.11940284489113027
108,4,1,0.34039086499963994,0.15914707882061258,0.26789822129708757,0.13241784031006731,0.10014599457259257,0.4178854989549135,0.15648662420768836,0.1765660822225917,0.17086552759437304,0.0781962670204334,0.3754065395415513,0.17588833236227844,0.1747979255381886,0.17941276662777783,0.09449443593020394,0.24254352749712096,0.04312412960251408,0.5941259414690893,0.07955479997398024,0.0406516014572954,0.35201506009293093,0.15874801062867394,0.2541984004359132,0.13818499340271317,0.09685353543976868
487,5,3,0.17889433743139782,0.21101492339721672,0.23919434370859663,0.16665753612136153,0.20423885934142738,0.14889431592253852,0.2512865211607802,0.20259237355249873,0.1993717245614609,0.19785506480272164,0.15116827378048675,0.21548550721857573,0.19463646318112107,0.20090289995495914,0.2378068558648573,0.06424260141259591,0.08741213910984463,0.47452996225644567,0.36454647647399097,0.009268820747123107,0.17439433420506892,0.21705566306175123,0.23370404818518192,0.17156466438737641,0.20328129016062152
536,1,1,0.7260830865711461,0.054198167703011606,0.07379592186776801,0.06892906494888895,0.07699375890918528,0.5707153618248451,0.09751521297785604,0.11109589482844899,0.153889541370701,0.06678398899814886,0.48972935861450145,0.1289344554594295,0.1269237738088367,0.16690436227185204,0.08750804984538023,0.9979521431034548,0.00015799305785463565,6.224349995367445e-05,0.00025770207420294826,0.0015699182645342083,0.7027779278592009,0.06069572449423827,0.07939091781187015,0.08167313641216076,0.0754622934225298
177,2,3,0.19870687812267912,0.1815259904801653,0.37797812085764326,0.1329301318376464,0.10885887870186597,0.26829912926862537,0.2812099345593375,0.1812607625839018,0.1774368586914268,0.09179331489670849,0.2730714321634906,0.2603050764372823,0.17017384289939544,0.1937880400394604,0.10266160846037127,0.15133747358238975,0.1872211974667607,0.5105913370799445,0.032718461335108355,0.11813153053579667,0.20914571579457106,0.19647858209204114,0.348470517116582,0.13960614086571346,0.10629904413109234
131,3,1,0.33272028156818223,0.2116866475225377,0.16156609759270152,0.15481901674544368,0.13920795657113502,0.36085055501491253,0.21501247773900178,0.16461144891593935,0.15515956642745438,0.10436595190269198,0.3007832989054558,0.22312005916905223,0.16913239529258076,0.16794074762805045,0.13902349900486072,0.8242371366882374,0.15154607002744205,0.0007280840731555978,0.01781269620275158,0.005676013008413374,0.3369398225851918,0.2121855220550073,0.16202290029118718,0.1548700991977453,0.13398165587086855
394,2,4,0.11754838528401032,0.15712593834466676,0.24597049831744483,0.28411403617269293,0.19524114188118513,0.2589065263606353,0.17716629747560478,0.1749428229658737,0.15998463357874637,0.22899971961913987,0.318288192595878,0.19521208143359872,0.1699560851726115,0.1563786458315637,0.16016499496634817,0.4687737701371486,0.1646852902065479,0.12636877104710725,0.21986201163395552,0.020310156975240683,0.13875210644550406,0.16013199221430746,0.23531634701470916,0.26549462578360095,0.2003049285418783
87,5,5,0.04639780041225801,0.05201341369832814,0.04885780968404305,0.12970845030881942,0.7230225258965515,0.10136640149412683,0.07264593715078675,0.1329649510230704,0.1597952728508509,0.5332274374811651,0.10130699489200119,0.08481053897187024,0.15653309592141837,0.14898116062723923,0.508368209587471,0.016815283407569298,0.006582324670481311,0.0005375194734253748,0.04274232359320506,0.933322548855319,0.05464309057453833,0.05510829221619693,0.06147388088489715,0.13422147369012413,0.6945532626342436
339,1,1,0.4606081789698298,0.1819716662006129,0.143726228509517,0.12672970199084735,0.0869642243291929,0.5742679990011225,0.11173421674365434,0.1315545573064588,0.11444086996396917,0.06800235698479536,0.4849219298780558,0.14704260502429695,0.13950153474921642,0.14579395493860384,0.08273997540982701,0.7956840614568811,0.02999074438915347,0.014177875222720163,0.14721377146842693,0.012933547462818345,0.4776571519745237,0.1714360487820691,0.14190047782905826,0.12488637718681561,0.08411994422753327
567,5,5,0.06391349772664545,0.08930142490224895,0.07643223205227835,0.25927657346629956,0.5110762718525277,0.11218133794973124,0.15482795747787814,0.13780701197384296,0.14142721745503087,0.4537564751435168,0.19409280202593507,0.17514498216520735,0.1496135428748094,0.15316824892867248,0.3279804240053757,0.010107890104928489,0.008641324746169363,0.003867663846687677,0.06644698029145553,0.910936141010759,0.07115367376010831,0.09913040478859332,0.08563844904051304,0.24159917006460926,0.5024783023461761
161,5,2,0.24916022316810585,0.2546551540488427,0.19629074801768615,0.11684306995885152,0.18305080480651376,0.1574001327429585,0.28039803429518034,0.17886989073231604,0.17147536255986126,0.21185657966968388,0.1442160242045588,0.24185392673159997,0.17306341490012667,0.18020234623858014,0.26066428792513435,0.02530698549845698,0.1380174313419957,0.07346627823229028,0.7424248393092427,0.02078446561801434,0.23539620960433372,0.25851658608579337,0.19367761942488063,0.12503791384900298,0.18737167103598926
324,5,5,0.005538246845445231,0.0061714934489151335,0.0070740908509194424,0.05935080971156058,0.9218653591431597,0.017288998761758052,0.06597684386857117,0.10397646551128954,0.14915156941938526,0.663606122438996,0.03658862970547757,0.09705497110837873,0.11909553467111433,0.14090138497551916,0.6063594795395103,0.0002463390431409376,4.783706319943498e-05,0.0004925055589256255,0.045902976355139166,0.9533103419795947,0.007300859632892154,0.015142296011863537,0.02160944704997496,0.07282092366773428,0.8831264736375352
347,1,5,0.2729635890890631,0.2237209276025157,0.1153933215929321,0.08718148245870563,0.3007406792567833,0.23436829389414862,0.3008664536408174,0.14576371572334632,0.11254335520599079,0.20645818153569695,0.23591716736513446,0.2466268779475375,0.15521616838821792,0.14513684310174976,0.21710294319736037,0.26354835652437325,0.4951764379103059,0.016046707859231447,0.020417790404419586,0.20481070730166975,0.2671742948098259,0.23529275650826093,0.11994888071249422,0.0909857633707984,0.28659830459862035
475,5,4,0.17022746155760857,0.16715144214000743,0.18089671893352557,0.32764477305019063,0.1540796043186677,0.15374105994210427,0.2456375980784312,0.1911461154066757,0.2890904819824535,0.12038474459033531,0.17978478816026153,0.2705013341279861,0.19948826292495522,0.2510875656305099,0.09913804915628717,0.19904997827048154,0.21767960163212624,0.09789825678316044,0.24127269950559976,0.24409946380863207,0.1677545013152829,0.178924365530771,0.1824341284044981,0.32186162939003005,0.14902537535941784
425,2,3,0.14422932464107088,0.2278202251398685,0.338935000204388,0.18290884209719024,0.10610660791748244,0.13724100123591065,0.28847830306472755,0.23320871950126917,0.23576147684614535,0.10531049935194736,0.14763294345692474,0.267268894988508,0.22125243821252646,0.2455275098266938,0.11831821351534703,0.05193719180706758,0.30009375509800246,0.4736332300035294,0.09449804550522624,0.07983777758617429,0.14318107613029685,0.23691893682859735,0.32307605809892015,0.1908367373095335,0.10598719163265218
251,4,5,0.09817885658101698,0.060244507676905,0.08371126837456679,0.2335889671582082,0.5242764002093031,0.15950212622546409,0.10327595762880627,0.1492258757395755,0.1503487219894629,0.4376473184166912,0.1634531986593792,0.14144705407277966,0.17533135383701795,0.18017889386067257,0.33958949957015055,0.15049559659098996,0.008961669825271117,0.004704988252605117,0.017066013724011737,0.8187717316071221,0.10737734702768403,0.0666992251696902,0.0935384594793181,0.22110293038289638,0.5112820379404113
436,3,5,0.15493126227521942,0.22695410661538717,0.19741349715433013,0.12897676822449602,0.29172436573056726,0.11190270000153046,0.21528533395139324,0.15826675965439627,0.12318546077845054,0.3913597456142295,0.15461748083914886,0.20521445644956196,0.15150010273912842,0.15900537537807882,0.3296625845940819,0.05437936742307263,0.15779671607812662,0.6225250776779849,0.04699754218755497,0.1183012966332609,0.14847697793416606,0.22520379071578808,0.19154148652934005,0.1281080721075892,0.30666967271311657
11,2,3,0.19944712889745042,0.1736919904157147,0.27841655595849446,0.24800386888530154,0.10044045584303891,0.16793177983782714,0.19813678495997408,0.22486505209263993,0.28136611909528153,0.12770026401427728,0.1822230256943366,0.2186616050902206,0.21301057750646638,0.23328611485798523,0.15281867685099118,0.012610218051660004,0.02735611931747892,0.33227435884744766,0.5876531323685131,0.04010617141490034,0.19471982653850692,0.17735870959735361,0.2703838303786163,0.25300820641679855,0.10452942706872467
377,4,3,0.15704434316896798,0.21315975472660276,0.32857377388524434,0.17504207023023421,0.12618005798895085,0.1786134430011899,0.2656054924132016,0.18585579773851324,0.17138485877550505,0.19854040807159015,0.22175754876004306,0.22895538742699828,0.15630286292482376,0.18455536125893515,0.2084288396291997,0.09007883644544169,0.1354022669366896,0.6039801406993791,0.05114368384819276,0.11939507207029684,0.16027970814380127,0.22102661537959256,0.30716607746323465,0.17449348851202484,0.13703411050134673
47,1,5,0.21883651061388817,0.1852748913211547,0.1799804242270308,0.1663374106254337,0.24957076321249252,0.23198945882810826,0.15100090057951707,0.14308479820929687,0.13879207093364776,0.33513277144943004,0.25626438877709895,0.14801059634675226,0.15167502265622737,0.15846052031624067,0.2855894719036807,0.3879116373570348,0.019843907901863564,0.2898305755103649,0.077988682144183,0.2244251970865538,0.22080945284602116,0.18013379270990906,0.1744460803243707,0.1622056096716658,0.26240506444803313
338,2,1,0.5474309080619743,0.15251751138913014,0.09456691824869162,0.08983500231110658,0.11564965998909753,0.4685495329631881,0.17156104105735592,0.14149912442398857,0.12957741266667466,0.08881288888879274,0.3575458838751863,0.19675028994120014,0.1554184067179822,0.16373713858888894,0.12654828087674244,0.975311074491354,0.013101697330927514,0.006968970219948657,0.0027182538190289244,0.0019000041387407824,0.5355987017971563,0.155374040839364,0.10160674917498616,0.09579636386444179,0.11162414432405181
388,3,2,0.11563992361024525,0.2800742651610625,0.22121982504663468,0.22639164509151155,0.15667434109054598,0.19293847303929287,0.30956042746153045,0.15694636142911758,0.20897238886629257,0.13158234920376652,0.18909056312971287,0.2963631869434911,0.17337985549055535,0.20208414443587164,0.1390822500003691,0.1645149659686398,0.4076248438769079,0.192888562030837,0.1899994417682983,0.04497218635531705,0.12723470602460238,0.2844971895061327,0.21157880550400712,0.2237787566577287,0.15291054230752907
445,5,4,0.05819624522499607,0.03765201811405705,0.060307877426481055,0.8252659067669473,0.018577952467518425,0.1876239095204182,0.17183165201724757,0.21130904019201338,0.3794130136075992,0.04982238466272169,0.23300558068907726,0.21342014609570623,0.21706415565584206,0.25549133720968537,0.08101878034968903,0.09930681510519221,0.06186367773610298,0.0598979691313488,0.7754547826383814,0.0034767553889746314,0.07761039486930939,0.05777896319953563,0.0829580518413109,0.758387972793045,0.023264617296798913
592,1,2,0.2161867793733803,0.4071605103403083,0.1633873256164479,0.10414804369218403,0.1091173409776795,0.1739685539544912,0.4068541225612014,0.1676878057082294,0.1390761799514207,0.11241333782465729,0.18207974254674072,0.3397956877022028,0.16676222479299416,0.1760879173923131,0.13527442756574923,0.6160005867462096,0.13504451143652216,0.22336057127825082,0.022949835860861356,0.002644494678156151,0.20985404556054693,0.4071145521734423,0.16403239763021513,0.10938726413106953,0.10961174050472616
399,4,5,0.010500574791372218,0.05001082365363635,0.13005108143511995,0.23113237976908943,0.5783051403507821,0.02399616350932836,0.12614635993180237,0.17426283871495904,0.17222216396848722,0.503372473875423,0.0402360017390255,0.17918701930726444,0.19686659722675495,0.18997656188897427,0.3937338198379809,0.004298894553800449,0.003989376352321841,0.046487015584275516,0.05556925915854045,0.8896554543510619,0.01252491309906564,0.06143115409536125,0.13668284502709582,0.22229584739899907,0.5670652403794783
331,5,5,0.05945671008119844,0.08639984944247356,0.06830114337756944,0.1730805776027993,0.6127617194959593,0.0850687698501003,0.12627875321842894,0.1163898526490209,0.1700636649986378,0.5021989592838121,0.10793876848144075,0.13936226269502006,0.13287990492220117,0.1576540899678833,0.46216497393345474,0.08762548842831519,0.169968662646724,0.05144429410122271,0.22137690158112097,0.46958465324261706,0.06329851904653372,0.09238168500886687,0.07551444976828715,0.17262804071217505,0.5961773054641372
413,5,4,0.1555719139946639,0.10055992527336985,0.11305906619358334,0.4819612744622501,0.1488478200761328,0.23956868855996824,0.19763131913253562,0.20531127399927876,0.18020455916806918,0.17728415914014825,0.22866097154976117,0.2060648854547611,0.19336811272918872,0.16674161870755702,0.20516441155873202,0.01754325715465136,0.0012203934454532886,0.001023833728309451,0.9797476966805777,0.0004648189910083018,0.16817143017945957,0.11512063435224472,0.12689689736443766,0.4366977671681229,0.1531132709357351
241,2,1,0.2874233225113524,0.198684286162221,0.1900355742539633,0.22307507562154155,0.10078174145092178,0.32672404957541173,0.16490269676823363,0.17186739929159722,0.2362939628456454,0.10021189151911199,0.3705005641255135,0.15698231504420765,0.16381475832177053,0.19183047805990008,0.11687188444860809,0.9194571041211279,0.015598169790924665,0.014048153187838143,0.037482904068749115,0.013413668831360174,0.29331843157096127,0.19361704775312288,0.18731034800960839,0.22505790870515713,0.1006962639611503
165,1,2,0.25216175385867334,0.2766344633373581,0.26502141207284,0.1311020313298512,0.0750803394012774,0.23528021103158267,0.31993250332280937,0.22362972322303984,0.18313958240671047,0.03801798001585768,0.21465766865580496,0.34726990731419655,0.17969056726908048,0.21447103016476135,0.04391082659615652,0.6561423138829852,0.23817310546391562,0.08453706078183913,0.015290265446189104,0.0058572544250709326,0.24962952243460973,0.28312916933517573,0.25881265874537,0.1389076639913801,0.06952098549346444
143,3,1,0.25716609641044175,0.16459196432745024,0.2371010386050514,0.19281933310743127,0.14832156754962533,0.2929333179296249,0.17250995444254924,0.17337745374574307,0.16574729034557265,0.19543198353651017,0.29652709132225835,0.18517773371595367,0.17520254997416776,0.15969278950491533,0.18339983548270497,0.9489052223479905,0.0039526732973959805,0.016001535686398942,0.024604734226806937,0.006535834441407819,0.2625311796383192,0.16577966284471507,0.22754250087615516,0.18875852669315246,0.15538812994765805
519,2,3,0.23484552871005573,0.17523745027453425,0.274687141444746,0.18238220523105436,0.1328476743396096,0.24249700115941217,0.19519304378840263,0.21811114800384704,0.19998334939623064,0.14421545765210744,0.3096680809981221,0.1793128285915573,0.1788086578083586,0.18898001533472486,0.14323041726723704,0.3198153824507976,0.23755037203253918,0.3007860295125744,0.050232498904195164,0.09161571709989347,0.2359932495774592,0.1782307893016145,0.26620074242861114,0.18502237685583078,0.13455284183648425
443,1,1,0.36050553390987733,0.15577688407677598,0.18167227082081364,0.14651075862300597,0.15553455256952706,0.4609394017618785,0.12449333150203334,0.17088411263984027,0.15233965900626723,0.09134349508998069,0.44060919292103345,0.12240918131028995,0.15311511486074444,0.15888070198280052,0.12498580892513163,0.9888270254479575,0.0028069644730752746,0.006267482072916267,0.0011889141125401037,0.0009096138935108943,0.3755706140876775,0.1510843511905646,0.18005404709366762,0.14738509368049516,0.1459058939475951
65,4,1,0.2914725671652831,0.24039702529759918,0.20874318056856117,0.1479338111368935,0.11145341583166316,0.37418328981449805,0.17456118805304344,0.1798513614398847,0.17970252893987818,0.09170163175269563,0.3233364902807588,0.19683152417922054,0.18697820666449397,0.19973414091546815,0.09311963796005847,0.8968871909273436,0.01004548293210012,0.013832298324127225,0.06845453551451917,0.01078049230190981,0.3038791755626653,0.23052164971091582,0.2044094076992597,0.1526991188073412,0.10849064821981803
398,1,1,0.276456231652582,0.22427394104001286,0.1605677464580074,0.21567691529436825,0.12302516555502967,0.24151069456110488,0.283586435624883,0.1812855586340182,0.19942753972743,0.0941897714525639,0.26846005647794385,0.29295842385714715,0.1722139228726979,0.18512148868590775,0.08124610810630337,0.18819139726336753,0.1277754532774992,0.17848676084198167,0.22179049208540866,0.283755896531743,0.2712144010888604,0.23317081522774336,0.163675418284409,0.2132395089593275,0.11869985643965979
39,2,5,0.09706727209897842,0.1337746937906717,0.1255123903891608,0.20947139030445164,0.4341742534167375,0.18857044075621218,0.1711699449869688,0.14447845419030772,0.16728738484268235,0.328493775223829,0.2444160834866391,0.17568180633159805,0.14464569003849462,0.17154670037343422,0.263709719769834,0.0032314035779551307,0.005510370498857656,0.0029743457561150688,0.011602807166824798,0.9766810730002474,0.11079274739756348,0.13938398147011627,0.12835729995933282,0.20314378948518624,0.41832218168780116
456,2,2,0.24605041000911063,0.23483300346783934,0.23182012890877066,0.11743057298557853,0.1698658846287009,0.1697451440989063,0.242245909045928,0.1734407080448367,0.21328855573168312,0.20127968307864594,0.17514866965565049,0.21385455557018937,0.16910289167879833,0.20973927295984796,0.2321546101355139,0.16395486255667724,0.24065499049714187,0.055019264216732394,0.38161478537077226,0.15875609735867632,0.23460462012258,0.23594493930455263,0.22306321577918056,0.1318092703974942,0.17457795439619264
57,2,5,0.22359767313602943,0.17848257847051838,0.12362565453353028,0.18611238926401263,0.2881817045959092,0.24985082362514108,0.16182994647149695,0.14945237745983597,0.19069200245381016,0.24817484998971584,0.2954592622796377,0.13934020342752754,0.170576091965678,0.1739075144977884,0.22071692782936836,0.04730186984419689,0.03933514215160891,0.18185498181453794,0.25952445667888707,0.47198354951076915,0.22753564570939616,0.17598468367066517,0.1274996629724761,0.18679933124248227,0.2821806764049802
535,2,2,0.23670165136003082,0.23556347442104253,0.18571672181856497,0.21096323670739064,0.1310549156929709,0.17680734643591145,0.21233491965034193,0.19918953674709383,0.2556028635424536,0.15606533362419917,0.16461301122598115,0.21230738142310557,0.1977396245936286,0.22869595572398402,0.19664402703330064,0.2807929974446917,0.004134294866981893,0.6079152263692438,0.10483546187751351,0.002322019441569063,0.2277175056214129,0.23207919120543744,0.1877376440578443,0.2176591807326501,0.13480647838265514
547,5,1,0.2504253270542696,0.20110409274162347,0.15410664704829707,0.16045656230505748,0.23390737085075236,0.2406802487487627,0.15086797458933474,0.14484668355402916,0.16594654028934727,0.2976585528185262,0.2601497259061869,0.15127400436232963,0.16565313829976983,0.16244965080709164,0.26047348062462206,0.13770772491639235,0.3148302391299543,0.02058388863176213,0.059162362944954354,0.4677157843769369,0.24896356530844357,0.19356867501878014,0.15271765252415687,0.16128005900270095,0.24347004814591844
44,2,5,0.033910058341000665,0.04747195451446341,0.03837574522889456,0.08966181220222345,0.7905804297134178,0.09995417769306125,0.09410984373821492,0.12777801100771188,0.12680376369233307,0.5513542038686788,0.12975972952981724,0.13242788491014842,0.1557497510776342,0.14404954733558364,0.43801308714681647,0.0036868676698204772,0.01678024681905931,0.01351314194250037,0.006802805402125246,0.9592169381664947,0.04381667624380975,0.05446763789802614,0.05178608509571716,0.09523310492573989,0.7546964958367068
247,2,2,0.2536889163295011,0.2882961152054219,0.16635130177761143,0.12586355128040003,0.16580011540706557,0.2523335888425946,0.27060784224741674,0.15955513492301987,0.14913819651600616,0.16836523747096258,0.2659938641402438,0.24147647794392488,0.16151367795377328,0.17700145814810733,0.1540145218139507,0.572901829389652,0.014187460383264466,0.12625204500383225,0.2375876644442802,0.049071000778971044,0.2534856172064651,0.28564287426172114,0.1653318767494227,0.12935474806574093,0.16618488371665013
471,4,4,0.17225541076087614,0.19404290115612294,0.11156107109762024,0.4131600100494193,0.10898060693596145,0.161257861598902,0.19658908551453735,0.1932457242350917,0.24986309014664854,0.19904423850482045,0.17550137047811912,0.17802920848994885,0.20197162484945239,0.18128011890071039,0.2632176772817693,0.17323879041070614,0.0109616549332221,0.021268452979452096,0.78156705418593,0.012964047490689832,0.17060577838658003,0.1944248288098851,0.12381376906824096,0.3886654720640037,0.12249015167129029
276,1,2,0.18671974408862618,0.4474623970303025,0.1313864970167094,0.09926786545828777,0.1351634964060742,0.211954042723832,0.31520445027379285,0.14868826215171335,0.12304325526662374,0.20110998958403806,0.202122404713975,0.24564296420029821,0.15657075877850238,0.14678105746198278,0.24888281484524163,0.6689803901771987,0.03685532441608731,0.21177257713080005,0.07841975764052977,0.003971950635384185,0.19050488888390704,0.427623705016826,0.13398176178695997,0.10283417392953816,0.14505547038276878
541,2,1,0.29209757325482744,0.24565282966583704,0.17440878092030185,0.15883548917384885,0.12900532698518474,0.2889247127634122,0.300693390824109,0.15002634615056673,0.1664031598050331,0.0939523904568789,0.33192307511791735,0.2562813531290799,0.1459174854598673,0.16628278710166625,0.0995952991914693,0.7995834031825328,0.021527815098243686,0.06081434630785932,0.029709953555883194,0.08836448185548078,0.29162164418111514,0.2539089138395778,0.17075141570484156,0.1599706397685265,0.12374738650593886
520,3,4,0.11007376172854702,0.1910380571842761,0.17384464064870925,0.35554893226892614,0.1694946081695415,0.19343357582943477,0.2641980241541609,0.18929892421741276,0.23514814793907082,0.1179213278599207,0.19294953750067256,0.2836899017184523,0.1780446221882427,0.21119348375495584,0.13412245483767657,0.05575157885636706,0.061795547798700105,0.1326560634570865,0.6228334391291218,0.1269633707587246,0.12257773384368018,0.20201205222975882,0.17616278318401477,0.33748881461944785,0.1617586161230984
503,5,1,0.26946674339230314,0.2612785241806676,0.18579393474779501,0.1516416885930863,0.13181910908614788,0.22316980267381745,0.2094943491073339,0.16186156580682065,0.12471599015717981,0.2807582922548482,0.21279965446117322,0.22629309051694813,0.15305060815275306,0.14759956208001734,0.26025708478910825,0.8932039377411412,0.08577829909945325,0.004021317908493532,0.010480246108783387,0.006516199142128647,0.26252220228453027,0.2535108979196675,0.18220407940664884,0.1476028338277003,0.1541599865614529
147,5,5,0.0296840625191363,0.08277815835538027,0.05552799231309718,0.2296477639625072,0.602362022849879,0.035504411385791995,0.13626046057941926,0.12896851033795767,0.14992363468913092,0.5493429830077,0.03773643270293279,0.15967910978584007,0.16422751956552353,0.16766705905352808,0.4706898788921756,0.7186774045077611,0.00866178591650057,0.09340309227632922,0.05424691964574713,0.12501079765366208,0.030557114849134655,0.09080050368898611,0.06654407001682625,0.21768914457150074,0.5944091668735522
189,2,5,0.0394644573225329,0.020550261204942386,0.024499108329434156,0.2076285086069719,0.7078576645361186,0.12547375299587618,0.07366415220662513,0.11243153159557963,0.16270884535256172,0.5257217178493573,0.16805467480873548,0.11580034251676159,0.14461959353386755,0.1737768026109908,0.39774858652964457,0.017625971221467814,0.005866343147541109,0.005861946424512729,0.7564125935617656,0.21423314564471274,0.052365851673534386,0.028517344855194797,0.037688971819355974,0.20089055911881037,0.6805372725331045
113,5,5,0.01897209624520003,0.036862745410313966,0.07111913632829363,0.14307317334824757,0.7299728486679447,0.03790739201020468,0.10006948936903327,0.1502038878147244,0.14006454155143036,0.5717546892546074,0.08745990374920197,0.14074867536912597,0.16845589344303824,0.14502919102827166,0.45830633641036217,0.000338137691974346,0.002270112058109749,0.04562183317595648,0.029878538018270145,0.9218913790556893,0.021812390609950726,0.046343757004121855,0.08298184905125824,0.142621878578725,0.706240124755944
515,1,1,0.2860907419708594,0.22028061527010945,0.2173795972715855,0.15105889787010657,0.1251901476173391,0.2681805285041606,0.1614900120659046,0.20288367343126235,0.18014787939209934,0.1872979066065731,0.24500764229275904,0.17464069266656498,0.1687256780680624,0.16390090564172352,0.24772508133089002,0.8552768793083427,0.0034012581821813263,0.08966373815809167,0.0499376426086195,0.0017204817427646964,0.2834042099508546,0.21146202478947873,0.21520520869553705,0.15542224509840546,0.1345063114657242
125,5,1,0.34086301253560247,0.19590973221731778,0.18074390175843563,0.2264321348028022,0.05605121868584205,0.4362361041406322,0.1802612337789451,0.16128527020482072,0.18311611162508634,0.0391012802505157,0.44415536581899234,0.16025757485775746,0.16331102095784736,0.17654195316490504,0.055734085200497795,0.7954094765926683,0.052884306017949814,0.06981714847264475,0.06638091101697925,0.015508157899757987,0.3551689762763569,0.1935624574515619,0.1778251070253934,0.21993473132614483,0.0535087279205431
58,2,1,0.2610752254791042,0.20813256211274345,0.19149152226582827,0.2191179800970945,0.12018271004522967,0.33758516537697125,0.18715297374864046,0.17111831339166014,0.20219519834664348,0.10194834913608476,0.34387581114300286,0.18989621096821263,0.1544706976408556,0.1763497158100068,0.13540756443792212,0.5514028230592479,0.23045318672370776,0.0073717197250199335,0.20846822904400136,0.002304041448023103,0.2725517164637843,0.204985623858128,0.18843554093470305,0.21657956283452684,0.11744755590885791
442,1,1,0.3636856757734241,0.23047517530800965,0.1871872826549608,0.11223321419545815,0.10641865206814737,0.46268248508628224,0.18604255880016904,0.13982921026074335,0.12037808699144618,0.09106765886135922,0.39268756809635663,0.20456798806302012,0.1587272259834909,0.1419077178010912,0.10210950005604107,0.9243251776838776,0.04929094145470489,0.01168538158035637,0.013495689419825587,0.0012028098612354824,0.3785351971703528,0.22381028283183355,0.18008357179582815,0.11345494511485635,0.10411600308712914
215,5,5,0.03185497819996369,0.05615371216246084,0.06710969283966485,0.34473032681187626,0.5001512899860344,0.05644476466847031,0.08093572695221658,0.14586793529123834,0.14117202335323087,0.5755795497348438,0.11642513406341463,0.09995511534207657,0.16565489526355548,0.15213946777809273,0.4658253875528606,0.001370188201999764,0.0006231829437396227,0.018935717878993952,0.15634339996521346,0.8227275110100533,0.03554344617023968,0.059871014380924195,0.07892342920740086,0.3141965812930795,0.5114655289483558
267,5,1,0.22029599746016765,0.14028581166410906,0.21994366631400175,0.20962943307882964,0.2098450914828919,0.21638485543907185,0.1647679762974563,0.1892044539980642,0.18113956290424205,0.24850315136116555,0.23877131444084324,0.17576307386095336,0.1884603992210183,0.1857740674879216,0.21123114498926357,0.5681337816475992,0.009590941472920795,0.1077170537085238,0.026842853626353573,0.28771536954460264,0.21970932615700328,0.14395813635911114,0.2153327844666111,0.2053559525526415,0.21564380046463294
204,3,4,0.14585150501914693,0.20158400420641626,0.22770422245971575,0.22082113242771145,0.20403913588700962,0.1675309863820412,0.1475306070441833,0.19476348824883913,0.23903439959319595,0.25114051873174054,0.19303198920036593,0.16716017811230308,0.1739166151688011,0.21100531011045798,0.2548859074080719,0.02541313719198258,0.16800721393674187,0.24099939523127256,0.4275618821471719,0.1380183714928312,0.14910342722358105,0.1934759946320813,0.22276311232808427,0.22355312250253412,0.21110434331371924
146,5,5,0.06386123557961941,0.114415650827726,0.1088694319206195,0.22012365504904458,0.49273002662299054,0.1557447875056491,0.1381214671717602,0.15611854381241266,0.1758644807261629,0.3741507207840152,0.16598717870608085,0.16013175824702364,0.17960152628721118,0.1906982734704481,0.3035812632892362,0.2228782506880199,0.007912651700358368,0.022343096520108855,0.27447451706419645,0.47239148402731657,0.07764376836852385,0.11797152327933114,0.11595679870438848,0.21348477890061232,0.4749431307471442
209,4,5,0.13302734882159123,0.15564119898445233,0.17099864326785813,0.2135237940659911,0.3268090148601072,0.1302614473735134,0.1513745505796976,0.1540981340396846,0.1482742166962008,0.4159916513109036,0.1962374184110701,0.17301755593864232,0.16075337011503651,0.15275279628890617,0.3172388592463449,0.03842653191615734,0.5125748851329507,0.23276633481378606,0.16280498106434094,0.05342726707276485,0.13261246360437956,0.15500120172373913,0.1684635668836321,0.20373635746052254,0.3401864103277267
148,2,2,0.1565385067828388,0.617044015787383,0.09037725626356151,0.0650559516210916,0.07098426954512506,0.17385473399838638,0.38787118058130443,0.1504066787027412,0.19681235025661778,0.09105505646095025,0.22035321385912646,0.3078275892536,0.15384061487384126,0.20140459733771673,0.1165739846757156,0.021884600502960757,0.9384358029384795,0.017201191048292597,0.014449620647955649,0.008028784862311334,0.1591359408651709,0.5826680905064712,0.09938166962943847,0.08481941141642052,0.07399488758249884
472,2,1,0.34282646541829465,0.22742203413885403,0.13209960880689828,0.11014173583939704,0.18751015579655603,0.20583473734254532,0.23646689259979048,0.16378591157446173,0.17107161508519073,0.22284084339801172,0.1806252303722761,0.24284507889095305,0.16756796882721836,0.18601716192466078,0.22294455998489174,0.8960751712121344,0.016668587753554776,0.006918596448192843,0.018160101524371152,0.06217754306174664,0.32227770620693225,0.22877876290799448,0.1368525542220328,0.11928121772626608,0.19280975893677438
563,4,3,0.09349136242552603,0.19362607388292896,0.42136576341713783,0.14268909538945795,0.14882770488494926,0.15022867613566693,0.22983701716538674,0.32015345642725834,0.19623936485433457,0.10354148541735331,0.1793086374528885,0.2427446196160643,0.2392850295521689,0.21112885668445402,0.12753285669442424,0.0032168086792177366,0.006338428528209136,0.9788795093039147,0.006926171616663149,0.0046390818719953585,0.10200195948204716,0.19905771537529762,0.4061839173686559,0.15072163580918943,0.14203477196480987
484,4,5,0.22622063365156114,0.18851161838644753,0.2097358769975504,0.1725310409942639,0.20300082997017715,0.15248440392526771,0.1952720001028835,0.18441478666208533,0.17262671363928614,0.29520209567047734,0.1614793109437325,0.23283536227279056,0.16989344492496142,0.19055812984601092,0.24523375201250455,0.46043125726469875,0.04659645011594198,0.08624238353063127,0.03465754924890947,0.3720723598398185,0.2151601991926171,0.18952567564391293,0.2059377134472306,0.17254539189101722,0.21683101982522218
355,1,2,0.24796185489254602,0.2762627556823812,0.15946870164728136,0.19196447336680253,0.12434221441098882,0.3469689563386215,0.20743580718951768,0.1726897738968648,0.19287501422292208,0.08003044835207397,0.359737641033862,0.19485145049133346,0.18154512676222678,0.1831952299397022,0.08067055177287545,0.6201485381016456,0.3593433497976716,0.003533406472865619,0.002440092548373,0.014534613079444205,0.26281292010945734,0.26593871340845165,0.16145186248471888,0.19210105449522044,0.11769544950215159
277,5,2,0.29793520700259674,0.3222583636890457,0.15274735598473613,0.11714988192974898,0.10990919139387248,0.28433146976563584,0.30239261346311014,0.16630746504971625,0.13325315979069607,0.11371529193084172,0.25076142116406847,0.29348141902682445,0.17838683211347625,0.1631509674082224,0.11421936028740835,0.78814717917534,0.01600904179489437,0.05736342167017454,0.12906681104987028,0.009413546309720685,0.2958946464170526,0.3192785011551554,0.15478137234448316,0.11956537360889105,0.11048010647441786
137,4,5,0.12002996302325693,0.17985255562030222,0.167862091768567,0.185617314935517,0.3466380746523568,0.12215441982556015,0.16503361074338777,0.12006256167631546,0.13162764860555495,0.4611217591491817,0.13142315648738365,0.20562740424419043,0.13047230778109156,0.1322020952173534,0.40027503626998095,0.06489688952749337,0.015941559381901692,0.06015089633960946,0.40302291698781945,0.455987737763176,0.1203486315436024,0.17762971388876503,0.16069216225472926,0.17751886498602268,0.3638106273268805
270,4,5,0.018831081594100272,0.032057677985564,0.04333502499737787,0.165858655486223,0.7399175599367349,0.05406539589767989,0.10093920166215543,0.1452709611089389,0.1713423031055105,0.5283821382257153,0.06953415168141885,0.15554277179748174,0.17141594346534475,0.1929147179473897,0.4105924151083649,0.0013804722498219181,0.006755033276643722,0.003120658047716195,0.03893154343662403,0.9498122929891941,0.024116228739637213,0.04238990653705271,0.05862541541411202,0.16668120262911612,0.7081872466800819
164,3,3,0.28819682920934725,0.0934367944073886,0.3179405482307467,0.19416248867502112,0.10626333947749637,0.2269445596536269,0.1443036395931613,0.1911131829317371,0.1899913159390009,0.24764730188247386,0.19586474722871508,0.165890156613268,0.17828384619667456,0.1908240360415873,0.26913721391975515,0.02300836383107201,0.04104352628519418,0.6383677080289759,0.16984634524200806,0.12773405661274975,0.2790089887759892,0.1010668211852545,0.29891644343589524,0.1935368127646181,0.12747093383824298
323,5,5,0.06541594041700703,0.08230139954447002,0.10046381533781262,0.25669097613504754,0.4951278685656627,0.05650830265406979,0.1270871940942874,0.15278739152617937,0.23922916116946977,0.4243879505559936,0.06461716690343701,0.1470344393899576,0.1526747524034409,0.19484064035051896,0.44083300095264555,0.011028823628824175,0.016524910683412008,0.10805750406576706,0.561127424811582,0.30326133681041484,0.06407979475256645,0.08901926872694263,0.10831235176606763,0.2540717038902109,0.48451688086421235
589,2,5,0.22353702408271853,0.19362145126911035,0.10252027630669107,0.13122562482114392,0.3490956235203361,0.18734802116455804,0.15550429784845057,0.1372915193549378,0.15604897205746984,0.36380718957458363,0.20842558155215674,0.15486033730904505,0.14563226648753116,0.1647136182317217,0.3263681964195453,0.5298880948886376,0.0129215714729549,0.006013078365398501,0.04420325605610575,0.4069739992169032,0.21810867364499445,0.18790387825601138,0.10773596276392808,0.1349491269065928,0.3513023584284732
422,1,3,0.24028390570231714,0.20436185054876185,0.27584257096630915,0.1334883971932588,0.1460232755893531,0.2486789929092875,0.16370538939519377,0.1666262992333105,0.12567830163998425,0.29531101682222394,0.2615284782635216,0.16739876007499785,0.14461010921403075,0.14738487553680554,0.2790777769106443,0.430668875887347,0.025098773875158235,0.2277045595056851,0.02444751610145763,0.29208027463035213,0.24154316878336268,0.19826338137572663,0.25946013020635933,0.1323168828602676,0.16841643677428372
229,5,5,0.15674786396739465,0.14627331200704066,0.08744901714428713,0.0919533535277336,0.517576453353544,0.17230430932210136,0.18298041088652575,0.13103759721665584,0.12431360546838771,0.3893640771063292,0.17438968942524244,0.16332912965753263,0.14343668377465701,0.13151617247279465,0.38732832466977324,0.037694926708260384,0.0065236127023299015,0.03658738553618046,0.4099670309729333,0.509227044080296,0.15908133077060066,0.15177937683896342,0.09398730415514243,0.0968073913188317,0.49834459691646177
14,2,2,0.1991623916447443,0.39700513601672904,0.1920638465772487,0.12398255857383357,0.08778606718744442,0.23177046365789633,0.34403857755788053,0.18154085516925464,0.17162375709660768,0.07102634651836082,0.21432953110963568,0.3089952171238477,0.19459699491620416,0.20168277243720267,0.08039548441310977,0.389023709899711,0.28450791229692746,0.2308523839674201,0.08951829788180495,0.006097695954136463,0.2040536024467171,0.38906015224790175,0.1904853978660496,0.1311287383522497,0.08527210908708187
349,3,2,0.22239716101530474,0.43509600381459296,0.14896217884276755,0.11177939399134476,0.08176526233599,0.24639054002147406,0.38163054983840833,0.16510156236430998,0.15702144437174057,0.04985590340406709,0.2978804225702745,0.32149372992044406,0.15290847479383235,0.16699623089732843,0.060721141818120654,0.33688981289427117,0.6388482087865782,0.012146752553685879,0.008169396915703269,0.0039458288497616475,0.22599616786623014,0.42707618571816525,0.15138308637099893,0.11856570154840414,0.07697885849620156
564,5,5,0.021944484663871167,0.025926265811929923,0.024372152391851008,0.07174642433923392,0.856010672793114,0.07276226941586744,0.08769859813538423,0.10803301528970638,0.1418540345176953,0.5896520826413466,0.08126594257800517,0.10988142189111856,0.11121477218303981,0.15262227020958094,0.5450155931382555,0.0020847838639381664,0.002595658758409192,0.0012306595411753153,0.009924751031409754,0.9841641468050676,0.029567152376670604,0.03519211566044807,0.03692128182652931,0.08226256586600313,0.816056884270349
70,2,1,0.27402728888286804,0.14735645892662483,0.2453596419490467,0.22053903415099463,0.11271757609046586,0.40766512958237744,0.16193808443297888,0.16808556445449727,0.20390021735857614,0.058411004171570115,0.39511276821639624,0.1901427055357681,0.16572058394015876,0.19400337455399905,0.055020567753677974,0.5188150140422747,0.006941965179301463,0.44868929985338835,0.024154838222496228,0.0013988827025392034,0.29407296498779445,0.14954370275257794,0.23376853032486428,0.21804321163213186,0.1045715903026315
303,5,4,0.12004723221040785,0.1610070556822771,0.1653297662871877,0.4059897168290266,0.14762622899110067,0.21163262511742476,0.14958524776527318,0.18940684708391842,0.2850778440649391,0.16429743596844457,0.28782853774817935,0.15292746760552398,0.1812075415164647,0.2009327468070816,0.17710370632275044,0.007829575615521027,0.0012188024242630045,0.0022470200001516,0.9875408818387736,0.001163720121290778,0.1337850411464604,0.1592937844947265,0.1689413284066973,0.38785293591441344,0.15012691003770226
382,1,1,0.30430583932126143,0.17494798950908474,0.263665314355677,0.157768424842094,0.09931243197188269,0.3344134065639537,0.16830757084948653,0.2187980623451838,0.18519539650484718,0.09328556373652874,0.27973517357817906,0.1779533063437976,0.21075575321964304,0.19603792762586733,0.13551783923251293,0.7806851891857737,0.005425426255654323,0.1361008443202649,0.04934448517423007,0.028444055064077142,0.30882197440766523,0.173951926710145,0.25693522655410306,0.16188247059150696,0.0984084017365796
539,1,1,0.33829545019768864,0.2293647648653715,0.18032236185446954,0.14011222354320804,0.11190519953926237,0.4103953344355751,0.19859071435685638,0.15703196322130195,0.10087143442443174,0.13311055356183493,0.3660700283227361,0.20922066363411182,0.1548524664540508,0.13420418811223037,0.13565265347687072,0.2075452614955683,0.28068272183882187,0.4231777119902476,0.07304253900264482,0.015551765672717346,0.3491104328333716,0.22474865728909424,0.1768288020594944,0.1342261051753916,0.11508600264264826
288,1,1,0.3106659438158511,0.3133982458282441,0.13743424430472456,0.11660893908332277,0.12189262696785744,0.3707313628278284,0.2522036571238959,0.14859186976978325,0.15346326140357544,0.07500984887491699,0.32140890431889896,0.23354030695628888,0.16894162782602637,0.15555408570994853,0.12055507518883733,0.627422964337808,0.15685663427403798,0.04973738100630953,0.02381191513962633,0.14217110524221818,0.3196757566676477,0.3042190575225919,0.13910788812448335,0.12213708743136067,0.11486021025391636
482,4,5,0.08605412344220847,0.19036372515972336,0.24867653265609302,0.18462765548612814,0.2902779632558471,0.10142164492183635,0.2650977089333191,0.21388210795337306,0.2052626760154619,0.21433586217600956,0.1176701141314093,0.28023938986400915,0.19964896121725761,0.21368850643676898,0.18875302835055488,0.10908269386962058,0.07939585597685958,0.652680285876593,0.05432391285979286,0.10451725141713392,0.08835925166415265,0.20157382272576269,0.24345736895068504,0.1877229085655282,0.2788866480938714
179,2,1,0.25691196560385177,0.21374463720908657,0.1440871759588611,0.22626582811311768,0.15899039311508284,0.2241492369713287,0.19941881858591395,0.16005030650582283,0.24548737592330486,0.17089426201362964,0.24846405529622217,0.21042558591912155,0.16705325875015709,0.2104546981870232,0.16360240184747601,0.9177187448401914,0.0017242865184114626,0.04376122011446136,0.023703923134606668,0.013091825392329098,0.2519975563089733,0.21159576441561068,0.14648164554090537,0.22914906028464577,0.16077597344986486
133,1,1,0.7308739447252096,0.06306529609459462,0.07650762333846989,0.06999604922999517,0.05955708661173069,0.6122985181472,0.092516212078309,0.12604888419604163,0.1109688475206362,0.05816753805781324,0.5264320684737359,0.11461256044714253,0.13182186961231435,0.1369668997133251,0.09016660175348211,0.9983554872901503,0.00039744972543318306,0.0004938156693067116,0.0001693769984813949,0.0005838703166283722,0.7130876307385081,0.06748293349215177,0.08393881246710565,0.07614196897359132,0.05934865432864307
191,2,5,0.21353349130003288,0.07350683070959915,0.19555412723273385,0.20824387333305253,0.30916167742458156,0.36188347264929593,0.09204559898610054,0.17731008849963545,0.1521271321326422,0.21663370773232593,0.3069430009462309,0.10311696521803586,0.1713316109058469,0.17589420319006496,0.2427142197398214,0.15150159149031764,0.00261942789850013,0.1666666639194697,0.012875351708429638,0.666336964983283,0.23578598850242233,0.07628764595107436,0.1928175214227691,0.199826362152991,0.2952824819707432
304,2,4,0.24752386465692341,0.1938108076817166,0.07221401022014261,0.32032677158536754,0.1661245458558497,0.2576836641215901,0.20356968867647351,0.1595142785348956,0.13260373634285813,0.2466286323241826,0.29646418482001774,0.20850299140853124,0.17215868614661634,0.13430241369337667,0.18857172393145802,0.4769010691115269,0.030347092566645806,0.337786059744712,0.1359654926737088,0.019000285903406623,0.2490478345766234,0.19527463983093013,0.08530905046735555,0.29216831629899115,0.17820015882609963
78,4,5,0.01669956823198116,0.043447888581442884,0.039095632126281615,0.14299874361229692,0.7577581674479974,0.047186493817964505,0.1184358098569903,0.1209780799083705,0.13376738363495697,0.5796322327817177,0.09024326793219,0.13713344112505088,0.14952918148502928,0.15928666843210262,0.4638074410256272,0.0022469872127750404,0.0570668296455913,0.018216807390200814,0.01593542641614925,0.9065339493352836,0.021272607069878664,0.05469607677277499,0.05137799929359495,0.1416140396156959,0.7310392772480555
122,5,5,0.13697093280022296,0.2045693666183034,0.18832466371743514,0.15605921004242387,0.3140758268216146,0.15265456830673488,0.19349845503952498,0.15860535031990416,0.16072268089306652,0.3345189454407695,0.17825526175723808,0.19326444253649513,0.18037705337820564,0.17281376948741156,0.27528947284064964,0.0365771260808481,0.3361965291494625,0.18760016627695944,0.18731436390963244,0.2523118145830975,0.13932347812619975,0.20290872988148664,0.1838667667078055,0.15675873067002027,0.3171422946144878
36,3,1,0.2678463055426277,0.11093868353695176,0.2256335459514537,0.19196961278164007,0.20361185218732683,0.27918459304093773,0.10963701917610806,0.15596734241433144,0.1708327313498368,0.28437831401878594,0.2614151347429898,0.12785201786159586,0.16376158617404848,0.16550615812672256,0.2814651030946432,0.03310364030707344,0.0017507950447063856,0.269949310707893,0.06519939774250673,0.6299968561978204,0.2695470486673742,0.11074343388282519,0.21518361542088538,0.1887990805668696,0.2157268214620457
208,5,1,0.3204170689573349,0.2867833202260893,0.1501789686444493,0.14880783194926,0.09381281022286644,0.3690396258620619,0.2869048781905645,0.14195809208280777,0.14356304738021064,0.05853435648435518,0.3585759719330656,0.2796599521764709,0.14197984284678256,0.15328511333873537,0.06649911970494563,0.953092065144941,0.0027791961483700236,0.018792051034729102,0.025174405584837103,0.00016228208712255987,0.327710452493044,0.28680155392076057,0.14894583716020304,0.14802111426390258,0.08852104216208975
333,3,5,0.0977163815911406,0.08399841041913485,0.14696447930201298,0.14682202557542892,0.5244987031122826,0.086893296278589,0.12177410980980548,0.14371444047629936,0.14258473896955506,0.5050334144657511,0.0971380563145982,0.17542079461004342,0.1721877191769392,0.16933179043842705,0.3859216394599921,0.002059689000246761,0.0006428194071983446,0.0020356048570391383,0.0028448633332751987,0.9924170234022406,0.09609291879425785,0.08966476532773544,0.14647697347815594,0.14618643258454783,0.5215789098153029
154,1,2,0.09368566092422437,0.41636303448764284,0.15989236052843195,0.2312692967661502,0.09878964729355079,0.09916757032023615,0.38464783130051733,0.18762584107973299,0.236264043266714,0.09229471403279942,0.11539306823332096,0.409139579167177,0.19777909347109204,0.2047587251330276,0.07292953399538238,0.1835581027813607,0.2638625354252635,0.042325850290172724,0.484267997552956,0.0259855139502471,0.09450794733362614,0.411605754009574,0.16405238261112712,0.23201850874123478,0.09781540730443808
310,3,3,0.20492114017727325,0.1491428097444756,0.46544811135778136,0.09585784963187546,0.08463008908859439,0.3099995038302016,0.1906450666321078,0.2279631645239891,0.17057355719287726,0.10081870782082429,0.27458470202557134,0.206217171886412,0.2060407088495809,0.17788776002907214,0.13526965720936365,0.36802963906196734,0.009000269669712128,0.5462658918488963,0.06786757649285542,0.008836622926568899,0.2206828947252125,0.15536814827762044,0.42982536933271254,0.10706520576602574,0.08705838189842888
594,2,1,0.27576638052667035,0.1600146937669562,0.22879530661083022,0.16890534024994666,0.16651827884559658,0.4155286614674565,0.11615901421402307,0.1578890921583493,0.15518119329498847,0.15524203886518265,0.41469224868799004,0.13402412248413817,0.158331382367833,0.15009305993985875,0.14285918652018015,0.3205612876801187,0.015923150174777554,0.4972292537750267,0.021858108597261634,0.14442819977281554,0.29673072266778827,0.15343634183401622,0.21815937444295808,0.16684671820670294,0.1648268428485345
61,3,2,0.15091779292216273,0.3890410916458828,0.18785987916637656,0.1273188943557126,0.14486234190986527,0.11519257302432644,0.4263472098658421,0.16338780787405896,0.15520681278742351,0.13986559644834898,0.13963574028840434,0.33227424425783064,0.17760940506886272,0.17059145786750177,0.17988915251740045,0.048665990603567535,0.8731495705454138,0.02229845868169051,0.009772363434020399,0.046113616735307734,0.14555900993748727,0.3946370093788767,0.18418906847252892,0.1315020821204692,0.14411283009063783
463,2,1,0.37139685231153075,0.183113909721483,0.1555305012847011,0.16113780895893898,0.12882092772334625,0.4462791728318039,0.16028198671080063,0.1464683199146423,0.1560114856971884,0.09095903484556478,0.40505543070036737,0.15998989376113318,0.15279391724742344,0.1592257115072795,0.12293504678379648,0.9871643841362371,0.0047075067148268064,0.0027913205162124317,0.003842401503963969,0.0014943871287595735,0.3826292003895717,0.17968912126988063,0.15417117407919229,0.16036886046967638,0.12314164379167902
494,4,4,0.11411712373135278,0.12720414074212028,0.19263021213628823,0.306416687707887,0.2596318356823518,0.16490268713525222,0.18934622240404433,0.20592673620060523,0.15134371224199053,0.28848064201810764,0.1723022493243016,0.20331510813210266,0.19624451107127108,0.1413647510598084,0.28677338041251627,0.011021320786409411,0.0431694439090245,0.028412500230157855,0.16075647534914997,0.7566402597252583,0.1217349582419377,0.1365254529914089,0.19462469074593577,0.28315574138800254,0.2639591566327152
302,2,3,0.08886974177008285,0.14672554235087265,0.3623999153855771,0.2958492557819901,0.10615554471147719,0.14651877720873013,0.2664350559667151,0.22175712692703853,0.24725820652744376,0.11803083337007252,0.15229492953897572,0.28308798802179885,0.1975145943072398,0.22139559931574793,0.1457068888162377,0.021782336598662435,0.030596151973176125,0.9172335396921676,0.02115875313910285,0.009229218596890989,0.09751709708587994,0.164681969393249,0.3413034971167963,0.28856059839380815,0.10793683801026649
170,4,4,0.12993030252539348,0.14984610945136784,0.21877715674723056,0.4139597087288842,0.08748672254712382,0.15033626903768674,0.24031550298498752,0.27156735658304315,0.23191548908667825,0.10586538230760434,0.18133677106996918,0.25702938666425507,0.24498146321787914,0.19478738764750325,0.12186499140039336,0.0009174316382582546,0.00901620149917101,0.004215820110407666,0.9842507412904843,0.0015998054616786868,0.13299119750223745,0.16341651848141078,0.22669568672260243,0.3866530757825533,0.0902435215111959
5,4,2,0.16716214358850892,0.24391748814371822,0.19116859800897099,0.24402293698067554,0.15372883327812625,0.13226034728935745,0.37101978479217385,0.19617515848152925,0.19453048003161358,0.1060142294053259,0.16276656434136869,0.3346501286939639,0.17041914199343985,0.20794342323459333,0.12422074173663433,0.39090935363166823,0.4555021302942741,0.13036061798417786,0.020929417241935807,0.002298480847943944,0.16192687414363618,0.26298283264098654,0.19191958207985474,0.23659906843831624,0.14657164269720618
375,4,4,0.09420879976789331,0.07282384021167898,0.10790759751548427,0.3984186893960181,0.3266410731089253,0.09214669346506606,0.11091515579930167,0.16005257621145405,0.23601142001496778,0.40087415450921043,0.12345965665900877,0.1393984688062917,0.1857225039724383,0.20885604640015884,0.3425633241621024,0.18377302850904395,0.00823999599045597,0.1387012717076745,0.5839752681756882,0.08531043561713744,0.09389948382246921,0.07853753754982239,0.11572934431987975,0.37405759898886054,0.3377760353189681
499,2,1,0.32956956809166615,0.2751155406880849,0.21406447470659845,0.09318352030644736,0.08806689620720305,0.23374967275133063,0.271645397963985,0.15650394840024281,0.2031577466615263,0.1349432342229153,0.23623391624767406,0.24261287129764528,0.1584731413723074,0.21339934339509484,0.14928072768727843,0.9252139878611808,0.05772820756715933,0.007532191866970791,0.002678038626397823,0.006847574078291379,0.3151965837906158,0.27459501927946994,0.20543039576064512,0.1096796542597092,0.09509834690955989
6,4,2,0.18087797012824305,0.46672936912213,0.18136970468160238,0.09646266305936922,0.07456029300865541,0.1608004339993237,0.40199386888638755,0.18737825751119586,0.1811352132528423,0.06869222635025062,0.1908534409099072,0.34702571211850364,0.18323073714950308,0.2029294768140046,0.0759606330080816,0.3874418874644993,0.18813058652897285,0.03330266466372255,0.39006011473131386,0.0010647466114913724,0.17786633970890514,0.4570190440867686,0.18227098760604138,0.10916354558839018,0.07368008300989469
194,5,1,0.2894992550919281,0.15131885440224152,0.2213389097164843,0.22123399053758938,0.11660899025175667,0.2770425912372114,0.16190241848320053,0.18874867049124147,0.24424364218167335,0.12806267760667325,0.2633668984207463,0.16959202561765507,0.1917758897726436,0.18228476511030145,0.19298042107865357,0.29480063406362683,0.06401878479334928,0.2695840125128656,0.3174402833137051,0.05415628531645315,0.2876307555137206,0.15290638901438539,0.21645037383269786,0.22468543828420195,0.11832704335499415
477,2,2,0.17218653306789614,0.3451446141395159,0.19161385813877055,0.20195579533260088,0.08909919932121639,0.2525384671249035,0.3722319969240396,0.1648890175615307,0.166019546799657,0.04432097158986922,0.2583747076664271,0.35499434561656723,0.16311420685258451,0.1600882820871159,0.06342845777730524,0.007406227446589502,0.9635328586609584,0.0020561418215691127,0.02611831311857024,0.000886458952312513,0.18423932317644723,0.34920772155719443,0.18760513205218457,0.19656535805265932,0.08238246516151432
546,1,2,0.21307684512932754,0.24495441312128288,0.22563951842390056,0.17909979033816595,0.137229432987323,0.2744096545890195,0.1998727700002444,0.1895368923327747,0.18142095596850472,0.15475972710945665,0.21751546964271795,0.22717025314189687,0.18268498370300437,0.19348283711514888,0.17914645639723184,0.20904171098444538,0.03458463878378754,0.7134212304443026,0.026966128710986075,0.01598629107647833,0.22227676654828132,0.2381921666531271,0.22022412451023168,0.17944796518271675,0.13985897710564305
120,1,1,0.3469010732727378,0.27357905891263834,0.14167774661681776,0.14609362783342203,0.09174849336438388,0.3863071512475232,0.260346493978075,0.1444493532729009,0.15260405409210565,0.05629294740939511,0.3776570775596498,0.2488929236601087,0.14814744588924333,0.1577104995534143,0.06759205333758382,0.9956353538044975,0.0010102171408013368,0.0022432062380467166,0.000989746251946953,0.00012147656470747798,0.3528119849689556,0.27159417417245385,0.14209348761523022,0.14707019177222458,0.08643016147113557
73,2,1,0.510819886169562,0.15756316682777277,0.18520277573161187,0.0688994232821739,0.0775147479888794,0.4898032734478504,0.19993000168616284,0.13407126833224356,0.11394052455144028,0.06225493198230286,0.4565220846494528,0.21963932692854793,0.13426580163458346,0.13379291912584104,0.05577986766157489,0.7076496603217114,0.009536017523587959,0.07074048123740452,0.12515386512224275,0.08691997579505352,0.5076673942613052,0.1639181920565313,0.1775330496217066,0.07565558847256386,0.07522577558789291
275,1,2,0.14583656799575603,0.27444148014649966,0.2736713076201714,0.132877872700876,0.17317277153669688,0.08025905735313815,0.29761350949767723,0.16883530961305548,0.15458038139414657,0.29871174214198265,0.07666021785664508,0.26076012668257925,0.17040227900031737,0.1903370402971181,0.30184033616334016,0.020726102630429566,0.1657573555995689,0.11764181327404949,0.04540775596311476,0.6504669725328373,0.13599994139936333,0.2779172845491763,0.257945907919104,0.1361332490048666,0.19200361712748976
169,3,1,0.3656303340754832,0.159906108554812,0.15608232200374897,0.15563573426888447,0.16274550109707128,0.41556700141056974,0.12197526291908138,0.158540074364429,0.171388215452723,0.1325294458531968,0.3502760560040033,0.13087137254278633,0.159647655111491,0.17326427047954243,0.18594064586217707,0.47725313185297,0.0525662358465254,0.04781301622890101,0.10267931181393816,0.3196883042576654,0.37312083417574615,0.1542164817094524,0.15645098485785097,0.15799860644646024,0.1582130928104901
378,5,5,0.1050143246879377,0.06287156834235935,0.090043062338294,0.32856244556612496,0.413508599065284,0.17652136472424837,0.13340374647390876,0.17538127387971722,0.18735411658514858,0.32733949833697706,0.18802510845165674,0.1605624883755648,0.1653351032386022,0.18030573248431292,0.3057715674498633,0.11237862972130476,0.012365001514892657,0.09655511795142,0.26200783300861874,0.5166934178037638,0.1157403806933843,0.07345139506209176,0.10284379406950749,0.30738119621897847,0.40058323395603795
107,4,5,0.23320771496460843,0.22193942093674748,0.13933068797272397,0.11645259914286284,0.2890695769830573,0.2095809033702293,0.1897034426703448,0.1556800326182056,0.12038676681844103,0.32464885452277925,0.14830211764847434,0.212391875593236,0.16277173611019846,0.154158898248828,0.3223753723992633,0.1324189620429924,0.6778023546789771,0.10359297829119941,0.04403996451425769,0.042145740472573495,0.22966369322545155,0.21710402419678707,0.1417830896695462,0.11704272429419957,0.2944064686140156
284,2,1,0.3368654633089105,0.1693961164634481,0.1796766348166259,0.13371160211491992,0.1803501832960956,0.3049397730505148,0.19057923952238146,0.152990895278577,0.15416729032270504,0.19732280182582174,0.3172560694839193,0.18380532661164498,0.15087527893318797,0.16428803921639387,0.1837752857548539,0.909385955170062,0.017372814689485313,0.05677003776108766,0.0023245010901796,0.014146691289185496,0.33207660977015113,0.17257358492228808,0.1756737738859186,0.1367799553460877,0.18289607607555453
325,2,1,0.38680459544828616,0.1775564437222997,0.19302149478968977,0.16246843367385916,0.08014903236586512,0.4423097134283142,0.14536020977321673,0.1701022098461736,0.1527526906294898,0.08947517632280573,0.4098157755466258,0.15724982974209267,0.16311654942014764,0.1503156772723339,0.11950216801880013,0.6937305493591632,0.014250972305952575,0.14816878756642957,0.1334746703939165,0.010375020374538111,0.3951303631452904,0.17272700862993726,0.18958360204816233,0.16101107221720376,0.0815479539594062
397,2,5,0.06094543551495969,0.08473116454283841,0.05786331513067944,0.1392400576461093,0.6572200271654132,0.08498764304054125,0.14475965256062018,0.11562832997870681,0.13834544389750228,0.5162789305226294,0.12261376646063771,0.1690125914792577,0.13396479649193982,0.14887526093543482,0.42553358463272994,0.0005207655991566481,0.011654207812434238,0.00045144535886978054,0.0028035912465876867,0.9845699899829515,0.06455176664379693,0.09373543774550566,0.06652806735788354,0.13910586558381827,0.6360788626689956
531,2,1,0.35562048973914484,0.17153443094055584,0.21380680880063102,0.16755811026932035,0.091480160250348,0.41556436554131265,0.18895060138698175,0.16039837589376438,0.16678405525818452,0.06830260191975668,0.40572212761450244,0.19268561011995758,0.1619482892495525,0.1796892328633952,0.05995474015259213,0.94597118798892,0.0007163490209373698,0.03908035028357931,0.011676397906394121,0.0025557148001691854,0.36461207110946997,0.1741468565075197,0.20579554386460103,0.16744200201764997,0.08800352650075931
341,1,1,0.48898599031764206,0.1241135172210164,0.12887913598304057,0.12674960853896391,0.13127174793933713,0.49402515625533505,0.10268954931044777,0.12407423097935037,0.13361225651011954,0.14559880694474722,0.4186304696597271,0.11971798526358168,0.14008030401612756,0.13954209428211892,0.1820291467784447,0.9820683903047375,0.014898452114313858,0.0008372523337415999,0.0019032518693847553,0.00029265337782212036,0.489741865208296,0.1208999220344311,0.12815840023248704,0.12777900573463727,0.13342080679014864
116,2,3,0.24471045422102797,0.22913822474977938,0.3126250387896726,0.13126252220423332,0.08226376003528678,0.25925473361722307,0.3006598784607213,0.18839956799975774,0.17218636904204843,0.07949945088024961,0.2878479330899068,0.2565095996068593,0.16902096230652705,0.1848883687106622,0.10173313628604465,0.8842371328158641,0.08750817214560702,0.005865432471673851,0.019821042266037082,0.002568220300817882,0.2468920961304572,0.23986647280642065,0.2939912181711854,0.1374010992299056,0.08184911366203121
83,3,5,0.13075497271517303,0.12358793845179582,0.29069756752567427,0.2089450513337334,0.24601446997362356,0.11527936216103873,0.1318333606374716,0.1599328904828086,0.14725497211675756,0.4456994146019235,0.13730460767445737,0.13296098904518242,0.16011136145988972,0.14726889697125312,0.4223541448492174,0.1412697860077536,0.007737176966931579,0.11490635131403815,0.5567096142765792,0.17937707143469744,0.12843363113205286,0.12482475177964719,0.2710828659692444,0.199691539451187,0.27596721166786853
373,4,3,0.3003034001272775,0.16335876843265915,0.348180417443738,0.09255939019695833,0.09559802379936694,0.23887144553763417,0.17782522367942902,0.257122543870607,0.20153546031773042,0.12464532659459927,0.18924278451067314,0.16399242181073623,0.24685342520653109,0.21949066662546715,0.18042070184659234,0.36471022119029395,0.021576301004884137,0.5281552201316734,0.06116351274313653,0.024394744930012122,0.29108860693883104,0.16552873671967464,0.3345217364077684,0.10890580071507414,0.09995511921865177
380,5,5,0.14896070482727702,0.14481840433146248,0.2469591411959599,0.21378324670025148,0.24547850294504905,0.2504503112426865,0.15939968925081147,0.17898508410351963,0.17382773469532176,0.2373371807076606,0.28060725157661537,0.1613184354694278,0.1763318120436749,0.1802575507605337,0.2014849501497483,0.198835837178571,0.062483753499235524,0.27710436193975424,0.2203912548496025,0.24118479253283664,0.16418414578958843,0.14700559706936484,0.23676303263209386,0.207789919899512,0.24425730460944078
364,5,1,0.2555615019956636,0.23705516768048368,0.18897963466758352,0.15082689871846666,0.16757679693780259,0.2765094463890152,0.22862635855215988,0.15705305142740186,0.14829024408180097,0.18952089954962212,0.35517855121318503,0.20386515132587957,0.1433948394511344,0.15418883431461114,0.14337262369518985,0.11628591580881277,0.0573459482067,0.7010572297637369,0.12430567946744028,0.0010052267533101548,0.25870369365466633,0.23579084631123512,0.18419064718155628,0.15044640052296682,0.1708684123295755
575,1,1,0.38492182761223614,0.2195116750078744,0.14973005045538743,0.12241659672691449,0.12341985019758749,0.28976786788812664,0.26906134728946685,0.1607923898691668,0.1257687944383701,0.15460960051486958,0.2957352397379484,0.22129839977131827,0.17113824772836564,0.1541768029997825,0.1576513097625852,0.9766789107868848,0.00921748857834354,0.004151995266672494,0.009279125067213605,0.0006724803008854762,0.3706487336536197,0.22694412585011328,0.15138940136745432,0.12291942638363283,0.1280983127451798
71,1,1,0.35031745486240556,0.14752776948770654,0.31206493091223436,0.09932579971189058,0.09076404502576306,0.3691024848023357,0.17403609418244817,0.21513903686917082,0.17547270005906465,0.06624968408698055,0.3284188725172389,0.17979129616526576,0.20774759874208007,0.19893286017231906,0.08510937240309618,0.8501760101439231,0.006263586378067606,0.13054169304153118,0.009550394385748092,0.0034683160507300863,0.3531352093533951,0.15150401819191778,0.2975260468057748,0.11074783476396668,0.08708689088494569
