title,venue,year,authors,doi,Label,id,abstract
Tabled CLP for Reasoning Over Stream Data.,iclp,2016,"Edmond Jajaga, Lule Ahmedi",10.1109/icsc.2017.64,1,299,"Semantic technologies have been extensively used for integrating stream data applications. However, using SWRL, which has become the de facto standard rule language in Semantic Web, has never been used in stream data applications. Its open world assumption and monotonic nature makes SWRL powerless for doing continuous inference over stream data. For example, using aggregate functions on a particular window of streams cannot be expressed in SWRL. C-SPARQL is a framework which supports continuous querying over data streams. We introduce here C-SWRL, a unified Semantic Web stream reasoning system that further supports continuous reasoning over stream data. C-SWRL utilizes C-SPARQL filtering and aggregation of RDF streams to enable closed-world and time-aware reasoning with SWRL rules. Moreover, the non-monotonic behavior is supported with the use of OWLAPI constructs. The system is presented by means of examples in water quality monitoring."
"XAI-LAW: A Logic Programming Tool for Modeling, Explaining, and Learning Legal Decisions.",iclp,2025,"Agostino Dovier, Talissa Dreossi, Andrea Formisano, Benedetta Strizzolo",10.4204/eptcs.439.28,5,92,"We propose an approach to model articles of the Italian Criminal Code (ICC), using Answer Set Programming (ASP), and to semi-automatically learn legal rules from examples based on prior judicial decisions. The developed tool is intended to support legal experts during the criminal trial phase by providing reasoning and possible legal outcomes. The methodology involves analyzing and encoding articles of the ICC in ASP, including ""crimes against the person"" and property offenses. The resulting model is validated on a set of previous verdicts and refined as necessary. During the encoding process, contradictions may arise; these are properly handled by the system, which also generates possible decisions for new cases and provides explanations through a tool that leverages the ""supportedness"" of stable models. The automatic explainability offered by the tool can also be used to clarify the logic behind judicial decisions, making the decision-making process more interpretable. Furthermore, the tool integrates an inductive logic programming system for ASP, which is employed to generalize legal rules from case examples."
"Workshop Proceedings of the 40th International Conference on Logic Programming (ICLP-WS 2024) co-located with the 40th International Conference on Logic Programming (ICLP 2024), Dallas, TX, USA, October 12th and 13th, 2024.",iclp,2024,"Esteban Guerrero, Juan Carlos Nieves",10.1007/978-3-031-74209-5_21,1,311,"Traditionally, in the argumentation theory literature structured arguments are constructed from rules interpretations aiming to build well-supported deductive evidence. Different from other approaches, we emphasize the role of investigating general frameworks that..."
Probabilistic Active Goal Recognition.,kr,2025,"Chenyuan Zhang, Cristian Rojas Cardenas, Hamid Rezatofighi, Mor Vered, Buser Say",10.24963/kr.2025/85,5,136,"In multi-agent environments, effective interaction hinges on understanding the beliefs and intentions of other agents. While prior work on goal recognition has largely treated the observer as a pas..."
Heuristic Strategies for Accelerating Multi-Agent Epistemic Planning.,kr,2024,"Biqing Fang, Fangzhen Lin",10.24963/kr.2024/32,1,41,"Multi-agent epistemic planning (MEP) is about achieving an epistemic goal in a multi-agent environment using agentsâ actions that have epistemic preconditions and effects. Recently, MEP has receive..."
Succinctness and Complexity of ALC with Counting Perceptrons.,kr,2023,"Pietro Galliani, Oliver Kutz, Nicolas Troquard",10.24963/kr.2023/29,3,235,Perceptron operators have been introduced to knowledge representation languages such as description logics in order to define concepts by listing features with associated weights and by giving a th...
Action Languages and COVID-19: Lessons Learned.,iclp,2020,,10.1515/9781503629882-011,2,518,"There must be a way to put both health and care back into health care. Biomedicine is a strong imperial power. But it’s not the only power in the world.Much effort has gone into trying to put the care back in, to take people outside of the efficiency of the hospital and into a more humanized care. It’s seen as expensive. Maybe it is. But the hospital isn’t cheap. What if some of the money that is poured into long and useless hospital-izations  were  spent  on  family  leave?  Home  birth  with  back-up  medical  services  as  needed  can  be  far  cheaper  than putting everyone into hospitals. Hospice care can be cheaper than horrific, isolating, and pointless ICU stays. People in places like Finland and Canada regularly try to tell me that unlike the US they have free care. But it’s not free.  It’s  tax  money  going  to  the  Biomedical  Empire.  Money that could be spent on home care, on caring care.We are, even in the midst of globalization, still a world"
"Flexible, Lifelong, Explainable, and Robust Solutions for Multi-Agent Path Finding Problems.",iclp,2025,Aysu Bogatarkan,10.1609/aaai.v40i48.42143,4,403,"Abstract The multi-agent path finding (MAPF) problem is a combinatorial search problem that aims at finding paths for multiple agents in an environment without collisions, subject to constraints on the lengths of paths. The real-world applications of MAPF require flexible, lifelong, robust and explainable solutions. In this study, these challenges are being addressed."
Planning Domain Model Acquisition from State Traces without Action Parameters.,kr,2024,"Tomáš Balyo, Martin Suda, Lukáš Chrpa, Dominik Šafránek, Stephan Gocht, Filip Dvořák, Roman Barták, G. Michael Youngblood",10.24963/kr.2024/76,1,569,Existing planning action domain model acquisition approaches consider different types of state traces from which they learn. The differences in state traces refer to the level of observability of s...
CHRvis: Syntax and Semantics.,iclp,2018,,10.1016/s0092-4563(08)36021-8,1,342,"The year is 2002 and here we are at a symposium on Foundations and the Ontological Quest. The first thing to say is how bleak the present situation is. In foundational studies of mathematics and physics we have been stuck for seventy years; despite numerous books, articles, and meetings, there has been no real progress. Seventy years ago Gödel established his incompleteness theorem [1], destroying the foundational program of David Hilbert [2]. Just a year or two later, Gödel showed [3] that Brouwer’s intuitionism [4], advanced as a correct constructive alternative to an allegedly incorrect classical mathematics, was actually an extension of classical mathematics rather than an alternative to it. In short order Gödel dashed the hopes of the formalists and the intuitionists, seemingly leaving no choice other than blind Platonic belief. I shall say more about this later. Just over seventy years ago, Heisenberg [5] and Schrödinger [6] created quantum mechanics. There have been innumerable attempts to develop a rational understanding of this eminently successful physical theory, but not one of them has met with general acceptance. The foundations of cosmology seem to change radically every few years. It is a field in which, more than in any other science, the problem of separating observational fact from theoretical assumption is refractory. I look forward to learning about foundational problems of cognitive science. I hope there is progress there. But in mathematics and physics there has been little or none in seventy long years."
Exploring Neurosymbolic Systems in Answer Set Programming with an Application to Waste Water Monitoring.,iclp,2025,"Steffen Schieweck, Gabriele Kern-Isberner, Michael ten Hompel",10.5220/0006489300250034,5,510,"Intelligent, self-driving vehicles on public roads are widely noted in the media nowadays. In warehouse and production systems, such vehicles have been common for a number of years, even though their intelligence has only come to awareness in the recent years. Those systems are especially tailored to work in volatile environments which change (to some degree) every few weeks or months. Thus, programming is required to be as flexible as possible while still providing high efficiency. Answer set programming is a well known paradigm which has received remarkable attention in the recent years. In this paper several approaches are presented and evaluated to apply answer set programming to an order-picking system with intelligent vehicles. The interconnected planning tasks are the dispatching of vehicles to driving jobs and the assignment of customer orders to picking stations."
On Simple Expectations and Observations of Intelligent Agents: A Complexity Study.,kr,2023,"Sourav Chakraborty, Avijeet Ghosh, Sujata Ghosh, François Schwarzentruber",10.24963/kr.2023/14,4,451,Public observation logic (POL) reasons about agent expectations and agent observations in various real world situations. The expectations of agents take shape based on certain protocols about the w...
"Proceedings 38th International Conference on Logic Programming, ICLP 2022 Technical Communications / Doctoral Consortium, Haifa, Israel, 31st July 2022 - 6th August 2022.",iclp,2022,,10.1007/978-3-031-26622-5,1,29,"The DaLi 2022 proceedings deal with the field of dynamic logic, its variants and applications, e.g. quantum dynamic logic, Kleene and action algebras."
Testing of Concurrent Programs.,iclp,2016,Valerio Terragni,10.14711/thesis-b1778938,1,134,"Rapid advances in multi-core chip technology have lead to pervasive adoption of shared-memory concurrent programming, where software is jointly executed by multiple threads in a shared memory space. The inherent complexity of thread synchronization makes the evolution of concurrent programs error-prone, because code modification can affect how threads synchronize, which in turn can induce concurrent faults. Regression testing is an important activity performed to guard against faults introduced by code changes. It is often performed by re-executing those existing tests that run successfully before code modification. If these tests trigger an unexpected failure, developers know that the code modification has introduced a regression fault. However, this approach has two fundamental problems that make it inefficient and ineffective to expose regression faults: (1) Re-executing all the existing tests often requires long execution times, which can easily exceed the affordable time budget. (2) Existing tests might not be adequate to expose regression faults - in this case developers have to write additional tests, which is costly and labor intensive. This situation is aggravated for concurrent programs whose executions have non-deterministic behaviours, depending on the manifested thread interleavings. To address these problems, in this thesis, we propose first a technique to reduce the execution times of regression testing concurrent programs by exploring only those interleavings that could reveal regression faults. Further, we propose a technique to alleviate the developers's burden of writing new concurrent tests manually. We also present a combination of these two techniques to generate effective tests and oracles that expose and detect regression faults in concurrent programs."
Determining Action Reversibility in STRIPS Using Answer Set Programming.,iclp,2020,"WOLFGANG FABER, MICHAEL MORAK, LUKÁŠ CHRPA",10.1017/s1471068421000429,3,321,Determining Action Reversibility in STRIPS Using Answer Set and Epistemic Logic Programming - Volume 21 Issue 5
Domain-Independent Instance Generation for Classical Planning.,kr,2025,"Claudia Grundke, Malte Helmert, Gabriele Röger",10.24963/kr.2025/77,5,171,Learning-based planning systems learn domain-specific knowledge that helps them to solve unseen tasks from the same planning domain. For this purpose they require a diverse set of training instance...
On Teaching Constraint-based Modeling and Algorithms for Decision Support in Prolog.,iclp,2024,"Huaiqing Wang, Stephen Liao, Lejian Liao",10.1016/s0167-9236(01)00138-5,4,357,"Most existing decision support systems (DSSs) are hard to fit satisfactorily into emerging working practices or organizational environments. Decision-making is becoming more pluralistic and less hierarchical, determined not so much by position in the corporate hierarchy but much by the argumentative and evidential value. Such decision-making can only be supported by those DSSs with negotiation support facilities. Intelligent negotiation agents can be used to model many decision-making negotiation tasks. Such negotiation agents are able to interact and negotiate with users and with each other. In addition, the newly emerging constraint agent technology provides a promising solution for such negotiation agents. In this paper, we present a model by applying constraint negotiation agents for DSSs. An object-oriented constraint language for modeling constraint agents is defined. Within our model, constraint DSS agents are able to reason cooperatively with users or with other agents. Negotiation among agents and users is modeled as a process of interactive constraint satisfaction. Efficient algorithms for the implementation of negotiation-oriented constraint satisfaction are also presented. As manpower costs become more and more expensive and as the negotiation workload increases, the future DSSs will play more important roles in the negotiation process. It is expected that our work will contribute to the future DSS design and development."
Relational Graph Convolutional Networks Do Not Learn Sound Rules.,kr,2024,"Matthew Morris, David J. Tena Cucala, Bernardo Cuenca Grau, Ian Horrocks",10.24963/kr.2024/84,4,13,"Graph neural networks (GNNs) are frequently used to predict missing facts in knowledge graphs (KGs). Motivated by the lack of explainability for the outputs of these models, recent work has aimed t..."
On the Correspondence Between Monotonic Max-Sum GNNs and Datalog.,kr,2023,"David Tena Cucala, Bernardo Cuenca Grau, Boris Motik, Egor V. Kostylev",10.24963/kr.2023/64,4,417,"Although there has been significant interest in applying machine learning techniques to structured data, the expressivity (i.e., a description of what can be learned) of such techniques is still po..."
Contracted Temporal Equilibrium Logic.,kr,2024,"Pedro Cabalar, Thomas Eiter, Davide Soldà",10.24963/kr.2024/21,3,404,"The stable model semantics of logic programs has been characterized by Equilibrium Logic, which is a non-monotonic formalism that selects models from the (monotonic) intermediate logic of Here-and-..."
Improving Candidate Quality of Probabilistic Logic Models.,iclp,2018,Alex M. Andrew,10.1108/k.2000.06729iae.003,3,481,"The text presents logic and probabilistic techniques for computer modelling and analytical study of risks of losses in banks and ventures. The authors claim that in a field of credit risk evaluation the logic and probabilistic techniques may guarantee twofold more accuracy and sevenfold more robustness of credit classification than conventional methods. Namely, it is demonstrated theoretically, as well as by example, that now classical techniques of neural network based classification, using tabular representation of ""object-attribute""mapping, may lose in precision when competing with techniques offered in this book. A complex problem of quantitative evaluation of a risk of losses is linked to classification and estimation tasks. A theory of logic and probabilistic modelling of failure risks in the groups of incompatible events is introduced. Learning and identification techniques of designing reflexive logical models from statistical data are discussed. An outline of software implementation of the logic and probabilistic models is presented. The book is aimed at analysts in banks and ventures, students in business schools and postgraduate researchers, all those interested in numerical estimation and analysis of failure risks."
Extracting Policies from Quantified Answer Set Programs.,iclp,2025,"Martín Diéguez, Igor Stéphan",10.4204/eptcs.439.16,5,74,"Quantified Answer Set Programming (QASP) extends Answer Set Programming (ASP) by allowing quantification over propositional variables, similar to Quantified Boolean Formulas (QBF). In this paper, we interpret models of QASP formulas in terms of policies, which represent decision-making strategies that determine how existentially quantified variables should be assigned, given the conditions set by universally quantified variables. As a main contribution, we present an algorithm for policy extraction under QASP semantics, inspired by the Equilibrium Logic semantics for general ASP theories."
On Combining Collective Entity Resolution and Repairing (Extended Abstract).,kr,2023,"Meghyn Bienvenu, Gianluca Cima, Víctor Gutiérrez-Basulto",10.24963/ijcai.2023/349,3,361,"This paper considers the problem of querying dirty databases, which may contain both erroneous facts and multiple names for the same entity. While both of these data quality issues have been widely studied in isolation, our contribution is a holistic framework for jointly deduplicating and repairing data. Our REPLACE framework follows a declarative approach, utilizing logical rules to specify under which conditions a pair of entity references can or must be merged and logical constraints to specify consistency requirements. The semantics defines a space of solutions, each consisting of a set of merges to perform and a set of facts to delete, which can be further refined by applying optimality criteria. As there may be multiple optimal solutions, we use classical notions of possible and certain query answers to reason over the alternative solutions, and introduce a novel notion of most informative answer to obtain a more compact presentation of query results. We perform a detailed analysis of the data complexity of the central reasoning tasks of recognizing optimal solutions and (most informative) possible and certain answers, for each of the three notions of optimal solution and for both general and restricted specifications."
Navigating and Querying Answer Sets: How Hard Is It Really and Why?,kr,2024,"Dominik Rusovac, Markus Hecher, Martin Gebser, Sarah Alice Gaggl, Johannes K. Fichte",10.24963/kr.2024/60,5,409,Answer set programming is a popular declarative paradigm with countless applications for modeling and solving combinatorial problems. We can view a program as a knowledge database compactly represe...
Explanations for Unrealizability of Infinite-State Safety Shields.,kr,2025,"Andoni Rodríguez, Irfansha Shaik, Davide Corsi, Roy Fox, César Sánchez",10.24963/kr.2025/83,2,56,"Safe Reinforcement Learning focuses on developing optimal policies while ensuring safety. A popular method to address such task is shielding, in which a correct-by-construction safety component ..."
Emerson-Lei and Manna-Pnueli Games for LTLf+ and PPLTL+ Synthesis.,kr,2025,"Daniel Hausmann, Shufang Zhu, Gianmarco Parretti, Christoph Weinhuber, Giuseppe De Giacomo, Nir Piterman",10.24963/kr.2025/78,1,203,"Recently, the Manna-Pnueli Hierarchy has been used to define the temporal logics LTLf+ and PPLTL+, which allow to use finite-trace LTLf/PPLTL techniques in infinite-trace settings while achieving t..."
Commonsense Reasoning-Aided Autonomous Vehicle Systems.,iclp,2024,Keegan Kimbrell,10.4204/eptcs.416.36,1,103,"Autonomous Vehicle (AV) systems have been developed with a strong reliance on machine learning techniques. While machine learning approaches, such as deep learning, are extremely effective at tasks that involve observation and classification, they struggle when it comes to performing higher level reasoning about situations on the road. This research involves incorporating commonsense reasoning models that use image data to improve AV systems. This will allow AV systems to perform more accurate reasoning while also making them more adjustable, explainable, and ethical. This paper will discuss the findings so far and motivate its direction going forward."
Precise Exponential-Time Complexity of Non-Monotonic Reasoning.,iclp,2025,Georg Gottlob,10.7551/mitpress/4307.003.0022,3,448,"In this talk I present a selection of recent results on the complexity of different decision problerns arising in nonmonotonic reasoning and logic programming. In particular, I deal with circumscription, autoepi- stemic logic, default logic, McDermott-style nonmonotonic logics, ab- ductive reasoning, theory revision and disjunctive logic programming. It turns out that for each of these forms of reasoning, the complexity in the general case is one level harder in the polynomial hierarchy than classical propositional deduction. Most problems are complete for E2 or II"", but particular variants of nonmonotonic reasoning are complete for exotic complexity classes such as PNP[O(logn)] and 42. Many researchers believe that determining the complexity of a pro- blem P merely consists in attaching to this problem a quantitative mea- sure, namely the degree of its tractability in the worst case. In the se- cond part of the talk, I will argue that a worst case complexity analysis gives us usually far more, namely, a very good qualitative understanding of the problem P. This qualitative knowledge can be fruitfully applied for designing algorithms or for understanding the relationship between several forms of logic programming and nonmonotonic reasoning. After a discussion of some open problems, the talk is concluded with directions for further research."
Semantically Guided Scene Generation via Contextual Reasoning and Algebraic Measures.,iclp,2023,Wenhao Ding,10.1109/tits.2024.3510515/mm1,2,269,"Generating adversarial scenes that potentially fail autonomous driving systems provides an effective way to improve their robustness. Extending purely data-driven generative models, recent specialized models satisfy additional controllable requirements such as embedding a traffic sign in a driving scene by manipulating patterns implicitly at the neuron level. In this paper, we introduce a method to incorporate domain knowledge explicitly in the generation process to achieve Semantically Adversarial Generation (SAG). To be consistent with the composition of driving scenes, we first categorize the knowledge into two types, the property of objects and the relationship among objects. We then propose a tree-structured variational auto-encoder (T-VAE) to learn hierarchical scene representation. By imposing semantic rules on the properties of nodes and edges into the tree structure, explicit knowledge integration enables controllable generation. To demonstrate the advantage of structural representation, we construct a synthetic example to illustrate the controllability and explainability of our method in a succinct setting. We further extend to realistic environments for autonomous vehicles, showing that our method efficiently identifies adversarial driving scenes against different state-of-the-art 3D point cloud segmentation models and satisfies the constraints specified as explicit knowledge."
Cumulative Scoring-Based Induction of Default Theories.,iclp,2018,,10.1002/eng2.70433/v1/review2,1,3,"The participation of distributed energy resources in demand response enriches the manners of power grid dispatching. However, due to the profit-seeking behaviors of some demand response suppliers, the cleared trading volumes may not be executed as expected. Therefore, this paper proposes a deep learning-based credit scoring method for reducing profit-seeking default behaviors in demand response. First, a modified demand response model is constructed considering the default probability of DRSs to simulate the interaction between the distribution network trading coordinator and demand response suppliers. Then, to evaluate the default probability, a transaction credit and market value-based default probability evaluation model is proposed. Because of the complexity of data acquisition, the credit evaluation may be biased. Thus, a deep learning-based credit scoring method is proposed for objectively quantifying credit of the transaction stakeholders, which can be efficiently applied in a variety of complex data types. Finally, simulations on an urban area with an industrial zone, two commercial zones, and a residential zone are shown to illustrate the validity of the proposed method."
Theory Revision with Goal-directed ASP.,iclp,2021,,10.1017/cbo9781107257115.023,5,424,
Lazy Stream Programming in Prolog.,iclp,2019,"Paul Tarau, Jan Wielemaker, Tom Schrijvers",10.4204/eptcs.306.26,4,263,"In recent years, stream processing has become a prominent approach for incrementally handling large amounts of data, with special support and libraries in many programming languages. Unfortunately, support in Prolog has so far been lacking and most existing approaches are ad-hoc. To remedy this situation, we present lazy stream generators as a unified Prolog interface for stateful computations on both finite and infinite sequences of data that are produced incrementally through I/O and/or algorithmically. We expose stream generators to the application programmer in two ways: 1) through an abstract sequence manipulation API, convenient for defining custom generators, and 2) as idiomatic lazy lists, compatible with many existing list predicates. We define an algebra of stream generator operations that extends Prolog via an embedded language interpreter, provides a compact notation for composing generators and supports moving between the two isomorphic representations. As a special instance, we introduce answer stream generators that encapsulate the work of coroutining first-class logic engines and support interoperation between forward recursive AND-streams and backtracking-generated OR-streams. Keywords: lazy stream generators, lazy lists, first-class logic engines, stream combinators, AND-stream / OR-stream interoperation, Prolog extensions"
ASP Chef: Draw and Expand.,kr,2024,"Mario Alviano, Luis Angel Rodriguez Reiners",10.24963/kr.2024/68,5,320,"ASP Chef is a versatile tool built upon the principles of Answer Set Programming (ASP), offering a unique approach to problem-solving through the concept of ASP recipes. In this paper, we explore ..."
Product Configuration in Answer Set Programming.,iclp,2021,Seemran Mishra,10.4204/eptcs.345.46,4,172,"This is a preliminary work on configuration knowledge representation which serves as a foundation for building interactive configuration systems in Answer Set programming (ASP). The major concepts of the product configuration problem are identified and discussed with a bike configuration example. A fact format is developed for expressing product knowledge that is domain-specific and can be mapped from other systems. Finally, a domain-independent ASP encoding is provided that represents the concepts in the configuration problem."
An Implementation of a Non-monotonic Logic in an Embedded Computer for a Motor-glider.,iclp,2019,"José Luis Vilchis Medina, Pierre Siegel, Vincent Risch, Andrei Doncescu",10.4204/eptcs.306.37,2,579,"In this article we present an implementation of non-monotonic reasoning in an embedded system. As a part of an autonomous motor-glider, it simulates piloting decisions of an airplane. A real pilot must take care not only about the information arising from the cockpit (airspeed, altitude, variometer, compass...) but also from outside the cabin. Throughout a flight, a pilot is constantly in communication with the control tower to follow orders, because there is an airspace regulation to respect. In addition, if the control tower sends orders while the pilot has an emergency, he may have to violate these orders and airspace regulations to solve his problem (e.g. emergency landing). On the other hand, climate changes constantly (wind, snow, hail..) and can affect the sensors. All these cases easily lead to contradictions. Switching to reasoning under uncertainty, a pilot must make decisions to carry out a flight. The objective of this implementation is to validate a non-monotonic model which allows to solve the question of incomplete and contradictory information. We formalize the problem using default logic, a non-monotonic logic which allows to find fixed-points in the face of contradictions. For the implementation, the Prolog language is used in an embedded computer running at 1 GHz single core with 512 Mb of RAM and 0.8 watts of energy consumption."
aspmc: An Algebraic Answer Set Counter.,iclp,2021,"Thomas Eiter, Markus Hecher, Rafael Kiesel",10.1016/j.artint.2024.104109,3,493,
A Category-Theoretic Perspective on Approximation Fixpoint Theory.,iclp,2024,Samuele Pollaci,10.4204/eptcs.416.37,4,326,"Approximation Fixpoint Theory (AFT) was founded in the early 2000s by Denecker, Marek, and Truszczyński as an abstract algebraic framework to study the semantics of non-monotonic logics. Since its early successes, the potential of AFT as a unifying semantic framework has become widely recognised, and the interest in AFT has gradually increased, with applications now ranging from foundations of database theory to abstract argumentation. The non-monotonic constructive processes that occur in many more areas of computer science, together with their associated semantic structures, can be successfully studied using AFT, which greatly simplifies their characterizations. The goal of my research is to take a step towards the lifting of AFT into a more general framework for constructive knowledge."
Dialectical Reconciliation via Structured Argumentative Dialogues.,kr,2024,"Stylianos Loukas Vasileiou, Ashwin Kumar, William Yeoh, Tran Cao Son, Francesca Toni",10.24963/kr.2024/73,1,543,"We present a novel framework designed to extend model reconciliation approaches, commonly used in human-aware planning, for enhanced human-AI interaction. By adopting a structured argumentation-bas..."
Exploring Digital Twins integration with ASP and ASP Chef.,iclp,2025,Fiona Rossette-Crake,10.4000/15c2h,4,582,
Reasoning with Restricted Statistical Statements in Probabilistic Answer Set Programming: Complexity and Algorithms.,kr,2025,"Damiano Azzolini, Markus Hecher",10.24963/kr.2025/6,4,552,"Statistical statements are an expressive tool for representing statistical information of a domain of interest. Recently, these statements were given a meaning in the context of Probabilistic A..."
Fixpoint Characterizations of Disjunctive Hybrid MKNF Knowledge Bases.,iclp,2021,"Spencer Killen, Jia-Huai You",10.4204/eptcs.364.6,1,512,"The logic of hybrid MKNF (minimal knowledge and negation as failure) is a powerful knowledge representation language that elegantly pairs ASP (answer set programming) with ontologies. Disjunctive rules are a desirable extension to normal rule-based reasoning and typically semantic frameworks designed for normal knowledge bases need substantial restructuring to support disjunctive rules. Alternatively, one may lift characterizations of normal rules to support disjunctive rules by inducing a collection of normal knowledge bases, each with the same body and a single atom in its head. In this work, we refer to a set of such normal knowledge bases as a head-cut of a disjunctive knowledge base. The question arises as to whether the semantics of disjunctive hybrid MKNF knowledge bases can be characterized using fixpoint constructions with head-cuts. Earlier, we have shown that head-cuts can be paired with fixpoint operators to capture the two-valued MKNF models of disjunctive hybrid MKNF knowledge bases. Three-valued semantics extends two-valued semantics with the ability to express partial information. In this work, we present a fixpoint construction that leverages head-cuts using an operator that iteratively captures three-valued models of hybrid MKNF knowledge bases with disjunctive rules. This characterization also captures partial stable models of disjunctive logic programs since a program can be expressed as a disjunctive hybrid MKNF knowledge base with an empty ontology. We elaborate on a relationship between this characterization and approximators in AFT (approximation fixpoint theory) for normal hybrid MKNF knowledge bases."
Natural Language Generation for Non-Expert Users.,iclp,2019,"Van Duc Nguyen, Tran Cao Son, Enrico Pontelli",10.4204/eptcs.306.33,5,48,"Motivated by the difficulty in presenting computational results, especially when the results are a collection of atoms in a logical language, to users, who are not proficient in computer programming and/or the logical representation of the results, we propose a system for automatic generation of natural language descriptions for applications targeting mainstream users. Differently from many earlier systems with the same aim, the proposed system does not employ templates for the generation task. It assumes that there exist some natural language sentences in the application domain and uses this repository for the natural language description. It does not require, however, a large corpus as it is often required in machine learning approaches. The systems consist of two main components. The first one aims at analyzing the sentences and constructs a Grammatical Framework (GF) for given sentences and is implemented using the Stanford parser and an answer set program. The second component is for sentence construction and relies on GF Library. The paper includes two use cases to demostrate the capability of the system. As the sentence construction is done via GF, the paper includes a use case evaluation showing that the proposed system could also be utilized in addressing a challenge to create an abstract Wikipedia, which is recently discussed in the BlueSky session of the 2018 International Semantic Web Conference."
Treewidth in Non-Ground Answer Set Solving and Alliance Problems in Graphs.,iclp,2017,"Bernhard Bliem, Michael Morak, Marius Moldovan, Stefan Woltran",10.1613/jair.1.11515,2,376,"In this paper, we aim to study how the performance of modern answer set programming (ASP) solvers is influenced by the treewidth of the input program and to investigate the consequences of this relationship. We first perform an experimental evaluation that shows that the solving performance is heavily influenced by treewidth, given ground input programs that are otherwise uniform, both in size and construction. This observation leads to an important question for ASP, namely, how to design encodings such that the treewidth of the resulting ground program remains small. To this end, we study two classes of disjunctive programs, namely guarded and connection-guarded programs. In order to investigate these classes, we formalize the grounding process using MSO transductions. Our main results show that both classes guarantee that the treewidth of the program after grounding only depends on the treewidth (and the maximum degree, in case of connection-guarded programs) of the input instance. In terms of parameterized complexity, our findings yield corresponding FPT results for answer-set existence for bounded treewidth (and also degree, for connection-guarded programs) of the input instance. We further show that bounding treewidth alone leads to NP-hardness in the data complexity for connection-guarded programs, which indicates that the two classes are fundamentally different. Finally, we show that for both classes, the data complexity remains as hard as in the general case of ASP."
"Proceedings of the 21st International Conference on Principles of Knowledge Representation and Reasoning, KR 2024, Hanoi, Vietnam. November 2-8, 2024.",kr,2024,,10.24963/kr.2024,1,590,
Knowledge Authoring with Factual English.,iclp,2022,"Yuheng Wang, Giorgian Borca-Tasciuc, Nikhil Goel, Paul Fodor, Michael Kifer",10.4204/eptcs.364.10,3,523,"Knowledge representation and reasoning (KRR) systems represent knowledge as collections of facts and rules. Like databases, KRR systems contain information about domains of human activities like industrial enterprises, science, and business. KRRs can represent complex concepts and relations, and they can query and manipulate information in sophisticated ways. Unfortunately, the KRR technology has been hindered by the fact that specifying the requisite knowledge requires skills that most domain experts do not have, and professional knowledge engineers are hard to find. One solution could be to extract knowledge from English text, and a number of works have attempted to do so (OpenSesame, Google's Sling, etc.). Unfortunately, at present, extraction of logical facts from unrestricted natural language is still too inaccurate to be used for reasoning, while restricting the grammar of the language (so-called controlled natural language, or CNL) is hard for the users to learn and use. Nevertheless, some recent CNL-based approaches, such as the Knowledge Authoring Logic Machine (KALM), have shown to have very high accuracy compared to others, and a natural question is to what extent the CNL restrictions can be lifted. In this paper, we address this issue by transplanting the KALM framework to a neural natural language parser, mStanza. Here we limit our attention to authoring facts and queries and therefore our focus is what we call factual English statements. Authoring other types of knowledge, such as rules, will be considered in our followup work. As it turns out, neural network based parsers have problems of their own and the mistakes they make range from part-of-speech tagging to lemmatization to dependency errors. We present a number of techniques for combating these problems and test the new system, KALMFL (i.e., KALM for factual language), on a number of benchmarks, which show KALMFL achieves correctness in excess of 95%."
Explaining Image Classifiers.,kr,2024,"Hana Chockler, Joseph Y. Halpern",10.24963/kr.2024/25,5,426,"We focus on explaining image classifiers, taking the work of Mothilal et al. 2021 (MMTS) as our point of departure. We observe that, although MMTS claim to be using the definition of explanation p..."
Entity set expansion from the Web via ASP.,iclp,2017,"Weronika Adrian, Paweł Caryk",10.5220/0010715100003058,5,212,
Encoding Choice Logics in ASP.,iclp,2020,Luca Viganò,10.1007/978-1-4757-3208-5_5,4,317,We have used the generic theorem prover Isabelle [181] to implement the non-classical logis we presented. The logical basis of Isabelle is a natural deduction presentation of minimal implicational predicate logic with universal quantification over all higher-types...
"Front Matter, Table of Contents, Preface, Conference Organization.",iclp,2018,,10.1484/m.art-eb.5.138353,1,390,"Preview this chapter: Front Matter (""Preface"", ""Table of Contents""), Page 1 of 1 < Previous page | Next page > /docserver/preview/fulltext/10.1484/M.ART-EB.5.105705/M.ART-EB.5.138353-1.gif Hardbound ISBN: 978-90-70419-31-8 E-book ISBN: 978-2-503-56426-5 Book DOI : https://doi.org/10.1484/M.ART-EB.5.105705"
Generalizing Platform-Aware Mission Planning for Infinite-State Timed Transition Systems.,kr,2025,"Stefan Panjkovic, Alessandro Cimatti, Andrea Micheli, Stefano Tonetta",10.24963/kr.2025/81,2,502,"The Platform-Aware Mission Planning (PAMP) problem, formalizes the relationship between an automated temporal planning problem and an execution platform modeled as a Timed Automaton. The PAMP pr..."
Bridging Logic Programming and Deep Learning for Explainability through ILASP.,iclp,2024,Talissa Dreossi,10.4204/eptcs.416.31,5,479,"My research explores integrating deep learning and logic programming to set the basis for a new generation of AI systems. By combining neural networks with Inductive Logic Programming (ILP), the goal is to construct systems that make accurate predictions and generate comprehensible rules to validate these predictions. Deep learning models process and analyze complex data, while ILP techniques derive logical rules to prove the network's conclusions. Explainable AI methods, like eXplainable Answer Set Programming (XASP), elucidate the reasoning behind these rules and decisions. The focus is on applying ILP frameworks, specifically ILASP and FastLAS, to enhance explainability in various domains. My test cases span weather prediction, the legal field, and image recognition. In weather forecasting, the system will predict events and provides explanations using FastLAS, with plans to integrate recurrent neural networks in the future. In the legal domain, the research focuses on interpreting vague decisions and assisting legal professionals by encoding Italian legal articles and learning reasoning patterns from Court of Cassation decisions using ILASP. For biological laboratories, we will collaborate with a research group to automate spermatozoa morphology classification for Bull Breeding Soundness Evaluation using YOLO networks and ILP to explain classification outcomes. This hybrid approach aims to bridge the gap between the high performance of deep learning models and the transparency of symbolic reasoning, advancing AI by providing interpretable and trustworthy applications."
Total Preorders vs Ranking Functions under Belief Revision - the Dynamics of Empty Layers.,kr,2024,"Gabriele Kern-Isberner, Alexander Hahn, Jonas Haldimann, Christoph Beierle",10.24963/kr.2024/47,2,308,"Total preorders and Spohnâs ranking functions are most popular semantic structures in nonmonotonic reasoning and belief revision. Each ranking function uniquely induces a total preorder, while each..."
ASP Chef Creates Surveys.,iclp,2025,,10.1002/fsat.3101_6.x,3,359,
Answer Set Programming with Epistemic Defaults.,iclp,2021,,10.1017/cbo9781139342124.006,4,296,"Knowledge Representation, Reasoning, and the Design of Intelligent Agents - March 2014"
Dynamic Multi-Agent Path Finding based on Conflict Resolution using Answer Set Programming.,iclp,2020,"Basem Atiq, Volkan Patoglu, Esra Erdem",10.4204/eptcs.325.27,5,28,"We study a dynamic version of multi-agent path finding problem (called D-MAPF) where existing agents may leave and new agents may join the team at different times. We introduce a new method to solve D-MAPF based on conflict-resolution. The idea is, when a set of new agents joins the team and there are conflicts, instead of replanning for the whole team, to replan only for a minimal subset of agents whose plans conflict with each other. We utilize answer set programming as part of our method for planning, replanning and identifying minimal set of conflicts."
Causally Constrained Counterfactual Generation using ASP.,iclp,2024,Sopam Dasgupta,10.4204/eptcs.416.30,4,243,"This research is focused on generating achievable counterfactual explanations. Given a negative outcome computed by a machine learning model or a decision system, the novel CoGS approach generates (i) a counterfactual solution that represents a positive outcome and (ii) a path that will take us from the negative outcome to the positive one, where each node in the path represents a change in an attribute (feature) value. CoGS computes paths that respect the causal constraints among features. Thus, the counterfactuals computed by CoGS are realistic. CoGS utilizes rule-based machine learning algorithms to model causal dependencies between features. The paper discusses the current status of the research and the preliminary results obtained."
Group Responsibility for Exceeding Risk Threshold.,kr,2023,"Maksim Gladyshev, Natasha Alechina, Mehdi Dastani, Dragan Doder",10.24963/kr.2023/32,4,141,The need for tools and techniques to formally analyze and trace the responsibility for unsafe outcomes to decision-making actors is urgent. Existing formal approaches assume that the unsafe outcome...
A New Proof-Theoretical Linear Semantics for CHR.,iclp,2018,Arnon Avron,10.1016/0304-3975(88)90037-0,3,15,
Legal Compliance Checking of Autonomous Driving with Formalized Traffic Rule Exceptions.,iclp,2023,xi zheng,10.1109/tse.2025.3569086/mm1,2,84,"Recent incidents with autonomous vehicles highlight the need for rigorous testing to ensure safety and robustness. Constructing test scenarios for autonomous driving systems (ADSs), however, is labor-intensive. We propose <sc xmlns:mml=""http://www.w3.org/1998/Math/MathML"" xmlns:xlink=""http://www.w3.org/1999/xlink"">TARGET</small>, an end-to-end framework that automatically generates test scenarios from traffic rules. To address complexity, we leverage a Large Language Model (LLM) to extract knowledge from traffic rules. To mitigate hallucinations caused by large context during input processing, we introduce a domain-specific language (DSL) designed to be syntactically simple and compositional. This design allows the LLM to learn and generate test scenarios in a modular manner while enabling syntactic and semantic validation for each component. Based on these validated representations, <sc xmlns:mml=""http://www.w3.org/1998/Math/MathML"" xmlns:xlink=""http://www.w3.org/1999/xlink"">TARGET</small> synthesizes executable scripts to render scenarios in simulation. Evaluated seven ADSs with 284 scenarios derived from 54 traffic rules, <sc xmlns:mml=""http://www.w3.org/1998/Math/MathML"" xmlns:xlink=""http://www.w3.org/1999/xlink"">TARGET</small> uncovered 610 rule violations, collisions, and other issues. For each violation, <sc xmlns:mml=""http://www.w3.org/1998/Math/MathML"" xmlns:xlink=""http://www.w3.org/1999/xlink"">TARGET</small> generates scenario recordings and detailed logs, aiding root cause analysis. Two identified issues were confirmed by ADS developers: one linked to an existing bug report and the other to limited ADS functionality."
Assumable Answer Set Programming.,iclp,2022,,10.1017/cbo9781139342124.007,5,396,"Knowledge Representation, Reasoning, and the Design of Intelligent Agents - March 2014"
Induction of Non-monotonic Logic Programs To Explain Statistical Learning Models.,iclp,2019,Farhad Shakerin,10.4204/eptcs.306.51,2,232,"We present a fast and scalable algorithm to induce non-monotonic logic programs from statistical learning models. We reduce the problem of search for best clauses to instances of the High-Utility Itemset Mining (HUIM) problem. In the HUIM problem, feature values and their importance are treated as transactions and utilities respectively. We make use of TreeExplainer, a fast and scalable implementation of the Explainable AI tool SHAP, to extract locally important features and their weights from ensemble tree models. Our experiments with UCI standard benchmarks suggest a significant improvement in terms of classification evaluation metrics and running time of the training algorithm compared to ALEPH, a state-of-the-art Inductive Logic Programming (ILP) system."
The Simple Generative Logic Grammar: A Tool for Teaching Logical Thinking Through Visual Research in Art and Design.,iclp,2025,Susanna Berger,10.23943/princeton/9780691172279.003.0002,5,586,
Tools and Methodologies for Verifying Answer Set Programs.,iclp,2022,Zach Hansen,10.4204/eptcs.364.36,5,192,"Answer Set Programming (ASP) is a powerful declarative programming paradigm commonly used for solving challenging search and optimization problems. The modeling languages of ASP are supported by sophisticated solving algorithms (solvers) that make the solution search efficient while enabling the programmer to model the problem at a high level of abstraction. As an approach to Knowledge Representation and Reasoning, ASP benefits from its simplicity, conciseness and rigorously defined semantics. These characteristics make ASP a straightforward way to develop formally verifiable programs. In the context of artificial intelligence (AI), the clarity of ASP programs lends itself to the construction of explainable, trustworthy AI. In support of these goals, my research is concerned with extending the theory and tools supporting the verification of ASP progams."
LAD-based Feature Selection for Optimal Decision Trees and Other Classifiers.,kr,2024,"David Ing, Said Jabbour, Lakhdar Sais, Fabien Delorme",10.24963/kr.2024/81,1,265,"The curse of dimensionality presents a significant challenge in data mining, pattern recognition, computer vision, and machine learning applications. Feature selection is a primary approach to addr..."
"International Conference on Logic Programming 2020 Workshop Proceedings co-located with 36th International Conference on Logic Programming (ICLP 2020), Rende, Italy, September 18-19, 2020.",iclp,2020,"Francesco Ricca, Alessandra Russo",10.1017/s1471068420000149,1,268,Introduction to the 36th International Conference on Logic Programming Special Issue I - Volume 20 Issue 5
Automata Techniques for Temporal Answer Set Programming.,iclp,2021,Susana Hahn,10.4204/eptcs.345.42,5,291,"Temporal and dynamic extensions of Answer Set Programming (ASP) have played an important role in addressing dynamic problems, as they allow the use of temporal operators to reason with dynamic scenarios in a very effective way. In my Ph.D. research, I intend to exploit the relationship between automata theory and dynamic logic to add automata-based techniques to the ASP solver CLINGO helping us to deal with theses type of problems."
&quot;Would life be more interesting if I were in AI?&quot; Answering Counterfactuals based on Probabilistic Inductive Logic Programming.,iclp,2023,"Kilian Rückschloß, Felix Weitkämper",10.4204/eptcs.385.7,5,173,"Probabilistic logic programs are logic programs where some facts hold with a specified probability. Here, we investigate these programs with a causal framework that allows counterfactual queries. Learning the program structure from observational data is usually done through heuristic search relying on statistical tests. However, these statistical tests lack information about the causal mechanism generating the data, which makes it unfeasible to use the resulting programs for counterfactual reasoning. To address this, we propose a language fragment that allows reconstructing a program from its induced distribution. This further enables us to learn programs supporting counterfactual queries."
An Experiment with LLM in Contract Extraction.,kr,2024,,10.1088/2632-2153/ae2381/data7,3,96,
Determining Action Reversibility in STRIPS Using Epistemic Logic Programs.,iclp,2020,"WOLFGANG FABER, MICHAEL MORAK, LUKÁŠ CHRPA",10.1017/s1471068421000429,1,556,Determining Action Reversibility in STRIPS Using Answer Set and Epistemic Logic Programming - Volume 21 Issue 5
"Proceedings of the International Conference on Logic Programming 2023 Workshops co-located with the 39th International Conference on Logic Programming (ICLP 2023), London, United Kingdom, July 9th and 10th, 2023.",iclp,2023,"Ralph Butler, Ewing Lusk, William McCune, Ross Overbeek",10.1007/3-540-16492-8_88,1,195,In this paper we report on a series of experiments involving the use of various dialects of parallel logic programming to express and control parallelism. The central goal of these experiments was to explore the possibility of writing numeric code for multiprocessors...
Run-Based Semantics for RPQs.,kr,2023,"Claire David, Nadime Francis, Victor Marsault",10.24963/kr.2023/18,1,230,RPQs (regular path queries) are an important building block of most query languages for graph databases. They are generally evaluated under homomorphism semantics; in particular only the endpoints...
A Temporal Module for Logical Frameworks.,iclp,2019,"Valentina Pitoni, Stefania Costantini",10.4204/eptcs.306.40,4,588,"In artificial intelligence, multi agent systems constitute an interesting typology of society modeling, and have in this regard vast fields of application, which extend to the human sciences. Logic is often used to model such kind of systems as it is easier to verify than other approaches, and provides explainability and potential validation. In this paper we define a time module suitable to add time to many logic representations of agents."
How to Split a Logic Program.,iclp,2021,Rachel Ben-Eliyahu-Zohary,10.4204/eptcs.345.13,4,166,"Answer Set Programming (ASP) is a successful method for solving a range of real-world applications. Despite the availability of fast ASP solvers, computing answer sets demands a very large computational power, since the problem tackled is in the second level of the polynomial hierarchy. A speed-up in answer set computation may be attained, if the program can be split into two disjoint parts, bottom and top. Thus, the bottom part is evaluated independently of the top part, and the results of the bottom part evaluation are used to simplify the top part. Lifschitz and Turner have introduced the concept of a splitting set, i.e., a set of atoms that defines the splitting. In this paper, We show that the problem of computing a splitting set with some desirable properties can be reduced to a classic Search Problem and solved in polynomial time. This allows us to conduct experiments on the size of the splitting set in various programs and lead to an interesting discovery of a source of complication in stable model computation. We also show that for Head-Cycle-Free programs, the definition of splitting sets can be adjusted to allow splitting of a broader class of programs."
LTL Model Checking using Coinductive Answer Set Programming.,iclp,2022,"Lingyun Situ, Lingzhong Zhao",10.1109/apsec.2015.16,4,225,"Model checking is a mainstream method for formal verification of communicating sequential processes (CSP). Existing CSP Model Checkers are incapable of verifying multiple properties concurrently in one run of a model checker. In addition, the properties to be verified are described with CSP in most model checkers, which is good for refinement checking, but leads to limited description power and weak generality. In order to tackle the two problems, answer set programming(ASP), which is completely free of sequential dependencies, is used to construct a CSP bounded model checking framework, where the CSP model checking problem is turned into a computation problem of answer sets. CTL is extended with events to describe the properties to be verified. In addition, preprocessing technique of properties is proposed for the sake of reducing the expense spending on replicated verification of the same sub formulas. An ASP based description system is constructed for complete description of various CSP processes and automatic generation of parallel processes. We integrated all the methods into a CSP model checker - ACSPChecker. The feasibility and efficiency of our methods are illustrated by the experiments with a classic concurrency problem - dining philosophers problem."
A Dataflow Analysis for Comparing and Reordering Predicate Arguments.,iclp,2023,"Gonzague Yernaux, Wim Vanhoof",10.4204/eptcs.385.5,2,384,"In this work, which is done in the context of a (moded) logic programming language, we devise a data-flow analysis dedicated to computing what we call argument profiles. Such a profile essentially describes, for each argument of a predicate, its functionality, i.e. the operations in which the argument can be involved during an evaluation of the predicate, as well as how the argument contributes to the consumption and/or construction of data values. While the computed argument profiles can be useful for applications in the context of program understanding (as each profile essentially provides a way to better understand the role of the argument), they more importantly provide a way to discern between arguments in a manner that is more fine-grained than what can be done with other abstract characterizations such as types and modes. This is important for applications where one needs to identify correspondences between the arguments of two or more different predicates that need to be compared, such as during clone detection. Moreover, since a total order can be defined on the abstract domain of profiles, our analysis can be used for rearranging predicate arguments and order them according to their functionality, constituting as such an essential ingredient for predicate normalization techniques."
Do Repeat Yourself: Understanding Sufficient Conditions for Restricted Chase Non-Termination.,kr,2023,"Lukas Gerlach, David Carral",10.24963/kr.2023/30,2,53,"The disjunctive restricted chase is a sound and complete procedure for solving boolean conjunctive query entailment over knowledge bases of disjunctive existential rules. Alas, this procedure does ..."
Reasoning about Medical Triage Optimization with Logic Programming.,iclp,2025,"Jaikrishna Manojkumar Patil, Adam Chapman, Richard Knuszka, John Chapman, Paulo Shakarian",10.4204/eptcs.439.22,3,532,"We present a logic programming framework that orchestrates multiple variants of an optimization problem and reasons about their results to support high-stakes medical decision-making. The logic programming layer coordinates the construction and evaluation of multiple optimization formulations, translating solutions into logical facts that support further symbolic reasoning and ensure efficient resource allocation -- specifically targeting the ""right patient, right platform, right escort, right time, right destination"" principle. This capability is integrated into GuardianTwin, a decision support system for Forward Medical Evacuation (MEDEVAC), where rapid and explainable resource allocation is critical. Through a series of experiments, our framework demonstrates an average reduction in casualties by 35.75% compared to standard baselines. Additionally, we explore how users engage with the system via an intuitive interface that delivers explainable insights, ultimately enhancing decision-making in critical situations. This work demonstrates how logic programming can serve as a foundation for modular, interpretable, and operationally effective optimization in mission-critical domains."
Investigating the Grounding Bottleneck for a Large-Scale Configuration Problem: Existing Tools and Constraint-Aware Guessing.,iclp,2025,"Veronika Semmelrock, Gerhard Friedrich",10.4204/eptcs.439.33,1,345,"Answer set programming (ASP) aims to realize the AI vision: The user specifies the problem, and the computer solves it. Indeed, ASP has made this vision true in many application domains. However, will current ASP solving techniques scale up for large configuration problems? As a benchmark for such problems, we investigated the configuration of electronic systems, which may comprise more than 30,000 components. We show the potential and limits of current ASP technology, focusing on methods that address the so-called grounding bottleneck, i.e., the sharp increase of memory demands in the size of the problem instances. To push the limits, we investigated the incremental solving approach, which proved effective in practice. However, even in the incremental approach, memory demands impose significant limits. Based on an analysis of grounding, we developed the method constraint-aware guessing, which significantly reduced the memory need."
Solving Unification in the Description Logic FL_bottom.,kr,2025,"Franz Baader, Pavlos Marantidis, Alexander Okhotin",10.25368/2022.228,1,318,
A Comparative Study of Text Representations for French Real-Estate Classified Advertisements Information Extraction.,kr,2023,"Lien Vi Pham, Son Bao Pham",10.1109/kse.2012.27,2,54,
Contestable AI Needs Computational Argumentation.,kr,2024,"Francesco Leofante, Hamed Ayoobi, Adam Dejl, Gabriel Freedman, Deniz Gorur, Junqi Jiang, Guilherme Paulino-Passos, Antonio Rago, Anna Rapberger, Fabrizio Russo, Xiang Yin, Dekai Zhang, Francesca Toni",10.24963/kr.2024/83,3,322,"AI has become pervasive in recent years, but state-of-the-art approaches predominantly neglect the need for AI systems to be contestable. Instead, contestability is advocated by AI guidelines (e.g...."
Description Logics with Abstraction and Refinement: From ALC to EL.,kr,2024,"Carsten Lutz, Lukas Schulze",10.24963/kr.2024/51,4,187,We study extensions of description logics from the widely used EL family with operators that make it possible to speak about different levels of abstraction. We analyze the computational complexity...
Sampling and probabilistic inference in D/Slps.,iclp,2023,"Adam Sanborn, Jian-Qiao Zhu, Jake Spicer, Joakim Sundh, Pablo León-Villagrá, Nick Chater",10.1093/oso/9780198862536.003.0021,4,52,
Distributed Answer Set Coloring: Stable Models Computation via Graph Coloring.,iclp,2019,Marco De Bortoli,10.4204/eptcs.306.60,3,401,"Answer Set Programming (ASP) is a famous logic language for knowledge representation, which has been really successful in the last years, as witnessed by the great interest into the development of efficient solvers for ASP. Yet, the great request of resources for certain types of problems, as the planning ones, still constitutes a big limitation for problem solving. Particularly, in the case the program is grounded before the resolving phase, an exponential blow up of the grounding can generate a huge ground file, infeasible for single machines with limited resources, thus preventing even the discovering of a single non-optimal solution. To address this problem, in this paper we present a distributed approach to ASP solving, exploiting distributed computation benefits in order to overcome the just explained limitations. The here presented tool, which is called Distributed Answer Set Coloring (DASC), is a pure solver based on the well-known Graph Coloring algorithm. DASC is part of a bigger project aiming to bring logic programming into a distributed system, started in 2017 by Federico Igne with mASPreduce and continued in 2018 by Pietro Totis with a distributed grounder. In this paper we present a low level implementation of the Graph Coloring algorithm, via the Boost and MPI libraries for C++. Finally, we provide a few results of the very first working version of our tool, at the moment without any strong optimization or heuristic."
Counting Solutions Under Cardinality Constraints: Structure Counts in Counting.,kr,2025,"Max Bannach, Markus Hecher",10.24963/kr.2025/8,1,97,"Model counting is a powerful extension of constraint reasoning that, instead of finding a solution to a constraint system, allows to identify the number of such solutions. Cardinality constraints a..."
Google vs IBM: A Constraint Solving Challenge on the Job-Shop Scheduling Problem.,iclp,2019,"Giacomo Da Col, Erich Teppan",10.4204/eptcs.306.30,4,252,"The job-shop scheduling is one of the most studied optimization problems from the dawn of computer era to the present day. Its combinatorial nature makes it easily expressible as a constraint satisfaction problem. In this paper, we compare the performance of two constraint solvers on the job-shop scheduling problem. The solvers in question are: OR-Tools, an open-source solver developed by Google and winner of the last MiniZinc Challenge, and CP Optimizer, a proprietary IBM constraint solver targeted at industrial scheduling problems. The comparison is based on the goodness of the solutions found and the time required to solve the problem instances. First, we target the classic benchmarks from the literature, then we carry out the comparison on a benchmark that was created with known optimal solution, with size comparable to real-world industrial problems."
An Analysis of the Role of Syntax in Inductive Inference.,kr,2025,"Jesse Heyninck, Richard Booth, Thomas Meyer, Lars-Phillip Spiegel",10.24963/kr.2025/39,3,128,Inductive inference is a well-studied form of nonmonotonic reasoning in which various inference is based on conditional belief bases rather than belief bases consisting of classical logic statem...
CE-QArg: Counterfactual Explanations for Quantitative Bipolar Argumentation Frameworks.,kr,2024,"Xiang Yin, Nico Potyka, Francesca Toni",10.24963/kr.2024/66,1,435,There is a growing interest in understanding arguments' strength in Quantitative Bipolar Argumentation Frameworks (QBAFs). Most existing studies focus on attribution-based methods that explain an a...
Introspecting Preferences in Answer Set Programming.,iclp,2018,,10.1017/cbo9781139342124.007,4,421,"Knowledge Representation, Reasoning, and the Design of Intelligent Agents - March 2014"
Modelling and Verification of Timed Systems with the Event Calculus and s(CASP).,iclp,2021,,10.1017/cbo9780511814105.011,2,319,"The model of timed automata, introduced by Alur and Dill (1990, 1994), has by now established itself as a classical formalism for modelling real-time systems with a dense representation of time. The development of the timed-automata formalism was carried out largely in parallel with – and independently of – the work on timed extensions of process algebras. Roughly speaking, whereas the development of timed process algebras was driven by their (relative) expressiveness, their revealing of new behavioural equivalences and their axiomatizations, the development of the timed-automata formalism was largely driven by the goal of obtaining decidability results for several important properties (Dill, 1989). By now, real-time model checking tools such U ppaal (Behrmann, David and Larsen, 2004) and K ronos (Bozga et al ., 1998) are based on the timed-automata formalism and on the substantial body of research on this model that has been targeted towards transforming the early decidability results into practically efficient algorithms. Motivation Timed automata are essentially nondeterministic finite automata equipped with a finite number of real-valued clocks, so that transitions can be conditioned on clock values and the performing of a particular transition can reset selected clocks. We shall now introduce the formalism intuitively, showing how the light switch from the start of the previous chapter can be described using the formalism of timed automata without recourse to assumptions such as the urgency of some actions or maximal progress. Graphically, we could model the light switch as in Figure 10.1."
APIA: An Architecture for Policy-Aware Intentional Agents.,iclp,2021,"John Meyer, Daniela Inclezan",10.4204/eptcs.345.23,1,298,"This paper introduces the APIA architecture for policy-aware intentional agents. These agents, acting in changing environments, are driven by intentions and yet abide by domain-relevant policies. This work leverages the AIA architecture for intention-driven intelligent agents by Blount, Gelfond, and Balduccini. It expands AIA with notions of policy compliance for authorization and obligation policies specified in the language AOPL by Gelfond and Lobo. APIA introduces various agent behavior modes, corresponding to different levels of adherence to policies. APIA reasoning tasks are reduced to computing answer sets using the Clingo solver and its Python API."
Design of a Solver for Multi-Agent Epistemic Planning.,iclp,2019,Francesco Fabiano,10.4204/eptcs.306.54,2,441,"As the interest in Artificial Intelligence continues to grow it is becoming more and more important to investigate formalization and tools that allow us to exploit logic to reason about the world. In particular, given the increasing number of multi-agents systems that could benefit from techniques of automated reasoning, exploring new ways to define not only the world's status but also the agents' information is constantly growing in importance. This type of reasoning, i.e., about agents' perception of the world and also about agents' knowledge of her and others' knowledge, is referred to as epistemic reasoning. In our work we will try to formalize this concept, expressed through epistemic logic, for dynamic domains. In particular we will attempt to define a new action-based language for multi-agent epistemic planning and to implement an epistemic planner based on it. This solver should provide a tool flexible enough to be able to reason on different domains, e.g., economy, security, justice and politics, where reasoning about others' beliefs could lead to winning strategies or help in changing a group of agents' view of the world."
Computational methods for Dynamic Answer Set Programming.,iclp,2024,Susana Hahn,10.4204/eptcs.416.32,5,119,"In our daily lives and industrial settings, we often encounter dynamic problems that require reasoning over time and metric constraints. These include tasks such as scheduling, routing, and production sequencing. Dynamic logics have traditionally addressed these needs but often lack the flexibility and integration required for comprehensive problem modeling. This research aims to extend Answer Set Programming (ASP), a powerful declarative problem-solving approach, to handle dynamic domains effectively. By integrating concepts from dynamic, temporal, and metric logics into ASP, we seek to develop robust systems capable of modeling complex dynamic problems and performing efficient reasoning tasks, thereby enhancing ASPs applicability in industrial contexts."
Graph Based Answer Set Programming Solver Systems.,iclp,2021,Fang Li,10.4204/eptcs.345.44,5,457,"Answer set programming (ASP) is a popular nonmonotonic-logic based paradigm for knowledge representation and solving combinatorial problems. Computing the answer set of an ASP program is NP-hard in general, and researchers have been investing significant effort to speed it up. The majority of current ASP solvers employ SAT solver-like technology to find these answer sets. As a result, justification for why a literal is in the answer set is hard to produce. There are dependency graph based approaches to find answer sets, but due to the representational limitations of dependency graphs, such approaches are limited. This paper proposes a novel dependency graph-based approach for finding answer sets in which conjunction of goals is explicitly represented as a node which allows arbitrary answer set programs to be uniformly represented. Our representation preserves causal relationships allowing for justification for each literal in the answer set to be elegantly found. In this paper, we explore two different approaches based on the graph representation: bottom-up and top-down. The bottom-up approach finds models by assigning truth values along with the topological order, while the top-down approach generates models starting from the constraints."
Splitting a Hybrid ASP Program.,iclp,2020,Alex Brik,10.4204/eptcs.325.8,5,460,"Hybrid Answer Set Programming (Hybrid ASP) is an extension of Answer Set Programming (ASP) that allows ASP-like rules to interact with outside sources. The Splitting Set Theorem is an important and extensively used result for ASP. The paper introduces the Splitting Set Theorem for Hybrid ASP, which is for Hybrid ASP the equivalent of the Splitting Set Theorem, and shows how it can be applied to simplify computing answer sets for Hybrid ASP programs most relevant for practical applications."
Logical foundations of Smart Contracts.,iclp,2024,Kalonji Kalala,10.4204/eptcs.416.35,3,488,"Nowadays, sophisticated domains are emerging which require appropriate formalisms to be specified accurately in order to reason about them. One such domain is constituted of smart contracts that have emerged in cyber physical systems as a way of enforcing formal agreements between components of these systems. Smart contracts self-execute to run and share business processes through blockchain, in decentralized systems, with many different participants. Legal contracts are in many cases complex documents, with a number of exceptions, and many subcontracts. The implementation of smart contracts based on legal contracts is a long and laborious task, that needs to include all actions, procedures, and the effects of actions related to the execution of the contract. An ongoing open problem in this area is to formally account for smart contracts using a uniform and somewhat universal formalism. This thesis proposes logical foundations to smart contracts using the Situation Calculus, a logic for reasoning about actions. Situation Calculus is one of the prominent logic-based artificial intelligence approaches that provides enough logical mechanism to specify and implement dynamic and complex systems such as contracts. Situation Calculus is suitable to show how worlds dynamically change. Smart contracts are going to be implement with Golog (written en Prolog), a Situation Calculus-based programming language for modeling complex and dynamic behaviors."
Pushdown Reward Machines for Reinforcement Learning.,kr,2025,"Giovanni Varricchione, Toryn Q. Klassen, Natasha Alechina, Mehdi Dastani, Brian Logan, Sheila A. McIlraith",10.24963/kr.2025/55,3,431,"Reward machines (RMs) are automata structures that encode (non-Markovian) reward functions for reinforcement learning (RL). RMs can reward any behaviour representable in regular languages and, when..."
Beyond Logic Programming for Legal Reasoning.,iclp,2023,Francesca Toni,10.1007/978-3-319-61660-5_4,5,369,Argumentation has gained popularity in AI in recent years to support several activities and forms of reasoning. This talk will trace back the logic programming and non-monotonic reasoning origins of two well-known argumentation formalisms in AI (namely abstract...
"Proceedings 41st International Conference on Logic Programming, ICLP 2025, Rende, Italy, 12-19th September 2025.",iclp,2026,Paul Tarau,10.1007/978-3-032-04848-6_13,1,514,"We propose an approach where human-designed logic programs guide the systematic exploration of concepts and statements using Large Language Models (LLMs). Undefined facts within these programs, (seen as abducibles), are expanded into Prolog clauses by extracting..."
Operationalizing Declarative and Procedural Knowledge: a Benchmark on Logic Programming Petri Nets (LPPNs).,iclp,2020,Guanjun Liu,10.1007/978-981-19-6309-4_6,5,290,"This chapter introduces knowledge-oriented Petri net that can represent both the interaction of multiple agents and their epistemic evolution, while the latter is closely related to the privacy and security of multi-agent systems. Some design requirements of privacy..."
Enhancing Compilation-based ASP Solving with Postponed Atom Discovery.,iclp,2025,"Andrea Cuteri, Giuseppe Mazzotta, Francesco Ricca",10.4204/eptcs.439.14,5,266,
Preferential Reasoning with Typicality in ASP over Weighted Argumentation Graphs in a Gradual Semantics.,iclp,2023,"Mario Alviano, Laura Giordano, Daniele Theseider Dupré",10.3233/ia-240031,2,542,
Adapting Approximation Fixpoint Theory to Nondeterministic Hybrid Reasoning.,iclp,2024,"Spencer Killen, Jia-Huai You, Jesse Heyninck",10.1609/aaai.v39i14.33648,1,366,"Abstract Approximation fixpoint theory (AFT) is a robust and popular mathematical framework that characterizes many nonmonotonic semantics, where the construction of stable fixpoints, called stable revision, play a central role. Nondeterministic AFT is a recent development that redefines AFT for a nondeterministic setting to capture disjunctive semantics. This theory departs from traditional AFT by introducing distinct definitions, thus raising the question of whether deterministic AFT can be adopted directly to define nondeterministic stable revision. This work proposes such an alternate theory and creates a new way to study disjunctive semantics in terms of normal (non-disjunctive) knowledge bases. To demonstrate the viability of our framework, we show how to capture stable and partial stable models for disjunctive logic programs. We then study the relationships between this alternative theory and the state-of-the-art nondeterministic AFT."
LLASP: Fine-tuning Large Language Models for Answer Set Programming.,kr,2024,"Erica Coppolillo, Francesco Calimeri, Giuseppe Manco, Simona Perri, Francesco Ricca",10.24963/kr.2024/78,5,305,"Recently, Large Language Models (LLMs) have showcased their potential in various natural language processing tasks, including code generation. However, while significant progress has been made in a..."
FastFound: Easing the ASP Bottleneck via Predicate-Decoupled Grounding.,kr,2025,"Alexander Beiser, Martin Gebser, Markus Hecher, Stefan Woltran",10.24963/kr.2025/10,1,151,The grounding bottleneck in Answer Set Programming prohibits large instances from being solved. This is caused by a combinatorial explosion in the grounding phase of standard ground&solve systems. ...
Automated Playing of Survival Video Games with Commonsense Reasoning.,iclp,2024,"Bryant Hargreaves, Dan N. Nguyen, Keegan Krimbell, Gopal Gupta",10.1007/978-3-031-84924-4_7,4,0,"Don’t Starve is a non-linear, real-time survival video game where the player’s objective is to survive as long as possible. The game is challenging because randomly generated situations and events make it hard to survive this game for a long..."
A Framework for Combining Entity Resolution and Query Answering in Knowledge Bases.,kr,2023,"Ronald Fagin, Phokion G. Kolaitis, Domenico Lembo, Lucian Popa, Federico Scafoglieri",10.24963/kr.2023/23,3,371,We propose a new framework for combining entity resolution and query answering in knowledge bases (KBs) with tuple-generating dependencies (tgds) and equality-generating dependencies (egds) as rule...
Relating Answer Set Programming and Many-sorted Logics for Formal Verification.,iclp,2024,Zachary Hansen,10.4204/eptcs.416.33,5,444,"Answer Set Programming (ASP) is an important logic programming paradigm within the field of Knowledge Representation and Reasoning. As a concise, human-readable, declarative language, ASP is an excellent tool for developing trustworthy (especially, artificially intelligent) software systems. However, formally verifying ASP programs offers some unique challenges, such as 1. a lack of modularity (the meanings of rules are difficult to define in isolation from the enclosing program), 2. the ground-and-solve semantics (the meanings of rules are dependent on the input data with which the program is grounded), and 3. limitations of existing tools. My research agenda has been focused on addressing these three issues with the intention of making ASP verification an accessible, routine task that is regularly performed alongside program development. In this vein, I have investigated alternative semantics for ASP based on translations into the logic of here-and-there and many-sorted first-order logic. These semantics promote a modular understanding of logic programs, bypass grounding, and enable us to use automated theorem provers to automatically verify properties of programs."
Methods for Solving Extremal Problems in Practice.,iclp,2016,,10.1007/978-0-585-29602-9_6,1,67,"The efficiency of the functioning of automatic control systems is directly related to an increase in the scientific-technological level of designing them. However, up till now the solution of a number of problems in the technical design of automatic control systems..."
Categorical Explaining Functors: Ensuring Coherence in Logical Explanations.,kr,2025,"Stefano Fioravanti, Francesco Giannini, Pietro Barbiero, Paolo Frazzetto, Roberto Confalonieri, Fabio Zanasi, Nicolò Navarin",10.24963/kr.2025/30,5,561,Post-hoc methods in Explainable AI (XAI) elucidate black-box models by identifying input features critical to the model's decision-making. Recent advancements in these methods have facilitated the...
Answer Set Counting and its Applications to Network Reliability and System Biology.,iclp,2025,Mohimenul Kabir,10.4204/eptcs.416.34,4,259,"We have focused on Answer Set Programming (ASP), more specifically, answer set counting, exploring both exact and approximate methodologies. We developed an exact ASP counter, sharpASP, which utilizes a compact encoding for propositional formulas, significantly enhancing efficiency compared to existing methods that often struggle with inefficient encodings. Our evaluations indicate that sharpASP outperforms current ASP counters on several benchmarks. In addition, we proposed an approximate ASP counter, named ApproxASP, a hashing-based counter integrating Gauss-Jordan elimination within the ASP solver, clingo. As a practical application, we employed ApproxASP for network reliability estimation, demonstrating superior performance over both traditional reliability estimators and #SAT-based methods."
Enhancing Linear Algebraic Computation of Logic Programs Using Sparse Representation.,iclp,2020,"Tuan Quoc Nguyen, Katsumi Inoue, Chiaki Sakama",10.1007/s00354-021-00142-2,3,80,Algebraic characterization of logic programs has received increasing attention in recent years. Researchers attempt to exploit connections between linear a
Inferring Compensatory Kinase Networks in Yeast using Prolog.,iclp,2023,"George A. Elder, Conrad Bessant",10.4204/eptcs.385.26,2,449,"Signalling pathways are conserved across different species, therefore making yeast a model organism to study these via disruption of kinase activity. Yeast has 159 genes that encode protein kinases and phosphatases, and 136 of these have counterparts in humans. Therefore any insight in this model organism could potentially offer indications of mechanisms of action in the human kinome. The study utilises a Prolog-based approach, data from a yeast kinase deletions strains study and publicly available kinase-protein associations. Prolog, a programming language that is well-suited for symbolic reasoning is used to reason over the data and infer compensatory kinase networks. This approach is based on the idea that when a kinase is knocked out, other kinases may compensate for this loss of activity. Background knowledge on kinases targeting proteins is used to guide the analysis. This knowledge is used to infer the potential compensatory interactions between kinases based on the changes in phosphorylation observed in the phosphoproteomics data from the yeast study. The results demonstrate the effectiveness of the Prolog-based approach in analysing complex cell signalling mechanisms in yeast. The inferred compensatory kinase networks provide new insights into the regulation of cell signalling in yeast and may aid in the identification of potential therapeutic targets for modulating signalling pathways in yeast and other organisms."
Automated Aggregator - Rewriting with the Counting Aggregate.,iclp,2020,"Michael Dingess, Miroslaw Truszczynski",10.4204/eptcs.325.17,1,132,"Answer set programming is a leading declarative constraint programming paradigm with wide use for complex knowledge-intensive applications. Modern answer set programming languages support many equivalent ways to model constraints and specifications in a program. However, so far answer set programming has failed to develop systematic methodologies for building representations that would uniformly lend well to automated processing. This suggests that encoding selection, in the same way as algorithm selection and portfolio solving, may be a viable direction for improving performance of answer-set solving. The necessary precondition is automating the process of generating possible alternative encodings. Here we present an automated rewriting system, the Automated Aggregator or AAgg, that given a non-ground logic program, produces a family of equivalent programs with complementary performance when run under modern answer set programming solvers. We demonstrate this behavior through experimental analysis and propose the system's use in automated answer set programming solver selection tools."
The Combined Problem of Online Task Assignment and Lifelong Path Finding in Logistics Warehouses: A Case Study.,iclp,2025,"Fengming Zhu, Weijia Xu, Yifei Guo, Fangzhen Lin",10.4204/eptcs.439.12,1,553,"We study the combined problem of online task assignment and lifelong path finding, which is crucial for the logistics industries. However, most literature either (1) focuses on lifelong path finding assuming a given task assigner, or (2) studies the offline version of this problem where tasks are known in advance. We argue that, to maximize the system throughput, the online version that integrates these two components should be tackled directly. To this end, we introduce a formal framework of the combined problem and its solution concept. Then, we design a rule-based lifelong planner under a practical robot model that works well even in environments with severe local congestion. Upon that, we automate the search for the task assigner with respect to the underlying path planner. Simulation experiments conducted in warehouse scenarios at Meituan, one of the largest shopping platforms in China, demonstrate that (a)in terms of time efficiency, our system requires only 83.77% of the execution time needed for the currently deployed system at Meituan, outperforming other SOTA algorithms by 8.09%; (b)in terms of economic efficiency, ours can achieve the same throughput with only 60% of the agents currently in use. The code and demos are available at this https URL ."
A Human-Centered Data-Driven Planner-Actor-Critic Architecture via Logic Programming.,iclp,2019,"Daoming Lyu, Fangkai Yang, Bo Liu, Steven Gustafson",10.4204/eptcs.306.23,1,79,"Recent successes of Reinforcement Learning (RL) allow an agent to learn policies that surpass human experts but suffers from being time-hungry and data-hungry. By contrast, human learning is significantly faster because prior and general knowledge and multiple information resources are utilized. In this paper, we propose a Planner-Actor-Critic architecture for huMAN-centered planning and learning (PACMAN), where an agent uses its prior, high-level, deterministic symbolic knowledge to plan for goal-directed actions, and also integrates the Actor-Critic algorithm of RL to fine-tune its behavior towards both environmental rewards and human feedback. This work is the first unified framework where knowledge-based planning, RL, and human teaching jointly contribute to the policy learning of an agent. Our experiments demonstrate that PACMAN leads to a significant jump-start at the early stage of learning, converges rapidly and with small variance, and is robust to inconsistent, infrequent, and misleading feedback."
Geometric reasoning on the Traveling Salesperson Problem: comparing Answer Set Programming and Constraint Logic Programming Approaches.,iclp,2023,"Alessandro Bertagnon, Marco Gavanelli",10.1093/logcom/exaf072,1,43,
Exploiting the Full Power of Pearl&apos;s Causality in Probabilistic Logic Programming.,iclp,2022,,10.1017/cbo9780511570667.009,5,153,"The only symbolic logic used in this book is a small part of propositional logic , also called sentential logic or Boolean logic . In this appendix, I review the relevant part of this simple area of logic and clarify some notation and terminology. This appendix is not an introduction to logic; various important fine points and distinctions are not be mentioned. But I hope this will suffice as an introduction to the basic ideas in the elementary part of logic used in this book, and as a clarification of the logical terminology and symbols used in this book. The basic entities of the formal propositional calculus are usually called the propositions and the propositional connectives (and the language of propositional logic usually includes punctuation marks , usually parentheses, that are used to avoid ambiguity of grouping when “propositions” are “connected” in complex ways). In this book, it is factors (or properties , or types ) that play the role of the so-called propositions of propositional logic. The abstract and formal propositional calculus can be interpreted as applying to propositions in a number of ways in which the term “proposition” could be understood. For example, we could think of propositions as sentences (which may be understood as concrete linguistic entities such as utterances or inscriptions). Or we could think of them as statements (understood in such a way that many sentences can all be used to “make” the same statement, and the same sentence, if used in different contexts, would make different statements)."
Counterexample-Guided Abstraction Refinement for Assumption-based Argumentation.,kr,2025,"Jean Marie Lagniez, Emmanuel Lonca, Jean-Guy Mailly",10.24963/kr.2025/67,2,19,"Assumption-Based Argumentation (ABA) is a prominent formalism for structured argumentation, widely applied in domains such as healthcare, law, and robotics. Despite its inherent computational comp..."
Tractable Responsibility Measures for Ontology-Mediated Query Answering.,kr,2025,"Meghyn Bienvenu, Diego Figueira, Pierre Lafourcade",10.24963/kr.2025/16,4,526,Recent work on quantitative approaches to explaining query answers employs responsibility measures to assign scores to facts in order to quantify their respective contributions to obtaining a gi...
"Demonstrating (Hybrid) Active Logic Documents and the Ciao Prolog Playground, and an Application to Verification Tutorials.",iclp,2023,"Daniela Ferreiro, José F. Morales, Salvador Abreu, Manuel V. Hermenegildo",10.4204/eptcs.385.33,3,459,"Active Logic Documents (ALD) are web pages which incorporate embedded Prolog engines that run locally within the browser. ALD offers both a very easy way to add click-to-run capabilities to any kind of teaching materials, independently of the tool used to generate them, as well as a tool-set for generating web-based materials with embedded examples and exercises. Both leverage on (components of) the Ciao Prolog Playground. We present a demonstration of the ALD approach and the Ciao Prolog Playground, as well as a recent extension to ALDs to facilitate the integration of other tools into the system for creating Hybrid Active Logic Documents (HALD). We also present a concrete application of these technologies to the creation of tutorials for a program verification tool."
Counterfactual Reasoning via Grounded Distance.,kr,2023,"Carlos Aguilera-Ventura, Andreas Herzig, Xinghan Liu, Emiliano Lorini",10.24963/kr.2023/1,2,400,"Conditional logics are usually interpreted in terms of closest world and minimal change. It relies on a measure of distance between worlds which is defined abstractly, i.e. as an element of the mod..."
Pearce&apos;s Characterisation in an Epistemic Domain.,iclp,2024,Ezgi Iraz Su,10.4204/eptcs.416.18,2,497,"Answer-set programming (ASP) is a successful problem-solving approach in logic-based AI. In ASP, problems are represented as declarative logic programs, and solutions are identified through their answer sets. Equilibrium logic (EL) is a general-purpose nonmonotonic reasoning formalism, based on a monotonic logic called here-and-there logic. EL was basically proposed by Pearce as a foundational framework of ASP. Epistemic specifications (ES) are extensions of ASP-programs with subjective literals. These new modal constructs in the ASP-language make it possible to check whether a regular literal of ASP is true in every (or some) answer-set of a program. ES-programs are interpreted by world-views, which are essentially collections of answer-sets. (Reflexive) autoepistemic logic is a nonmonotonic formalism, modeling self-belief (knowledge) of ideally rational agents. A relatively new semantics for ES is based on a combination of EL and (reflexive) autoepistemic logic. In this paper, we first propose an overarching framework in the epistemic ASP domain. We then establish a correspondence between existing (reflexive) (auto)epistemic equilibrium logics and our easily-adaptable comprehensive framework, building on Pearce's characterisation of answer-sets as equilibrium models. We achieve this by extending Ferraris' work on answer sets for propositional theories to the epistemic case and reveal the relationship between some ES-semantic proposals."
Reasoning about Qualitative Direction and Distance between Extended Objects using Answer Set Programming.,iclp,2019,Yusuf Izmirlioglu,10.4204/eptcs.306.50,4,447,"In this thesis, we introduce a novel formal framework to represent and reason about qualitative direction and distance relations between extended objects using Answer Set Programming (ASP). We take Cardinal Directional Calculus (CDC) as a starting point and extend CDC with new sorts of constraints which involve defaults, preferences and negation. We call this extended version as nCDC. Then we further extend nCDC by augmenting qualitative distance relation and name this extension as nCDC+. For CDC, nCDC, nCDC+, we introduce an ASP-based general framework to solve consistency checking problems, address composition and inversion of qualitative spatial relations, infer unknown or missing relations between objects, and find a suitable configuration of objects which fulfills a given inquiry."
Learning Effect Axioms via Probabilistic Logic Programming.,iclp,2017,Fabrizio Riguzzi,10.1201/9781003338192-2,2,495,The distribution over programs is defined by encoding random choices for clauses. Each choice generates an alternative version of the clause and the set of
On the Independencies Hidden in the Structure of a Probabilistic Logic Program.,iclp,2023,"Kilian Rückschloß, Felix Weitkämper",10.4204/eptcs.385.17,5,452,"Pearl and Verma developed d-separation as a widely used graphical criterion to reason about the conditional independencies that are implied by the causal structure of a Bayesian network. As acyclic ground probabilistic logic programs correspond to Bayesian networks on their dependency graph, we can compute conditional independencies from d-separation in the latter. In the present paper, we generalize the reasoning above to the non-ground case. First, we abstract the notion of a probabilistic logic program away from external databases and probabilities to obtain so-called program structures. We then present a correct meta-interpreter that decides whether a certain conditional independence statement is implied by a program structure on a given external database. Finally, we give a fragment of program structures for which we obtain a completeness statement of our conditional independence oracle. We close with an experimental evaluation of our approach revealing that our meta-interpreter performs significantly faster than checking the definition of independence using exact inference in ProbLog 2."
Explaining Decisions in ML Models: A Parameterized Complexity Analysis.,kr,2024,"Sebastian Ordyniak, Giacomo Paesani, Mateusz Rychlicki, Stefan Szeider",10.24963/kr.2024/53,1,513,This paper presents a comprehensive theoretical investigation into the parameterized complexity of explanation problems in various machine learning (ML) models. Contrary to the prevalent black-box ...
Repairing General Game Descriptions.,kr,2025,"Yifan He, Munyque Mittelmann, Aniello Murano, Abdallah Saffidine, Michael Thielscher",10.24963/kr.2025/38,1,20,"The Game Description Language (GDL) is a widely used formalism for specifying the rules of general games. Writing correct GDL descriptions can be challenging, especially for non-experts. Automat..."
xDNN(ASP): Explanation Generation System for Deep Neural Networks powered by Answer Set Programming.,iclp,2025,"Ly Ly Trieu, Tran Cao Son",10.4204/eptcs.439.30,5,234,"Explainable artificial intelligence (xAI) has gained significant attention in recent years. Among other things, explainablility for deep neural networks has been a topic of intensive research due to the meteoric rise in prominence of deep neural networks and their ""black-box"" nature. xAI approaches can be characterized along different dimensions such as their scope (global versus local explanations) or underlying methodologies (statistic-based versus rule-based strategies). Methods generating global explanations aim to provide reasoning process applicable to all possible output classes while local explanation methods focus only on a single, specific class. SHAP (SHapley Additive exPlanations), a well-known statistical technique, identifies important features of a network. Deep neural network rule extraction method constructs IF-THEN rules that link input conditions to a class. Another approach focuses on generating counterfactuals which help explain how small changes to an input can affect the model's predictions. However, these techniques primarily focus on the input-output relationship and thus neglect the structure of the network in explanation generation. In this work, we propose xDNN(ASP), an explanation generation system for deep neural networks that provides global explanations. Given a neural network model and its training data, xDNN(ASP) extracts a logic program under answer set semantics that-in the ideal case-represents the trained model, i.e., answer sets of the extracted program correspond one-to-one to input-output pairs of the network. We demonstrate experimentally, using two synthetic datasets, that not only the extracted logic program maintains a high-level of accuracy in the prediction task, but it also provides valuable information for the understanding of the model such as the importance of features as well as the impact of hidden nodes on the prediction. The latter can be used as a guide for reducing the number of nodes used in hidden layers, i.e., providing a means for optimizing the network."
Teaching Prolog through Grammars.,iclp,2024,"Helder Coelho, José Carlos Cotta",10.1007/978-3-642-83213-0_15,4,467,"Within this chapter we explain how to write natural language grammars expressed in clausal logic. The notion of definite clause grammars (DCG’s) is behind this as a paradigm for organizing the knowledge required in understanding, which allows efficient parsing...."
On Model Reconciliation: How to Reconcile When Robot Does not Know Human&apos;s Model?,iclp,2022,"Ho Tuan Dung, Tran Cao Son",10.4204/eptcs.364.4,2,416,"The Model Reconciliation Problem (MRP) was introduced to address issues in explainable AI planning. A solution to a MRP is an explanation for the differences between the models of the human and the planning agent (robot). Most approaches to solving MRPs assume that the robot, who needs to provide explanations, knows the human model. This assumption is not always realistic in several situations (e.g., the human might decide to update her model and the robot is unaware of the updates). In this paper, we propose a dialog-based approach for computing explanations of MRPs under the assumptions that (i) the robot does not know the human model; (ii) the human and the robot share the set of predicates of the planning domain and their exchanges are about action descriptions and fluents' values; (iii) communication between the parties is perfect; and (iv) the parties are truthful. A solution of a MRP is computed through a dialog, defined as a sequence of rounds of exchanges, between the robot and the human. In each round, the robot sends a potential explanation, called proposal, to the human who replies with her evaluation of the proposal, called response. We develop algorithms for computing proposals by the robot and responses by the human and implement these algorithms in a system that combines imperative means with answer set programming using the multi-shot feature of clingo."
Concerning Measures in a First-order Logic with Actions and Meta-beliefs.,kr,2023,"Daxin Liu, Qihui Feng, Vaishak Belle, Gerhard Lakemeyer",10.24963/kr.2023/44,2,150,"The unification of logic and probability has been seen as a long-standing concern in philosophy and mathematical logic. In this paper, we propose a new general probabilistic modal logic of belief a..."
Omega-Completeness of the Logic of Here-and-There and Strong Equivalence of Logic Programs.,kr,2023,"Jorge Fandinno, Vladimir Lifschitz",10.24963/kr.2023/24,3,158,Theory of strongly equivalent transformations is an essential part of the methodology of representing knowledge in answer set programming. Strong equivalence of two programs can be sometimes charac...
Justifications for Goal-Directed Constraint Answer Set Programming.,iclp,2020,"Joaquín Arias, Manuel Carro, Zhuo Chen, Gopal Gupta",10.4204/eptcs.325.12,5,117,"Ethical and legal concerns make it necessary for programs that may directly influence the life of people (via, e.g., legal or health counseling) to justify in human-understandable terms the advice given. Answer Set Programming has a rich semantics that makes it possible to very concisely express complex knowledge. However, justifying why an answer is a consequence from an ASP program may be non-trivial -- even more so when the user is an expert in a given domain, but not necessarily knowledgeable in ASP. Most ASP systems generate answers using SAT-solving procedures on ground rules that do not match how humans perceive reasoning. We propose using s(CASP), a query-driven, top-down execution model for predicate ASP with constraints to generate justification trees of (constrained) answer sets. The operational semantics of s(CASP) relies on backward chaining, which is intuitive to follow and lends itself to generating explanations that are easier to translate into natural language. We show how s(CASP) provides minimal justifications for, among others, relevant examples proposed in the literature, both as search trees but, more importantly, as explanations in natural language. We validate our design with real ASP applications and evaluate the cost of generating s(CASP) justification trees."
A Report on Sequential KR-Approaches as Cognitive Logic.,kr,2024,Srinivas Devadas,10.21236/ada208322,2,244,
Compactness and Preservation in Logical Argumentation Frameworks.,kr,2025,"Ofer Arieli, Christian Straßer",10.1177/19462174261418979,2,343,
An ASP-based Approach for Attractor Enumeration in Synchronous and Asynchronous Boolean Networks.,iclp,2019,"Tarek Khaled, Belaïd Benhamou",10.4204/eptcs.306.34,4,420,"Boolean networks are conventionally used to represent and simulate gene regulatory networks. In the analysis of the dynamic of a Boolean network, the attractors are the objects of a special attention. In this work, we propose a novel approach based on Answer Set Programming (ASP) to express Boolean networks and simulate the dynamics of such networks. Our work focuses on the identification of the attractors, it relies on the exhaustive enumeration of all the attractors of synchronous and asynchronous Boolean networks. We applied and evaluated the proposed approach on real biological networks, and the obtained results indicate that this novel approach is promising."
Constructionist Co-Design for the Learning Experience: A Work-in-Progress on Engaging Teachers to Integrate Logic Programming in Primary School.,iclp,2025,"Maria Daskolia, Jaume Piera, Karen Soacha",10.21125/edulearn.2022.2414,3,336,
Variant-based Equational Unification under Constructor Symbols.,iclp,2020,"Damián Aparicio-Sánchez, Santiago Escobar, Julia Sapiña",10.4204/eptcs.325.10,2,149,"Equational unification of two terms consists of finding a substitution that, when applied to both terms, makes them equal modulo some equational properties. A narrowing-based equational unification algorithm relying on the concept of the variants of a term is available in the most recent version of Maude, version 3.0, which provides quite sophisticated unification features. A variant of a term t is a pair consisting of a substitution sigma and the canonical form of tsigma. Variant-based unification is decidable when the equational theory satisfies the finite variant property. However, this unification procedure does not take into account constructor symbols and, thus, may compute many more unifiers than the necessary or may not be able to stop immediately. In this paper, we integrate the notion of constructor symbol into the variant-based unification algorithm. Our experiments on positive and negative unification problems show an impressive speedup."
Formalisation of Action with Durations in Answer Set Programming.,iclp,2021,Etienne Tignon,10.4204/eptcs.345.47,5,220,"In this paper, I will discuss the work I am currently doing as a Ph.D. student at the University of Potsdam, under the tutoring of T. Schaub. I'm currently looking into action description in ASP. More precisely, my goal is to explore how to represent actions with durations in ASP, in different contexts. Right now, I'm focused on Multi-Agent Path Finding (MAPF), looking at how to represent speeds for different agents and contexts. Before tackling duration, I wanted to explore and compare different representations of action taking in ASP. For this, I started comparing different simple encodings tackling the MAPF problem. Even in simple code, choices and assumptions have been made in their creations. The objective of my work is to present the consequences of those design decisions in terms of performance and knowledge representation. As far as I know, there is no current research on this topic. Besides that, I'm also exploring different ways to represent duration and to solve related problems. I planed to compare them the same way I described before. I also want this to help me find innovative and effective ways to solve problems with duration."
Autonomous Task Completion Based on Goal-directed Answer Set Programming.,iclp,2024,Alexis R. Tudor,10.4204/eptcs.416.39,5,423,"Task planning for autonomous agents has typically been done using deep learning models and simulation-based reinforcement learning. This research proposes combining inductive learning techniques with goal-directed answer set programming to increase the explainability and reliability of systems for task breakdown and completion. Preliminary research has led to the creation of a Python harness that utilizes s(CASP) to solve task problems in a computationally efficient way. Although this research is in the early stages, we are exploring solutions to complex problems in simulated task completion."
Non-monotone Fixpoint Theory Based on the Structure of Weak Bilattices.,kr,2024,"Angelos Charalambidis, Giannos Chatziagapis, Babis Kostopoulos, Panos Rondogiannis",10.24963/kr.2024/23,1,581,"We extend the well-known representation theorem for interlaced bilattices to the broader class of weak interlaced bilattices. Based on this new theorem, we develop a fixpoint theory for non-monoton..."
Adding Circumscription to Decidable Fragments of First-Order Logic: A Complexity Rollercoaster.,kr,2024,"Carsten Lutz, Quentin Manière",10.24963/kr.2024/50,2,537,"We study extensions of expressive decidable fragments of first-order logic with circumscription, considering in particular the two-variable fragment FO^2, its extension C^2 with counting quantifier..."
Two-Variable Logic for Hierarchically Partitioned and Ordered Data.,kr,2025,"Oskar Fiuk, Emanuel Kieroński, Vincent Michielini",10.24963/kr.2025/31,2,583,"We study Two-Variable First-Order Logic, FO2, under semantic constraints that model hierarchically structured data. Our first logic extends FO2 with a linear order < and a chain of increasingly coa..."
General Game Playing - Killer App for Logic Programming.,iclp,2024,Michael Thielscher,10.1007/978-3-642-02846-5_28,3,427,"As a novel, grand AI challenge, General Game Playing is concerned with the development of systems that understand the rules of unknown games and play these games well without human intervention. In this paper, we show how Answer Set Programming can assist a general..."
Recursive Aggregates as Intensional Functions.,iclp,2023,"Jorge Fandinno, Zachary Hansen",10.1609/aaai.v39i14.33633,4,365,"Abstract This paper shows that the semantics of programs with aggregates implemented by the solvers clingo and dlv can be characterized as extended First-Order formulas with intensional functions in the logic of Here-and-There. Furthermore, this characterization can be used to study the strong equivalence of programs with aggregates under either semantics. We also present a transformation that reduces the task of checking strong equivalence to reasoning in classical First-Order logic, which serves as a foundation for automating this procedure."
Generative Logic: Teaching Prolog as Generative AI in Art and Design.,iclp,2024,Shalin Hai-Jew,10.4018/979-8-3693-0074-9.ch010,2,214,
Credible Models of Belief Update.,kr,2023,"Eduardo Fermé, Sébastien Konieczny, Ramón Pino Pérez, Nicolas Schwind",10.24963/kr.2023/25,1,524,"In this work, we address one important problem of Katsuno and Mendelzon update operators, that is to require that any updated belief base must entail any new input in a consistent way. This assumes..."
Geospatial Trajectory Generation via Efficient Abduction: Deployment for Independent Testing.,iclp,2024,"Divyagna Bavikadi, Dyuman Aditya, Devendra Parkar, Paulo Shakarian, Graham Mueller, Chad Parvis, Gerardo I. Simari",10.4204/eptcs.416.24,1,464,"The ability to generate artificial human movement patterns while meeting location and time constraints is an important problem in the security community, particularly as it enables the study of the analog problem of detecting such patterns while maintaining privacy. We frame this problem as an instance of abduction guided by a novel parsimony function represented as an aggregate truth value over an annotated logic program. This approach has the added benefit of affording explainability to an analyst user. By showing that any subset of such a program can provide a lower bound on this parsimony requirement, we are able to abduce movement trajectories efficiently through an informed (i.e., A*) search. We describe how our implementation was enhanced with the application of multiple techniques in order to be scaled and integrated with a cloud-based software stack that included bottom-up rule learning, geolocated knowledge graph retrieval/management, and interfaces with government systems for independently conducted government-run tests for which we provide results. We also report on our own experiments showing that we not only provide exact results but also scale to very large scenarios and provide realistic agent trajectories that can go undetected by machine learning anomaly detectors."
Streamlining Input/Output Logics with Sequent Calculi.,kr,2023,"Agata Ciabattoni, Dmitry Rozplokhas",10.24963/kr.2023/15,2,46,Input/Output (I/O) logic is a general framework for reasoning about conditional norms and/or causal relations. We streamline Bochmanâs causal I/O logics via proof-search-oriented sequent calculi. O...
Democratising Access to Logic Programming: A Web Application Design Tool for Querying Prolog Code.,iclp,2024,,10.7551/mitpress/4316.003.0026,2,240,
Reliable Conversational Agents under ASP Control that Understand Natural Language.,iclp,2024,Yankai Zeng,10.4204/eptcs.416.41,1,461,"Efforts have been made to make machines converse like humans in the past few decades. The recent techniques of Large Language Models (LLMs) make it possible to have human-like conversations with machines, but LLM's flaws of lacking understanding and reliability are well documented. We believe that the best way to eliminate this problem is to use LLMs only as parsers to translate text to knowledge and vice versa and carry out the conversation by reasoning over this knowledge using the answer set programming. I have been developing a framework based on LLMs and ASP to realize reliable chatbots that ""understand"" human conversation. This framework has been used to develop task-specific chatbots as well as socialbots. My future research is focused on making these chatbots scalable and trainable."
Learning Commonsense Knowledge Through Interactive Dialogue.,iclp,2018,"Benjamin Wu, Alessandra Russo, Mark Law, Katsumi Inoue",10.29007/lrph,2,55,"One of the most difficult problems in Artificial Intelligence is related to acquiring commonsense knowledge -- to create a collection of facts and information that an ordinary person should know. In this work, we present a system that, from a limited background knowledge, is able to learn to form simple concepts through interactive dialogue with a user. We approach the problem using a syntactic parser, along with a mechanism to check for synonymy, to translate sentences into a logical formulas represented in Event Calculus using Answer Set Programming (ASP). Reasoning and learning tasks are then automatically generated for the translated text, with learning being initiated through question and answering. The system is capable of learning with no contextual knowledge prior to the dialogue. The system has been evaluated on stories inspired by the Facebook's bAbI's question-answering tasks, and through appropriate question and answering is able to respond accurately to these dialogues."
Argumentative Causal Discovery.,kr,2024,"Fabrizio Russo, Anna Rapberger, Francesca Toni",10.24963/kr.2024/88,3,346,"Causal discovery amounts to unearthing causal relationships amongst features in data. It is a crucial companion to causal inference, necessary to build scientific knowledge without resorting to ex..."
Architecture for Simulating Behavior Mode Changes in Norm-Aware Autonomous Agents.,iclp,2024,"Sean Glaze, Daniela Inclezan",10.4204/eptcs.416.7,2,27,"This paper presents an architecture for simulating the actions of a norm-aware intelligent agent whose behavior with respect to norm compliance is set, and can later be changed, by a human controller. Updating an agent's behavior mode from a norm-abiding to a riskier one may be relevant when the agent is involved in time-sensitive rescue operations, for example. We base our work on the Authorization and Obligation Policy Language AOPL designed by Gelfond and Lobo for the specification of norms. We introduce an architecture and a prototype software system that can be used to simulate an agent's plans under different behavior modes that can later be changed by the controller. We envision such software to be useful to policy makers, as they can more readily understand how agents may act in certain situations based on the agents' attitudes towards norm-compliance. Policy makers may then refine their policies if simulations show unwanted consequences."
MTLearn: Extracting Temporal Rules Using Datalog Rule Learners.,kr,2024,"Dingmin Wang, Przemysław Andrzej Wałęga, Bernardo Cuenca Grau",10.24963/kr.2024/90,1,175,"We propose a framework for temporal rule learning from datasets, which capitalises on the availability of increasingly mature Datalog rule learners. Our approach is based on the idea of splitting a..."
Solving Gossip Problems using Answer Set Programming: An Epistemic Planning Approach.,iclp,2020,"Esra Erdem, Andreas Herzig",10.4204/eptcs.325.11,4,412,"We investigate the use of Answer Set Programming to solve variations of gossip problems, by modeling them as epistemic planning problems."
Inductive First-Order Formula Synthesis by ASP: A Case Study in Invariant Inference.,iclp,2025,"Ziyi Yang, George Pîrlea, Ilya Sergey",10.4204/eptcs.439.35,3,595,"We present a framework for synthesising formulas in first-order logic (FOL) from examples, which unifies and advances state-of-the-art approaches for inference of transition system invariants. To do so, we study and categorise the existing methodologies, encoding techniques in their formula synthesis via answer set programming (ASP). Based on the derived categorisation, we propose orthogonal slices, a new technique for formula enumeration that partitions the search space into manageable chunks, enabling two approaches for incremental candidate pruning. Using a combination of existing techniques for first-order (FO) invariant synthesis and the orthogonal slices implemented in our framework FORCE, we significantly accelerate a state-of-the-art algorithm for distributed system invariant inference. We also show that our approach facilitates composition of different invariant inference frameworks, allowing for novel optimisations."
Towards Parallelising Extension Construction for Serialisable Semantics in Abstract Argumentation.,kr,2023,"Lars Bengel, Matthias Thimm",10.24963/kr.2023/72,1,470,We consider the recently proposed notion of serialisability of semantics for abstract argumentation frameworks. This notion describes a method for the serialised non-deterministic construction of...
Ontology-Based Query Answering over Datalog-Expressible Rule Sets is Undecidable.,kr,2024,"David Carral, Lucas Larroque, Michaël Thomazo",10.24963/kr.2024/22,4,162,"Ontology-based query answering is a problem that takes as input a set of facts F, an ontology R (typically expressed by existential rules), a Boolean query q , and asks whether R and F entails q. T..."
Reasoning about Study Regulations in Answer Set Programming (Preliminary Report).,iclp,2023,"SUSANA HAHN, TORSTEN SCHAUB, CEDRIC MARTENS, AMADE NEMES, HENRY OTUNUYA, JAVIER ROMERO, SEBASTIAN SCHELLHORN",10.1017/s1471068424000383,5,348,"We are interested in automating reasoning with and about study regulations, catering to various stakeholders, ranging from administrators, over faculty, to students at different stages. Our work builds on an extensive analysis of various study programs at the University of Potsdam. The conceptualization of the underlying principles provides us with a formal account of study regulations. In particular, the formalization reveals the properties of admissible study plans. With these at end, we propose an encoding of study regulations in Answer Set Programming that produces corresponding study plans. Finally, we show how this approach can be extended to a generic user interface for exploring study plans."
"Proceedings 36th International Conference on Logic Programming (Technical Communications), ICLP Technical Communications 2020, (Technical Communications) UNICAL, Rende (CS), Italy, 18-24th September 2020.",iclp,2020,,10.1109/cscc49995.2020.00008,1,330,
Reasoning About Knowledge on Regular Expressions Is 2EXPTIME-Complete.,kr,2025,"Avijeet Ghosh, Sujata Ghosh, François Schwarzentruber",10.24963/kr.2025/35,2,85,"Logics for reasoning about knowledge and actions have seen many applications in various domains of multi-agent systems, including epistemic planning. Change of knowledge based on observations about..."
"Weighted Merging Operators: Product, Utility-based Operators and Egalitarianism.",kr,2024,"Patricia Everaere, Sébastien Konieczny, Ramón Pino Pérez",10.24963/kr.2024/31,1,309,"We propose new operators for weighted propositional belief merging operators. We introduce distance-based operators that use the product as aggregation function. In social choice theory, the prod..."
Revising Boolean Logical Models of Biological Regulatory Networks.,kr,2023,"Frederico Aleixo, Matthias Knorr, João Leite",10.24963/kr.2023/2,3,167,"Boolean regulatory networks are used to represent complex biological processes, modelling the interactions of biological compounds, such as proteins or genes, with each other and with other substan..."
Can LLMs Solve ASP Problems? Insights from a Benchmarking Study.,kr,2025,"Lin Ren, Guohui Xiao, Guilin Qi, Yishuai Geng, Haohan Xue",10.24963/kr.2025/60,3,545,"Answer Set Programming (ASP) is a powerful paradigm for non-monotonic reasoning. Recently, large language models (LLMs) have demonstrated promising capabilities in logical reasoning. Despite this..."
Contractions Based on Optimal Repairs.,kr,2024,"Franz Baader, Renata Wassermann",10.25368/2024.122,1,453,
Early Validation of High-level Requirements on Cyber-Physical Systems.,iclp,2025,Ondřej Vašíček,10.4204/eptcs.416.40,1,112,"The overarching, broad topic of my research are advancements in the area of safety-critical, cyber-physical systems (CPS) development with emphasis on validation and verification. The particular focus of my research is the early validation of high-level requirements on CPS. My current approach for tackling this problem is transforming the requirements into Event Calculus and subsequently reasoning about them using ASP solvers such as the grounding-free s(CASP). Below, I discuss my research, its current state, and the open issues that are still left to tackle. The first results of my work will be presented in a paper that was accepted for ICLP'24, which is my first paper in this area."
Deep Inductive Logic Programming meets Reinforcement Learning.,iclp,2023,", Yushi Cao",10.32657/10356/182530,4,18,"The integration of inductive logic programming (symbolism) and deep learning (connectionism) has drawn researchers' attention and become a novel research direction toward better reasoning ability. However, the current integration is still far from perfect, especially the poor generalization and learning efficiency of the current models. In this thesis, we aim to improve the generalization of current approaches, together with the learning ability and performance. Besides, we also aim to conduct a full evaluation regarding the reasoning ability of Large Language Models with inductive logic programming tasks. First, to improve the generalization for the current logic-based deep reinforcement learning (DRL) algorithms, we propose a novel framework called GALOIS, which is capable of synthesizing white-box programs with hierarchy and definitive cause-effect logic. It utilizes a program sketch and introduces a new sketch-based programming language to guide the synthesis process. Utilizing this framework, GALOIS implements a sketch-based program synthesis approach that automatically generates white-box, interpretable programs with a generalizable cause-effect logic. Comprehensive evaluation across various complex decision-making tasks demonstrates that GALOIS outperforms mainstream DRL methods and previous state-of-the-art program-guided baselines in learning capability, generalization, interpretation, and the ability to reuse knowledge across different tasks. Then, we observe that current start-of-the-art neural inductive logic programming (ILP) models suffer from requiring a large number of training iterations and training examples for training. Besides, they are still far from perfect in terms of performance and generalization when dealing with tasks that require complex task-solving logic. To mitigate this issue, we present a novel framework named Failure Reflection Guided Regularizer (FRGR). FRGR initially identifies and summarizes error patterns dynamically when the model repeatedly makes similar mistakes during training. Subsequently, it penalties the model for making similar mistakes in future training iterations. This approach encourages the model to avoid recurring mistakes with similar error patterns, thereby facilitating faster convergence to a more optimal and higher-performing solution. Experimental results on multiple relational reasoning and decision-making tasks demonstrate the effectiveness of FRGR in improving neural ILP models' performance, generalization, and learning efficiency. Finally, in spite of the improvement the state-of-the-art neural ILP solvers can bring out, there has been a surge of interest in investigating the reasoning ability of the LLMs. Whereas the textual and numerical reasoning benchmarks adopted by previous works are rather shallow and simple, it is hard to conclude that the large language models (LLMs) possess strong reasoning ability by merely achieving positive results on these benchmarks. Recent efforts have demonstrated that LLMs are poor at solving sequential decision-making problems that require common-sense planning by evaluating their performance on the reinforcement learning benchmarks. In this work, we conduct an in-depth assessment of several state-of-the-art LLMs' reasoning ability based on the ILP benchmark, which is broadly recognized as a representative and challenging measurement for evaluating logic program induction/synthesis systems as it requires inducing strict cause-effect logic to achieve robust deduction on independent and identically distributed (IID) and out-of-distribution (OOD) test samples. Our evaluations illustrate that compared with the neural program induction systems which are much smaller in model size, the state-of-the-art LLMs are much poorer in terms of reasoning ability by achieving much lower performance and generalization using either natural language prompting or truth-value matrix prompting."
A Neurosymbolic Approach to Fraud Detection on Financial Data in the Public Administration.,iclp,2025,,10.1002/9781118936764.ch2,5,389,
Value awareness and process automation: a reflection through school place allocation models.,iclp,2023,"Joaquín Arias, Mar Moreno-Rebato, Jose A. Rodriguez-García, Sascha Ossowski",10.1007/978-3-031-58202-8_16,1,379,"Value-aware systems need to explicitly represent and reason with norms and values applicable to a problem domain. To this respect, a key question is to determine as to how far a particular legal model is aligned with a certain value system. In this paper, we apply..."
Advancing Algorithmic Approaches to Probabilistic Argumentation under the Constellation Approach.,kr,2024,"Andrei Popescu, Johannes P. Wallner",10.24963/kr.2024/55,2,571,Reasoning with defeasible and conflicting knowledge in an argumentative form is a key research field in computational argumentation. Reasoning under various forms of uncertainty is both a key featu...
Early Validation of High-level Requirements on Cyber-Physical Systems.,iclp,2024,Ondřej Vašíček,10.4204/eptcs.416.40,1,287,"The overarching, broad topic of my research are advancements in the area of safety-critical, cyber-physical systems (CPS) development with emphasis on validation and verification. The particular focus of my research is the early validation of high-level requirements on CPS. My current approach for tackling this problem is transforming the requirements into Event Calculus and subsequently reasoning about them using ASP solvers such as the grounding-free s(CASP). Below, I discuss my research, its current state, and the open issues that are still left to tackle. The first results of my work will be presented in a paper that was accepted for ICLP'24, which is my first paper in this area."
Reasoning about Probability via Continuous Functions.,kr,2023,"Tommaso Flaminio, Sandro Preto, Sara Ugolini",10.24963/kr.2023/28,4,218,For functional representation in an algebraizable logic we mean a representation of the algebras of formulas of the logic by means of (possibly real-valued) functions. Functional representations ...
Propositional Abduction via Only-Knowing: A Non-Monotonic Approach.,iclp,2025,"Sanderson Molick, Vaishak Belle",10.4204/eptcs.439.2,3,363,"The paper introduces a basic logic of knowledge and abduction by extending Levesque logic of only-knowing with an abduction modal operator defined via the combination of basic epistemic concepts. The upshot is an alternative approach to abduction that employs a modal vocabulary and explores the relation between abductive reasoning and epistemic states of only knowing. Furthermore, by incorporating a preferential relation into modal frames, we provide a non-monotonic extension of our basic framework capable of expressing different selection methods for abductive explanations. Core metatheoretic properties of non-monotonic consequence relations are explored within this setting and shown to provide a well-behaved foundation for abductive reasoning."
Visual Graph Question Answering with ASP and LLMs for Language Parsing.,iclp,2024,"Jakob Johannes Bauer, Thomas Eiter, Nelson Higuera Ruiz, Johannes Oetsch",10.4204/eptcs.416.2,5,306,"Visual Question Answering (VQA) is a challenging problem that requires to process multimodal input. Answer-Set Programming (ASP) has shown great potential in this regard to add interpretability and explainability to modular VQA architectures. In this work, we address the problem of how to integrate ASP with modules for vision and natural language processing to solve a new and demanding VQA variant that is concerned with images of graphs (not graphs in symbolic form). Images containing graph-based structures are an ubiquitous and popular form of visualisation. Here, we deal with the particular problem of graphs inspired by transit networks, and we introduce a novel dataset that amends an existing one by adding images of graphs that resemble metro lines. Our modular neuro-symbolic approach combines optical graph recognition for graph parsing, a pretrained optical character recognition neural network for parsing labels, Large Language Models (LLMs) for language processing, and ASP for reasoning. This method serves as a first baseline and achieves an overall average accuracy of 73% on the dataset. Our evaluation provides further evidence of the potential of modular neuro-symbolic systems, in particular with pretrained models that do not involve any further training and logic programming for reasoning, to solve complex VQA tasks."
How to Manage a Budget with ATL+.,kr,2023,"Stéphane Demri, Raine Rönnholm",10.24963/kr.2023/19,5,245,We study the alternating-time temporal logic ATL+ enriched with one resource (written ATL+(1)) extending ATL+ with the possibility to manage a budget. We propose a game-theoretic semantics via the...
Automating Disease Management Using Answer Set Programming.,iclp,2016,,10.1017/cbo9781139342124.007,5,163,"Knowledge Representation, Reasoning, and the Design of Intelligent Agents - March 2014"
Natural Language Generation From Ontologies Using Grammatical Framework.,iclp,2018,Dan Moldovan,10.21236/ada512325,3,233,
Explanations Generation For Web Service Workflow.,iclp,2018,"Shifeng Yan, Ying Li, Shuiguang Deng, Zhaohui Wu",10.1109/nwesp.2005.12,2,16,"With the quick development of the Web service technologies, more opportunities and challenges are brought into the area of workflow. Service based workflow, which integrates and manages Web services distributed in the Internet, has grown to be one of the hottest topics in the workflow research areas. The high dynamic and heterogeneous nature of the Internet brings uncontrolled factors while integrating and invoking outside Web services in workflow. So the failed execution in service based workflow system occurs more often than that in the traditional workflow system. Thus transaction management is a key to ensure the successful execution of service based workflow. Based on a detailed analysis of the characteristics of service based workflow, it proposed a transaction management framework to maintain the integrity of workflow transactions. Using this framework, a workflow management system can improve its ability in processing transaction issues while managing service based workflow."
Incentive Design for Rational Agents.,kr,2024,"David Hyland, Munyque Mittelmann, Aniello Murano, Giuseppe Perelli, Michael Wooldridge",10.24963/kr.2024/44,2,405,"We introduce Incentive Design: a new class of problems for equilibrium verification in multi-agent systems. In our model, agents attempt to maximize their utility functions, which are expressed as ..."
Semantics for Hybrid Probabilistic Logic Programs with Function Symbols: Technical Summary.,iclp,2022,Fabrizio Riguzzi,10.1201/9781003427421-5,4,72,"In this chapter we prove that the semantics of PCLP given in Section 4.5 is well-defined also when function symbols are present, i.e., that each query can be"
neXSim: A System for Explaining Nexus of Similarities.,iclp,2025,,10.18356/7a3e9edf-en,4,540,
Unified Foundations of Team Semantics via Semirings.,kr,2023,"Timon Barlag, Miika Hannula, Juha Kontinen, Nina Pardal, Jonni Virtema",10.24963/kr.2023/8,1,98,Semiring semantics for first-order logic provides a way to trace how facts represented by a model are used to deduce satisfaction of a formula. Team semantics is a framework for studying logics of ...
A Query Evaluation Method for ASP with Abduction.,iclp,2022,"Gerhard Wetzel, Francesca Toni",10.1007/bfb0056017,4,521,The use of integrity constraints to perform Semantic Query-Optimization (SQO) in deductive databases can be formalized in a way similar to the use of integrity constraints in Abductive Logic Programming (ALP) and the use of Constraint Handling Rules in Constraint...
Modelling Cyber Defenses using s(CASP).,iclp,2023,,10.1057/9781137476180.0009,1,94,
Explaining Reasoning Results for OWL Ontologies with Evee.,kr,2024,"Christian Alrabbaa, Stefan Borgwardt, Tom Friese, Anke Hirsch, Nina Knieriemen, Patrick Koopmann, Alisa Kovtunova, Antonio Krüger, Alexej Popovič, Ida Siahaan",10.24963/kr.2024/67,5,111,"One of the advantages of formalizing domain knowledge in OWL ontologies is that one can use reasoning systems to infer implicit information automatically. However, it is not always straightforward ..."
Consistent Query Answering over SHACL Constraints.,kr,2024,"Shqiponja Ahmetaj, Timo Camillo Merkl, Reinhard Pichler",10.24963/kr.2024/1,1,40,The Shapes Constraint Language (SHACL) was standardized by the World Wide Web as a constraint language to describe and validate RDF data graphs. SHACL uses the notion of shapes graph to describe a ...
Data2Concept2Text: An Explainable Multilingual Framework for Data Analysis Narration.,iclp,2024,"Flavio Bertini, Alessandro Dal Palù, Federica Zaglio, Francesco Fabiano, Andrea Formisano",10.4204/eptcs.416.13,4,559,"This paper presents a complete explainable system that interprets a set of data, abstracts the underlying features and describes them in a natural language of choice. The system relies on two crucial stages: (i) identifying emerging properties from data and transforming them into abstract concepts, and (ii) converting these concepts into natural language. Despite the impressive natural language generation capabilities demonstrated by Large Language Models, their statistical nature and the intricacy of their internal mechanism still force us to employ these techniques as black boxes, forgoing trustworthiness. Developing an explainable pipeline for data interpretation would allow facilitating its use in safety-critical environments like processing medical information and allowing non-experts and visually impaired people to access narrated information. To this end, we believe that the fields of knowledge representation and automated reasoning research could present a valid alternative. Expanding on prior research that tackled the first stage (i), we focus on the second stage, named Concept2Text. Being explainable, data translation is easily modeled through logic-based rules, once again emphasizing the role of declarative programming in achieving AI explainability. This paper explores a Prolog/CLP-based rewriting system to interpret concepts-articulated in terms of classes and relations, plus common knowledge-derived from a generic ontology, generating natural language text. Its main features include hierarchical tree rewritings, modular multilingual generation, support for equivalent variants across semantic, grammar, and lexical levels, and a transparent rule-based system. We outline the architecture and demonstrate its flexibility through some examples capable of generating numerous diverse and equivalent rewritings based on the input concept."
Argument analysis using Answer Set Programming and Semantics-guided Large Language Models.,iclp,2023,Fabrizio Riguzzi,10.1201/9781003427421-6,1,237,"In Section 2.2 we considered only sound programs, those for which every world has a two-valued WFM. In this way, we avoid non-monotonic aspects of the program"
Answer Set Solving with Generalized Learned Constraints.,iclp,2016,Ivor Uhliarik,10.5220/0006518303670372,5,370,
Visualizing Kripke Models in LogiKEy: the Case of SDL.,iclp,2025,"N. Mansurov, D. Zhukov",10.1016/b978-044450228-5/50016-3,3,200,
s(CASP) for SWI-Prolog.,iclp,2021,Matthias Gondan,10.32614/cran.package.rswipl,1,437,"Interface to 'SWI'-'Prolog', &lt;<a href=""https://www.swi-prolog.org/"" target=""_top"">https://www.swi-prolog.org/</a>&gt;. This package is normally not loaded directly, please refer to package 'rolog' instead. The purpose of this package is to provide the 'Prolog' runtime on systems that do not have a software installation of 'SWI'-'Prolog'."
A Preliminary Evaluation of Open-Source LLMs for Datalog-Based Semantic Parsing in the ASVIN Project.,iclp,2025,"Amad Atiq, George Ubakanma, Muddesar Iqbal",10.1109/es64449.2025.11136269,1,446,"Accurate extraction and categorization of detailed resume information are critical for talent acquisition and workforce analytics, yet the diverse formats and terminologies of resumes create significant challenges for automated processing. This study addresses the problem of effective resume parsing by investigating the potential of Large Language Models (LLMs) and embedding techniques. We evaluate various state-of-the-art open-source LLMs to determine their performance in extracting and categorizing essential sections of resumes, such as education, work experience, technical skills, and personal statements. The research aims to identify the optimal combination of LLMs and embedding techniques that achieve high accuracy and efficiency in the extraction process. Additionally, the study explores the strengths and weaknesses of these models in handling complex, nonstandard, and industry-specific terminologies. Ultimately, our goal is to develop a systematic framework to automate the processing of resume information into a structured database, enhancing talent management and recruitment strategies. Our findings reveal that the llama3-8b-8192 LLM outperforms other models regarding correctness and relevance in resume parsing, contributing to advancements in natural language processing within human resource management. This research paves the way for more effective and efficient strategies in recruitment, skills analysis, and workforce planning."
Fixpoint Semantics for DatalogMTL with Negation.,iclp,2025,Samuele Pollaci,10.4204/eptcs.439.19,2,95,"DatalogMTL with negation is an extension of Datalog with metric temporal operators enriched with unstratifiable negation. In this paper, we define the stable, well-founded, Kripke-Kleene, and supported model semantics for DatalogMTL with negation in a very simple and straightforward way, by using the solid mathematical formalism of Approximation Fixpoint Theory (AFT). Moreover, we prove that the stable model semantics obtained via AFT coincides with the one defined in previous work, through the employment of pairs of interpretations stemming from the logic of here-and-there."
When is a Program an Actual Cause?,iclp,2021,,10.1017/cbo9780511803161.012,4,127,"And now remains That we find out the cause of this effect, Or rather say, the cause of this defect, For this effect defective comes by cause. Shakespeare (Hamlet II.ii. 100–4) Preface This chapter offers a formal explication of the notion of “actual cause,” an event recognized as responsible for the production of a given outcome in a specific scenario, as in: “Socrates drinking hemlock was the actual cause of Socrates death.” Human intuition is extremely keen in detecting and ascertaining this type of causation and hence is considered the key to constructing explanations (Section 7.2.3) and the ultimate criterion (known as “cause in fact”) for determining legal responsibility. Yet despite its ubiquity in natural thoughts, actual causation is not an easy concept to formulate. A typical example (introduced by Wright 1988) considers two fires advancing toward a house. If fire A burned the house before fire B , we (and many juries nationwide) would surely consider fire A “ the actual cause” of the damage, though either fire alone is sufficient (and neither one was necessary) for burning the house. Clearly, actual causation requires information beyond that of necessity and sufficiency; the actual process mediating between the cause and the effect must enter into consideration. But what precisely is a “process” in the language of structural models? What aspects of causal processes define actual causation? How do we piece together evidence about the uncertain aspects of a scenario and so compute probabilities of actual causation? In this chapter we propose a plausible account of actual causation that can be formulated in structural model semantics. The account is based on the notion of sustenance, to be defined in Section 10.2, which combines aspects of necessity and sufficiency to measure the capacity of the cause to maintain the effect despite certain structural changes in the model. We show by examples how this account avoids problems associated with the counterfactual dependence account of Lewis (1986) and how it can be used both in generating explanations of specific scenarios and in computing the probabilities that such explanations are in fact correct."
Resource Allocation with Cooperative Agents.,iclp,2025,,10.1017/cbo9780511619748.013,2,327,"Introduction Recently, cooperative communications have gained attention as an emerging transmit strategy for future wireless networks. Cooperative communications efficiently take advantage of the broadcasting nature of wireless networks. The basic idea is that users or nodes in a wireless network share their information and transmit cooperatively as a virtual antenna array, thus providing diversity that can significantly improve system performance. In cooperative transmission, relays are assigned to help a sender in forwarding its information to its receiver. Thus the receiver gets several copies of the same information via independent channels. The pioneer work on cooperative transmission can be found, e.g., in [53], where a general information theoretical framework about relaying channels is established. In [272, 273], a CDMA-based two-user cooperative modulation scheme has been proposed. The main idea is to allow each user to retransmit estimates of their partner's received information such that each user's information is transmitted to the receiver at the highest possible rate. This work is extended in [175], where the outage and the ergodic capacity behavior of various cooperative protocols, e.g., decode-and-forward (DF) and amplify-and-forward (AF) cooperative protocols, are analyzed for a three-user case under quasi-static fading channels. In [298], the authors provided SER performance analysis and optimum power allocation for DF cooperative systems in a narrowband Rayleigh fading environment. The work in [138] analyzes the schemes based on the same channel without fading, but with more complicated transmitter cooperative schemes involving dirty paper coding. In [199], a cooperative broadcast strategy was proposed with an objective of maximizing the network lifetime."
A Causal Perspective on AI Deception in Games.,iclp,2022,,10.4135/9781483306902.n155,4,395,"<p>The <span class=""hi-bold"">Encyclopedia of Deception</span> examines lying from multiple perspectives drawn from the disciplines of social psychology, sociolo"
Queries With Exact Truth Values in Paraconsistent Description Logics.,kr,2024,"Meghyn Bienvenu, Camille Bourgaux, Daniil Kozhemiachenko",10.1613/jair.1.18676,3,538,
"Proceedings 40th International Conference on Logic Programming, ICLP 2024, University of Texas at Dallas, Dallas Texas, USA, October 14-17 2024.",iclp,2025,", Naif Alatrush, Sultan Alsarra, , Afraa Alshammari, , Luay Abdeljaber, , Niamat Zawad, , Latifur Khan, , Patrick T. Brandt, , Javier Osorio, , Vito J. D’Orazio, ",10.26615/978-954-452-098-4-007,1,222,
SHACL Validation under the Well-founded Semantics.,kr,2024,"Cem Okulmus, Mantas Šimkus",10.24963/kr.2024/52,2,572,"W3C has recently introduced SHACL as a new standard for writing integrity constraints on graph-structured data (specifically, on RDF graphs). Unfortunately, the standard defines the semantics of no..."
Logical Judges Challenge Human Judges on the Strange Case of B.C.-Valjean.,iclp,2020,"Viviana Mascardi, Domenico Pellegrini",10.4204/eptcs.325.32,1,544,"On May 12th, 2020, during the course entitled Artificial Intelligence and Jurisdiction Practice organized by the Italian School of Magistracy, more than 70 magistrates followed our demonstration of a Prolog logical judge reasoning on an armed robbery case. Although the implemented logical judge is just an exercise of knowledge representation and simple deductive reasoning, a practical demonstration of an automated reasoning tool to such a large audience of potential end-users represents a first and unique attempt in Italy and, to the best of our knowledge, in the international panorama. In this paper we present the case addressed by the logical judge - a real case already addressed by a human judge in 2015 - and the feedback on the demonstration collected from the attendees."
The Pyglaf Argumentation Reasoner.,iclp,2017,Mario Alviano,10.3233/fi-2019-1808,1,550,
Decomposition Strategies for Solving Scheduling Problems in Industrial Applications.,iclp,2022,Mohammed M. S. El-Kholany,10.4204/eptcs.364.39,3,184,"This article presents an overview of a research study of a crucial optimization problem in the Computer Science/Operations research field: The Job-shop Scheduling Problem (JSP). The JSP is a challenging task in which a set of operations must be processed using a set of scarce machines to optimize a particular objective. The main purpose of the JSP is to determine the execution order of the processes assigned to each machine to optimize an objective. Our main interest in this study is to investigate developing decomposition strategies using logic programming to solve the JSP. We split our goal into two main phases. The first phase is to apply the decomposition approach and evaluate the proposed model by solving a set of known benchmark instances. The second phase is to apply the successful decomposition methods obtained from the first phase to solve a scheduling problem in the real-life application. In the current state, we finished the first phase and started the second one aiming to have a model that can provide a schedule of a factory for a short-time period."
Explanations for Answer Set Programming.,iclp,2023,,10.1017/cbo9781139342124.007,5,190,"Knowledge Representation, Reasoning, and the Design of Intelligent Agents - March 2014"
A Neurosymbolic Framework for Bias Correction in Convolutional Neural Networks.,iclp,2024,"PARTH PADALKAR, NATALIA ŚLUSARZ, EKATERINA KOMENDANTSKAYA, GOPAL GUPTA",10.1017/s1471068424000322,3,176,A Neurosymbolic Framework for Bias Correction in Convolutional Neural Networks - Volume 24 Issue 4
DMAPF: A Decentralized and Distributed Solver for Multi-Agent Path Finding Problem with Obstacles.,iclp,2021,"Poom Pianpak, Tran Cao Son",10.4204/eptcs.345.24,1,407,"Multi-Agent Path Finding (MAPF) is a problem of finding a sequence of movements for agents to reach their assigned location without collision. Centralized algorithms usually give optimal solutions, but have difficulties to scale without employing various techniques - usually with a sacrifice of optimality; but solving MAPF problems with the number of agents greater than a thousand remains a challenge nevertheless. To tackle the scalability issue, we present DMAPF - a decentralized and distributed MAPF solver, which is a continuation of our recently published work, ros-dmapf. We address the issues of ros-dmapf where it (i) only works in maps without obstacles; and (ii) has a low success rate with dense maps. Given a MAPF problem, both ros-dmapf and DMAPF divide the map spatially into subproblems, but the latter further divides each subproblem into disconnected regions called areas. Each subproblem is assigned to a distributed solver, which then individually creates an abstract plan - a sequence of areas that an agent needs to visit - for each agent in it, and interleaves agent migration with movement planning. Answer Set Programming, which is known for its performance in small but complex problems, is used in many parts including problem division, abstract planning, border assignment for the migration, and movement planning. Robot Operating System is used to facilitate communication between the solvers and to enable the opportunity to integrate with robotic systems. DMAPF introduces a new interaction protocol between the solvers, and mechanisms that together result in a higher success rate and better solution quality without sacrificing much of the performance. We implement and experimentally validate DMAPF by comparing it with other state-of-the-art MAPF solvers and the results show that our system achieves better scalability."
A Prolog Program for Bottom-up Evaluation.,iclp,2024,David S. Warren,10.4204/eptcs.416.20,5,186,"This short paper describes a simple and intuitive Prolog program, a metainterpreter, that computes the bottom up meaning of a simple positive Horn clause definition. It involves a simple transformation of the object program rules into metarules, which are then used by a metainterpreter to compute bottom up the model of the original program. The resulting algorithm is a form of semi-naive bottom-up evaluation. We discuss various reasons why this Prolog program is particularly interesting. In particular, this is perhaps the only Prolog program for which I find the use of Prolog's assert/1 to be intrinsic, easily understood, and the best, most perspicuous, way to program an algorithm. This short paper might be best characterized as a Prolog programming pearl."
Computing Diverse Optimal Stable Models.,iclp,2016,,10.7551/mitpress/4316.003.0016,1,285,
From Vision to Execution: Enabling Knowledge Representation and Reasoning in Hybrid Intelligent Robots Playing Mobile Games.,kr,2023,"Denise Angilica, Mario Avolio, Giovanni Beraldi, Giovambattista Ianni, Francesco Pacenza",10.24963/kr.2023/5,2,102,"Automating acts on touch surfaces opens a range of possibilities for researching and experimenting with hybrid AI approaches. In this paper, we propose a delta robot capable of playing match-3 gam..."
Machine Learning Model Integration with Open World Temporal Logic for Process Automation.,iclp,2025,"Dyuman Aditya, Colton Payne, Mario Leiva, Paulo Shakarian",10.4204/eptcs.439.4,2,253,"Recent advances in Machine Learning (ML) have produced models that extract structured information from complex data. However, a significant challenge lies in translating these perceptual or extractive outputs into actionable and explainable decisions within complex operational workflows. To address these challenges, this paper introduces a novel approach that integrates the outputs of various machine learning models directly with the PyReason framework, an open-world temporal logic programming reasoning engine. PyReason's foundation in generalized annotated logic allows for the incorporation of real-valued outputs (e.g., probabilities, confidence scores) from a diverse set of ML models, treating them as truth intervals within its logical framework. Crucially, PyReason provides mechanisms, implemented in Python, to continuously poll ML model outputs, convert them into logical facts, and dynamically recompute the minimal model to enable decision-making in real-time. Furthermore, its native support for temporal reasoning, knowledge graph integration, and fully explainable interface traces enables an analysis of time-sensitive process data and existing organizational knowledge. By combining the strengths of perception and extraction from ML models with the logical deduction and transparency of PyReason, we aim to create a powerful system for automating complex processes. This integration is well suited for use cases in numerous domains, including manufacturing, healthcare, and business operations."
First Order Logic and Commonsense Reasoning: A Path Less Travelled.,iclp,2022,,10.1302/3114-230258,2,362,"In this presentation, Ashish Upadhyay discusses a prevalent issue in healthcare: back pain, particularly focusing on sacroiliac (SI) joint problems. He reflects on the challenges patients face, especially those…"
Representing and Evaluating SBVR Specification via ASP.,iclp,2025,"Murali Mohanan, Imran Sarwar Bajwa",10.4018/ijossp.2019040104,4,584,
A Planning Compilation to Reason About Goal Achievement at Planning Time.,kr,2025,"Alberto Pozanco, Marianela Morales, Daniel Borrajo, Manuela Veloso",10.24963/kr.2025/82,1,316,"Identifying the specific actions that achieve goals when solving a planning task might be beneficial for various planning applications. Traditionally, this identification occurs post-search, as ..."
Cost-Optimal Delete-Free Classical Planning via Maximum Satisfiability.,kr,2025,"Masood Feyzbakhsh Rankooh, Andreas Niskanen, Matti Järvisalo",10.24963/kr.2025/75,1,198,"We propose a maximum satisfiability (MaxSAT) based approach to cost-optimal delete-free planning, also known as optimal relaxed planning. Relaxed planning is a central subclass of classical plannin..."
Verification of General Games with Imperfect Information Using Strategy Logic.,kr,2024,"Yifan He, Munyque Mittelmann, Aniello Murano, Abdallah Saffidine, Michael Thielscher",10.24963/kr.2024/40,2,33,"The Game Description Language with Imperfect Information (GDL-II) is a lightweight formalism for representing the rules of arbitrary games, including those where players have private information. I..."
Conflict Handling in Product Configuration using Answer Set Programming.,iclp,2022,Seemran Mishra,10.4204/eptcs.345.46,4,197,"This is a preliminary work on configuration knowledge representation which serves as a foundation for building interactive configuration systems in Answer Set programming (ASP). The major concepts of the product configuration problem are identified and discussed with a bike configuration example. A fact format is developed for expressing product knowledge that is domain-specific and can be mapped from other systems. Finally, a domain-independent ASP encoding is provided that represents the concepts in the configuration problem."
LLM+Reasoning+Planning for supporting incomplete user queries in presence of APIs.,iclp,2024,"Sudhir Agarwal, Anu Sreepathy, David H. Alonso, Prarit Lamba",10.4204/eptcs.416.3,2,489,"Recent availability of Large Language Models (LLMs) has led to the development of numerous LLM-based approaches aimed at providing natural language interfaces for various end-user tasks. These end-user tasks in turn can typically be accomplished by orchestrating a given set of APIs. In practice, natural language task requests (user queries) are often incomplete, i.e., they may not contain all the information required by the APIs. While LLMs excel at natural language processing (NLP) tasks, they frequently hallucinate on missing information or struggle with orchestrating the APIs. The key idea behind our proposed approach is to leverage logical reasoning and classical AI planning along with an LLM for accurately answering user queries including identification and gathering of any missing information in these queries. Our approach uses an LLM and ASP (Answer Set Programming) solver to translate a user query to a representation in Planning Domain Definition Language (PDDL) via an intermediate representation in ASP. We introduce a special API ""get_info_api"" for gathering missing information. We model all the APIs as PDDL actions in a way that supports dataflow between the APIs. Our approach then uses a classical AI planner to generate an orchestration of API calls (including calls to get_info_api) to answer the user query. Our evaluation results show that our approach significantly outperforms a pure LLM based approach by achieving over 95% success rate in most cases on a dataset containing complete and incomplete single goal and multi-goal queries where the multi-goal queries may or may not require dataflow among the APIs."
Neuro-Symbolic Agent with ASP for Robust Exception Learning in Text-Based Games.,iclp,2024,"Vinod Mishra, Julian Briseno, Mani Srivastava",10.21236/ad1230960,4,434,
Causes for Changing Profiles (Preliminary Report).,kr,2023,,10.3133/b333,3,292,
Prolog Coding Guidelines: Status and Tool Support.,iclp,2019,"Falco Nogatz, Philipp Körner, Sebastian Krings",10.4204/eptcs.306.8,5,555,"The importance of coding guidelines is generally accepted throughout developers of every programming language. Naturally, Prolog makes no exception. However, establishing coding guidelines is fraught with obstacles: Finding common ground on kind and selection of rules is matter of debate; once found, adhering to or enforcing rules is complicated as well, not least because of Prolog's flexible syntax without keywords. In this paper, we evaluate the status of coding guidelines in the Prolog community and discuss to what extent they can be automatically verified. We implemented a linter for Prolog and applied it to several packages to get a hold on the current state of the community."
An LLM + ASP Workflow for Joint Entity-Relation Extraction.,iclp,2025,"Trang Tran, Trung Hoang Le, Huiping Cao, Tran Cao Son",10.4204/eptcs.439.6,4,182,"Joint entity-relation extraction (JERE) identifies both entities and their relationships simultaneously. Traditional machine-learning based approaches to performing this task require a large corpus of annotated data and lack the ability to easily incorporate domain specific information in the construction of the model. Therefore, creating a model for JERE is often labor intensive, time consuming, and elaboration intolerant. In this paper, we propose harnessing the capabilities of generative pre-trained large language models (LLMs) and the knowledge representation and reasoning capabilities of Answer Set Programming (ASP) to perform JERE. We present a generic workflow for JERE using LLMs and ASP. The workflow is generic in the sense that it can be applied for JERE in any domain. It takes advantage of LLM's capability in natural language understanding in that it works directly with unannotated text. It exploits the elaboration tolerant feature of ASP in that no modification of its core program is required when additional domain specific knowledge, in the form of type specifications, is found and needs to be used. We demonstrate the usefulness of the proposed workflow through experiments with limited training data on three well-known benchmarks for JERE. The results of our experiments show that the LLM + ASP workflow is better than state-of-the-art JERE systems in several categories with only 10% of training data. It is able to achieve a 2.5 times (35% over 15%) improvement in the Relation Extraction task for the SciERC corpus, one of the most difficult benchmarks."
Comprehensive Multi-Agent Epistemic Planning.,iclp,2021,Francesco Fabiano,10.4204/eptcs.345.41,3,351,"Over the last few years, the concept of Artificial Intelligence has become central in different tasks concerning both our daily life and several working scenarios. Among these tasks automated planning has always been central in the AI research community. In particular, this manuscript is focused on a specialized kind of planning known as Multi-agent Epistemic Planning (MEP). Epistemic Planning (EP) refers to an automated planning setting where the agent reasons in the space of knowledge/beliefs states and tries to find a plan to reach a desirable state from a starting one. Its general form, the MEP problem, involves multiple agents who need to reason about both the state of the world and the information flows between agents. To tackle the MEP problem several tools have been developed and, while the diversity of approaches has led to a deeper understanding of the problem space, each proposed tool lacks some abilities and does not allow for a comprehensive investigation of the information flows. That is why, the objective of our work is to formalize an environment where a complete characterization of the agents' knowledge/beliefs interaction and update is possible. In particular, we aim to achieve such goal by defining a new action-based language for multi-agent epistemic planning and to implement an epistemic planner based on it. This solver should provide a tool flexible enough to reason on different domains, e.g., economy, security, justice and politics, where considering others' knowledge/beliefs could lead to winning strategies."
"Front Matter, Table of Contents, Preface, Conference Organization.",iclp,2017,,10.1484/m.art-eb.5.138353,1,157,"Preview this chapter: Front Matter (""Preface"", ""Table of Contents""), Page 1 of 1 < Previous page | Next page > /docserver/preview/fulltext/10.1484/M.ART-EB.5.105705/M.ART-EB.5.138353-1.gif Hardbound ISBN: 978-90-70419-31-8 E-book ISBN: 978-2-503-56426-5 Book DOI : https://doi.org/10.1484/M.ART-EB.5.105705"
Constraint CNF: SAT and CSP Language Under One Roof.,iclp,2016,Justyna Petke,10.1007/978-3-319-21810-6_6,3,86,"In CSP-solver competitions [vDLR09, vDLR08] in the last few years one SAT-based constraint solver, called Sugar [TTKB09], was exceptionally efficient and even won in a few categories. Surprisingly, it outperformed standard constraint solvers on many..."
A Scalable Approach to Probabilistic Compliance in Declarative Process Mining.,iclp,2025,"Christian Sturm, Stefan Schönig, Stefan Jablonski",10.5220/0006710305850595,3,506,
Reasoning in SHIQ with Axiom- and Concept-Level Standpoint Modalities.,kr,2024,"Lucía Gómez Álvarez, Sebastian Rudolph",10.24963/kr.2024/36,2,42,"Standpoint logic is a recently proposed modal logic framework that is well-suited for multiperspective reasoning and ontology integration. For this reason, combinations of standpoint logic with des..."
Bringing Logic Programming to primary school: a teacher training course.,iclp,2024,Tom Donohoe,10.12968/prtu.2012.1.4.38,4,352,
On the Strong Equivalences of LPMLN Programs.,iclp,2019,"Bin Wang, Jun Shen, Shutao Zhang, Zhizheng Zhang",10.23638/lmcs-17(1:4)2021,1,419,"LPMLN is a powerful knowledge representation and reasoning tool that combines the non-monotonic reasoning ability of Answer Set Programming (ASP) and the probabilistic reasoning ability of Markov Logic Networks (MLN). In this paper, we study the strong equivalence for LPMLN programs, which is an important tool for program rewriting and theoretical investigations in the field of logic programming. First of all, we present the notion of p-strong equivalence for LPMLN and present a model-theoretical characterization for the notion. And we investigate the relationships among the p-strong equivalence and other existing notions of strong equivalences for LPMLN. Then, we investigate several properties of the p-strong equivalence from the following four aspects. Firstly, we investigate two relaxed notions of the p-strong equivalence according to practical scenarios of program rewriting, and present corresponding characterizations for the notions. Secondly, we analyze the computational complexities of deciding strong equivalences for LPMLN programs. Thirdly, we investigate the relationships among the strong equivalences of LPMLN and two extensions of ASP: ASP with weak constraints and ordered disjunctions. Finally, we investigate LPMLN program simplification via the p-strong equivalence and present some syntactic conditions that decide the p-strong equivalence between a single LPMLN rule and the empty program. The contributions of the paper are as follows. Firstly, all of the results presented in this paper provide a better understanding of LPMLN programming, which helps us further explore the properties of LPMLN. Secondly, the relationships among the strong equivalences open a way to study the strong equivalences for some logic formalisms by translating into LPMLN. Thirdly, the program simplification can be used to enhance the implementations of the LPMLN solvers ..."
Pruning with Belief Traps in Multi-agent Epistemic Planning.,kr,2025,"Biqing Fang, Fangzhen Lin",10.24963/kr.2025/74,4,68,"Multi-agent epistemic planning (MEP) addresses planning problems involving multiple agents with epistemic reasoning, often requiring the consideration of nested beliefs. In this paper, we extend th..."
Deontic Paradoxes in ASP with Weak Constraints.,iclp,2023,"Christian Hatschka, Agata Ciabattoni, Thomas Eiter",10.4204/eptcs.385.39,3,188,"The rise of powerful AI technology for a range of applications that are sensitive to legal, social, and ethical norms demands decision-making support in presence of norms and regulations. Normative reasoning is the realm of deontic logics, that are challenged by well-known benchmark problems (deontic paradoxes), and lack efficient computational tools. In this paper, we use Answer Set Programming (ASP) for addressing these shortcomings and showcase how to encode and resolve several well-known deontic paradoxes utilizing weak constraints. By abstracting and generalizing this encoding, we present a methodology for translating normative systems in ASP with weak constraints. This methodology is applied to ""ethical"" versions of Pac-man, where we obtain a comparable performance with related works, but ethically preferable results."
"Joint Proceedings of the Joint Workshop on Knowledge Diversity and Cognitive Aspects of KR and the Workshop on Symbolic and Neuro-Symbolic Architectures for Intelligent Robotics Technology (KoDis-CAKR-SYNERGY 2024) co-located with the 21st International Conference on Principles of Knowledge Representation and Reasoning (KR 2024), Hanoi, Vietnam, November 2-8, 2024.",kr,2024,"Yi Zeng, Spyros Kotoulas, Zhisheng Huang",10.1145/2505515.2505819,1,332,
Guarded Fragments Meet Dynamic Logic: The Story of Regular Guards.,kr,2025,"Bartosz Bednarczyk, Emanuel Kieroński",10.24963/kr.2025/9,3,105,We study the Guarded Fragment with Regular Guards RGF which combines the expressive power of the Guarded Fragment (GF) with Propositional Dynamic Logic with Intersection and Converse (ICPDL). O...
Correct Causal Inference in Probabilistic Logic Programming.,iclp,2022,,10.1098/rsos.230785/v1/review1,5,60,
Some Enhancements to the Prolog Playground and ALD Notebooks for the Modern Prolog Classroom.,iclp,2025,,10.1515/9783110850451.5,3,224,Chapter 2. Some elements of Prolog was published in Functional Grammar in Prolog on page 5.
Cost-Based Semantics for Querying Inconsistent Weighted Knowledge Bases.,kr,2024,"Meghyn Bienvenu, Camille Bourgaux, Robin Jean",10.24963/kr.2024/16,1,381,"In this paper, we explore a quantitative approach to querying inconsistent description logic knowledge bases. We consider weighted knowledge bases in which both axioms and assertions have (possibly..."
A Hitchhiker&apos;s Guide to Reinventing a Prolog Machine.,iclp,2017,Jesús Castillo,10.17398/2605-5686.37.1.1,4,30,
Agentified Argumentative Learning (short paper).,iclp,2025,,10.1075/aic.20.c10,1,69,
Leveraging Decision-DNNF Compilation for Enumerating Disjoint Partial Models.,kr,2024,"Jean-Marie Lagniez, Emmanuel Lonca",10.24963/kr.2024/48,1,174,"The All-Solution Satisfiability Problem (AllSAT) extends SAT by requiring the identification of all possible solutions for a propositional formula. In practice, enumerating all complete models is o..."
"Proceedings 35th International Conference on Logic Programming (Technical Communications), ICLP 2019 Technical Communications, Las Cruces, NM, USA, September 20-25, 2019.",iclp,2019,Serdar Kadioglu,10.4204/eptcs.306.6,1,271,
Tackling the Air Traffic Flow and Capacity Management Problem with Explainable Answer Set Programming.,iclp,2025,"Gładyś Sylwester, Malarski Marek, Jasiński Sławomir, Skorupski Jacek",10.1007/978-3-642-48417-9_8,5,491,Civil aviation air traffic undergoes many random disturbances. Air traffic controllers watch the real traffic and ensure that it is free from collision hazards in the whole airspace — the ATC sector — under their control. The ATFM service takes care that...
The Sticky Path to Expressive Querying: Decidability of Navigational Queries under Existential Rules.,kr,2024,"Piotr Ostropolski-Nalewaja, Sebastian Rudolph",10.24963/kr.2024/54,2,159,Extensive research in the field of ontology-based query answering has led to the identification of numerous fragments of existential rules (also known as tuple-generating dependencies) that exhibit...
Diagnosis for Post Concept Drift Decision Trees Repair.,kr,2023,"Shaked Almog, Meir Kalech",10.24963/kr.2023/3,1,574,"Decision trees are commonly used in machine learning since they are accurate and robust classifiers. After a decision tree is built, the data can change over time, causing the classification perfor..."
Neurosymbolic AI in Digital Forensics: Commonsense and Qualitative Reasoning.,iclp,2025,"Son Tran, Edjard Mota, Artur d'Avila Garcez",10.1002/9781394302406.ch02,5,517,
Capturing Non-flat Assumption-based Argumentation with Bipolar SETAFs.,kr,2024,"Matti Berthold, Anna Rapberger, Markus Ulbricht",10.24963/kr.2024/12,1,121,"While the flat fragment of assumption-based argumentation (ABA) is widely studied in the literature, the general, non-flat case has mostly been neglected so far. Until recently, there was no possib..."
An Iterative Fixpoint Semantics for MKNF Hybrid Knowledge Bases with Function Symbols.,iclp,2022,"Marco Alberti, Riccardo Zese, Fabrizio Riguzzi, Evelina Lamma",10.4204/eptcs.364.7,1,196,"Hybrid Knowledge Bases based on Lifschitz's logic of Minimal Knowledge with Negation as Failure are a successful approach to combine the expressivity of Description Logics and Logic Programming in a single language. Their syntax, defined by Motik and Rosati, disallows function symbols. In order to define a well-founded semantics for MKNF HKBs, Knorr et al. define a partition of the modal atoms occurring in it, called the alternating fixpoint partition. In this paper, we propose an iterated fixpoint semantics for HKBs with function symbols. We prove that our semantics extends Knorr et al.'s, in that, for a function-free HKBs, it coincides with its alternating fixpoint partition. The proposed semantics lends itself well to a probabilistic extension with a distribution semantic approach, which is the subject of future work."
Inference in Probabilistic Logic Programs Using Lifted Explanations.,iclp,2016,Fabrizio Riguzzi,10.1201/9781003427421-9,3,462,"Reasoning with real-world models is often very expensive due to their complexity. Lifted inference was initially proposed by Poole. Since then, many techniques"
Refining the Semantics of Epistemic Specifications.,iclp,2021,Ezgi Iraz Su,10.4204/eptcs.345.25,1,8,"Answer set programming (ASP) is an efficient problem-solving approach, which has been strongly supported both scientifically and technologically by several solvers, ongoing active research, and implementations in many different fields. However, although researchers acknowledged long ago the necessity of epistemic operators in the language of ASP for better introspective reasoning, this research venue did not attract much attention until recently. Moreover, the existing epistemic extensions of ASP in the literature are not widely approved either, due to the fact that some propose unintended results even for some simple acyclic epistemic programs, new unexpected results may possibly be found, and more importantly, researchers have different reasonings for some critical programs. To that end, Cabalar et al. have recently identified some structural properties of epistemic programs to formally support a possible semantics proposal of such programs and standardise their results. Nonetheless, the soundness of these properties is still under debate, and they are not widely accepted either by the ASP community. Thus, it seems that there is still time to really understand the paradigm, have a mature formalism, and determine the principles providing formal justification of their understandable models. In this paper, we mainly focus on the existing semantics approaches, the criteria that a satisfactory semantics is supposed to satisfy, and the ways to improve them. We also extend some well-known propositions of here-and-there logic (HT) into epistemic HT so as to reveal the real behaviour of programs. Finally, we propose a slightly novel semantics for epistemic ASP, which can be considered as a reflexive extension of Cabalar et al.'s recent formalism called autoepistemic ASP."
Proportional dependencies and asymptotics of probabilistic representations.,iclp,2020,Darren Bradley,10.1093/obo/9780195396577-0393,2,335,
Natlog: a Lightweight Logic Programming Language with a Neuro-symbolic Touch.,iclp,2021,Paul Tarau,10.4204/eptcs.345.27,4,505,"We introduce Natlog, a lightweight Logic Programming language, sharing Prolog's unification-driven execution model, but with a simplified syntax and semantics. Our proof-of-concept Natlog implementation is tightly embedded in the Python-based deep-learning ecosystem with focus on content-driven indexing of ground term datasets. As an overriding of our symbolic indexing algorithm, the same function can be delegated to a neural network, serving ground facts to Natlog's resolution engine. Our open-source implementation is available as a Python package at this https URL ."
On the Effects of Adding Assignments in Linear-Time Temporal Logics Modulo Theories.,kr,2025,"Stéphane Demri, Raul Fervari",10.24963/kr.2025/26,4,289,We introduce linear-time temporal logics with past operators featuring a simple assignment modality that performs local changes on the models. Such structures are infinite sequences of valuation...
"Mind the Gaps: Logical English, Prolog, and Multi-agent Systems for Autonomous Vehicles.",iclp,2024,"Galileo Sartor, Adam Wyner, Giuseppe Contissa",10.4204/eptcs.416.9,3,257,"In this paper, we present a modular system for representing and reasoning with legal aspects of traffic rules for autonomous vehicles. We focus on a subset of the United Kingdom's Highway Code (HC) related to junctions. As human drivers and automated vehicles (AVs) will interact on the roads, especially in urban environments, we claim that an accessible, unitary, high-level computational model should exist and be applicable to both users. Autonomous vehicles introduce a shift in liability that should not bring disadvantages or increased burden on human drivers. We develop a system ""in silico"" of the model. The proposed system is built of three main components: a natural language interface, using Logical English, which encodes the rules; an internal representation of the rules in Prolog; and an multi-agent-based simulation environment, built in NetLogo. The three components interact: Logical English is translated into and out of Prolog (along with some support code); Prolog and NetLogo interface via predicates. Such a modular approach enables the different components to carry different ""burdens"" in the overall system; it also allows swapping of modules. Given NetLogo, we can visualize the effect of the modeled rules as well as validate the system with a simple dynamic running scenario. Designated agents monitor the behaviour of the vehicles for compliance and record potential violations where they occur. The information on potential violations is then utilized by Validators, to determine whether the violation is punishable, differentiating between exceptions and cases."
Automata for Dynamic Answer Set Solving: Preliminary Report.,iclp,2021,Ivor Uhliarik,10.5220/0006518303670372,4,231,
Scalable and Ethical Medical Scheduling: An ASP-Based Framework with Patient-Centered Experimental Validation.,iclp,2025,Hongnan Ye,10.1016/j.jfma.2025.09.032,4,560,
Generating Explainable Rule Sets from Tree-Ensemble Learning Methods by Answer Set Programming.,iclp,2021,"Akihiro Takemura, Katsumi Inoue",10.4204/eptcs.345.26,5,522,"We propose a method for generating explainable rule sets from tree-ensemble learners using Answer Set Programming (ASP). To this end, we adopt a decompositional approach where the split structures of the base decision trees are exploited in the construction of rules, which in turn are assessed using pattern mining methods encoded in ASP to extract interesting rules. We show how user-defined constraints and preferences can be represented declaratively in ASP to allow for transparent and flexible rule set generation, and how rules can be used as explanations to help the user better understand the models. Experimental evaluation with real-world datasets and popular tree-ensemble algorithms demonstrates that our approach is applicable to a wide range of classification tasks."
A Uniform Language to Explain Decision Trees.,kr,2024,"Marcelo Arenas, Pablo Barceló, Diego Bustamante, Jose Caraball, Bernardo Subercaseaux",10.24963/kr.2024/6,5,593,"The formal XAI community has studied a plethora of interpretability queries aiming to understand the classifications made by decision trees. However, a more uniform understanding of what questions ..."
From Probabilistic Programming to Probabilistic Argumentation.,iclp,2021,"Rolf Haenni, Jan-Willem Romeijn, Gregory Wheeler, Jon Williamson",10.1007/978-94-007-0008-6_3,3,337,"Degrees of support and possibility are the central formal concepts in the theory of probabilistic argumentation Probabilistic argumentation (Haenni, 2005a, 2009; Haenni et al., 2000; Kohlas, 2003). This theory is..."
An Epistemic Logic for Reasoning about Strategies in General Auctions.,iclp,2020,Jaakko Hintikka,10.1016/b978-0-934613-04-0.50007-7,4,533,
A refined operational semantics for FreeCHR.,iclp,2025,"Sascha Rechenberger, Thom Frühwirth",10.4204/eptcs.439.20,1,504,"Constraint Handling Rules (CHR) is a rule-based programming language which is typically embedded into a general-purpose language. There exists a plethora of implementations for numerous host languages. However, the existing implementations often re-invent the way to embed CHR, which impedes maintenance and weakens assertions of correctness. To formalize and thereby standardize the embedding into arbitrary host languages, we introduced the framework FreeCHR and proved it to be a valid representation of classical ground CHR. Until now, this framework only includes a translation of the very abstract operational semantics which, due to its abstract nature, is not a sufficient base for practical implementations. In this paper we present a translation of the refined operational semantics for FreeCHR and prove it to be both a valid concretization of the very abstract semantics of FreeCHR, and an equivalent representation of the refined semantics of CHR. This will establish implementations of FreeCHR as equivalent in behavior and expressiveness to existing implementations of CHR."
An xAI Approach for Data-to-Text Processing with ASP.,iclp,2023,"Alessandro Dal Palù, Agostino Dovier, Andrea Formisano",10.4204/eptcs.385.38,5,248,"The generation of natural language text from data series gained renewed interest among AI research goals. Not surprisingly, the few proposals in the state of the art are based on training some system, in order to produce a text that describes and that is coherent to the data provided as input. Main challenges of such approaches are the proper identification of ""what"" to say (the key descriptive elements to be addressed in the data) and ""how"" to say: the correspondence and accuracy between data and text, the presence of contradictions/redundancy in the text, the control of the amount of synthesis. This paper presents a framework that is compliant with xAI requirements. In particular we model ASP/Python programs that enable an explicit control of accuracy errors and amount of synthesis, with proven optimal solutions. The text description is hierarchically organized, in a top-down structure where text is enriched with further details, according to logic rules. The generation of natural language descriptions' structure is also managed by logic rules."
Deontic Reasoning Based on Inconsistency Measures.,kr,2024,"Ofer Arieli, Kees van Berkel, Badran Raddaoui, Christian Strasser",10.24963/kr.2024/7,1,492,"Conflicts are inherent to normative systems. In this paper, we explore a novel approach to normative reasoning by quantifying the amount of conflicts within normative systems. We refine the idea fr..."
Default Logic as a Species of Causal Reasoning.,kr,2023,Alexander Bochman,10.24963/kr.2023/12,4,557,We will show that Reiter's default logic can be viewed as a particular instantiation of causal reasoning. This will be demonstrated by establishing back and forth translations between default theor...
ASPEN: ASP-Based System for Collective Entity Resolution.,kr,2024,"Zhiliang Xiang, Meghyn Bienvenu, Gianluca Cima, Víctor Gutiérrez Basulto, Yazmín Ibáñez García",10.24963/kr.2024/74,3,152,"In this paper, we present ASPEN, an answer set programming (ASP) implementation of a recently proposed declarative framework for collective entity resolution (ER). While an ASP encoding had been pr..."
Boolean Nearest Neighbor Language in the Knowledge Compilation Map.,kr,2025,"Ondřej Čepek, Jelena Glišić",10.24963/kr.2025/24,4,168,"The Boolean Nearest Neighbor (BNN) representation of Boolean functions was recently introduced by Hajnal, Liu and Turan. A BNN representation of function f is a pair (P,N) of sets of Boolean vec..."
Lost in the Crowd: k-unmatchability in Anonymized Knowledge Graphs.,kr,2024,"Piero Andrea Bonatti, Francesco Magliocca, Luigi Sauro",10.24963/kr.2024/18,1,1,"This paper introduces and investigates k-unmatchability, a counterpart of k-anonymity for knowledge graphs. Like k-anonimity, k-unmatchability enhances privacy by ensuring that any individual in ..."
Learning General Policies from Examples.,kr,2025,"Blai Bonet, Hector Geffner",10.24963/kr.2025/71,5,90,"Combinatorial methods for learning general policies that solve large collections of planning problems have been recently developed. One of their strengths, in relation to deep learning approaches, ..."
"Joint Proceedings of the Workshops and Doctoral Consortium of the 41st International Conference on Logic Programming (ICLP-WS-DC 2025) co-located with 41st International Conference on Logic Programming (ICLP 2025), Rende, Italy, September 9-13, 2025.",iclp,2025,Rémy Haemmerlé,10.1007/11562931_50,1,24,"The Concurrent Constraint (CC) [8] languages allow to model a large number of constraint programming systems, form Prolog coroutinings to constraints propagation mechanisms such these implemented in the Finite Domain (FD) solver of GNU-Prolog [2]. These languages are..."
The Realizability of Revision and Contraction Operators in Epistemic Spaces.,kr,2024,"Kai Sauerwald, Matthias Thimm",10.24963/kr.2024/62,2,282,This paper studies the realizability of belief revision and belief contraction operators in epistemic spaces. We observe that AGM revision and AGM contraction operators for epistemic spaces are onl...
Complexity Results and Algorithms for Preferential Argumentative Reasoning in ASPIC+.,kr,2024,"Tuomo Lehtonen, Daphne Odekerken, Johannes P. Wallner, Matti Järvisalo",10.24963/kr.2024/49,3,239,We provide complexity results and algorithms for reasoning in the central structured argumentation formalism of ASPIC+. Considering ASPIC+ accommodated with preferences under the last-link principl...
Minimal Model Reasoning in Description Logics: Don&apos;t Try This at Home!,kr,2025,"Federica Di Stefano, Quentin Manière, Magdalena Ortiz, Mantas Šimkus",10.24963/kr.2025/27,2,261,"Reasoning with minimal models has always been at the core of many knowledge representation techniques, but we still have only a limited understanding of this problem in Description Logics (DLs). Mi..."
Benchmarking for Integrating Logic Rules with Everything Else.,iclp,2023,"Yanhong A. Liu, Scott D. Stoller, Yi Tong, K. Tuncay Tekle",10.4204/eptcs.385.3,4,34,"Integrating logic rules with other language features is increasingly sought after for advanced applications that require knowledge-base capabilities. To address this demand, increasingly more languages and extensions for such integration have been developed. How to evaluate such languages? This paper describes a set of programming and performance benchmarks for evaluating languages supporting integrated use of rules and other features, and the results of evaluating such an integrated language together with logic languages and languages not supporting logic rules."
When Prolog Meets Generative Models: a New Approach for Managing Knowledge and Planning in Robotic Applications - Abstract.,iclp,2025,"Enrico Saccon, Ahmet Tikna, Davide De Martini, Edoardo Lamon, Luigi Palopoli, Marco Roveri",10.1109/icra57147.2024.10610800,5,507,"In this paper, we propose a robot oriented knowledge representation system based on the use of the Prolog language. Our framework hinges on a special organisation of Knowledge Base (KB) that enables: 1) its efficient population from natural language texts using semi-automated procedures based on Large Language Models (LLMs); 2) the seamless generation of temporal parallel plans for multi-robot systems through a sequence of transformations; 3) the automated translation of the plan into an executable formalism. The framework is supported by a set of open source tools and its functionality is shown with a realistic application."
Abductive Reasoning in a Paraconsistent Framework.,kr,2024,"Meghyn Bienvenu, Katsumi Inoue, Daniil Kozhemiachenko",10.24963/kr.2024/13,5,66,We explore the problem of explaining observations starting from a classically inconsistent theory by adopting a paraconsistent framework. We consider two expansions of the well-known Belnap-Dunn pa...
About the Multi-Head Linear Restricted Chase Termination.,kr,2025,"Lukas Gerlach, Lucas Larroque, Jerzy Marcinkowski, Piotr Ostropolski-Nalewaja",10.24963/kr.2025/34,2,530,"The chase is a ubiquitous algorithm in database theory. However, for existential rules (aka tuple-generating dependencies), its termination is not guaranteed, and even undecidable in general. The p..."
A Preliminary Data-driven Analysis of Common Errors Encountered by Novice SPARC Programmers.,iclp,2022,"Zach Hansen, Hanxiang Du, Wanli Xing, Rory Eckel, Justin Lugo, Yuanlin Zhang",10.4204/eptcs.364.2,2,238,"Answer Set Programming (ASP), a modern development of Logic Programming, enables a natural integration of Computing with STEM subjects. This integration addresses a widely acknowledged challenge in K-12 education, and early empirical results on ASP-based integration are promising. Although ASP is considered a simple language when compared with imperative programming languages, programming errors can still be a significant barrier for students. This is particularly true for K-12 students who are novice users of ASP. Categorizing errors and measuring their difficulty has yielded insights into imperative languages like Java. However, little is known about the types and difficulty of errors encountered by K-12 students using ASP. To address this, we collected high school student programs submitted during a 4-session seminar teaching an ASP language known as SPARC. From error messages in this dataset, we identify a collection of error classes, and measure how frequently each class occurs and how difficult it is to resolve."
Expressive Description Logics with Rich Yet Affordable Numeric Constraints.,kr,2025,"Federica Di Stefano, Sanja Lukumbuzya, Magdalena Ortiz, Mantas Šimkus",10.24963/kr.2025/66,3,410,"Description Logics (DLs) excel at representing structured knowledge in several application domains, but fall very short when it comes to reasoning about their numeric aspects. We consider the expre..."
Representing Perfect Saturated Cost Partitioning Heuristics in Classical Planning.,kr,2025,"Paul Höft, David Speck, Jendrik Seipp",10.24963/kr.2025/79,1,23,Saturated cost partitioning (SCP) is one of the strongest methods for admissibly combining heuristics for optimal classical planning. The quality of an SCP heuristic depends heavily on the order...
On the Subtlety of Causal Reasoning in Probabilistic Logic Programming: A Bug Report about the Causal Interpretation of Annotated Disjunctions.,iclp,2023,,10.1098/rsos.230785/v1/review1,4,374,
Advances in Big Data Bio Analytics.,iclp,2019,Yong Shi,10.1007/978-981-16-3607-3_1,1,565,"Big data now is a common term. However, the evolution of big data comes from twofold. The creation of the computer in the 1940s gradually provides tools for human beings to collect massive data, while the term “big data” becomes a popular slogan to..."
Pushing the Envelope in Numeric Pattern Planning.,kr,2025,"Matteo Cardellini, Enrico Giunchiglia",10.24963/kr.2025/73,3,228,"In this paper, we present a symbolic search-based procedure for numeric planning based on Symbolic Pattern Planning (SPP). In SPP, a pattern is a sequence of actions used to define a logic formula ..."
A Representation Theorem for Causal Decision Making.,kr,2024,,10.1017/cbo9780511498497.009,5,314,
Global Type Inference for Java using Answer Set Programming.,iclp,2025,Fabrizio Riguzzi,10.1201/9781003427421-6,4,301,"In Section 2.2 we considered only sound programs, those for which every world has a two-valued WFM. In this way, we avoid non-monotonic aspects of the program"
Reasoning in Assumption-Based Argumentation via SAT.,kr,2025,"Andreas Niskanen, Masood Feyzbakhsh Rankooh, Tuomo Lehtonen, Matti Järvisalo",10.24963/kr.2025/68,4,62,"The dominant approaches for solving NP-hard reasoning problems in computational argumentation are declarativeânamely, Boolean satisfiability (SAT) in the case of abstract argumentation and answer s..."
Bottom-Up Stratified Probabilistic Logic Programming with Fusemate.,iclp,2023,"Peter Baumgartner, Elena Tartaglia",10.4204/eptcs.385.11,3,258,"This paper introduces the Fusemate probabilistic logic programming system. Fusemate's inference engine comprises a grounding component and a variable elimination method for probabilistic inference. Fusemate differs from most other systems by grounding the program in a bottom-up way instead of the common top-down way. While bottom-up grounding is attractive for a number of reasons, e.g., for dynamically creating distributions of varying support sizes, it makes it harder to control the amount of ground clauses generated. We address this problem by interleaving grounding with a query-guided relevance test which prunes rules whose bodies are inconsistent with the query. % This is done We present our method in detail and demonstrate it with examples that involve ""time"", such as (hidden) Markov models. Our experiments demonstrate competitive or better performance compared to a state-of-the art probabilistic logic programming system, in particular for high branching problems."
Constraint Propagation and Explanation over Novel Types by Abstract Compilation.,iclp,2016,Krinke Andreas,10.51202/9783186474209-21,4,38,
færdXel: An Expert System for Danish Traffic Law.,iclp,2025,"Luís Cruz-Filipe, Jonas Vistrup",10.4204/eptcs.439.26,1,558,"We present FÆRDXEL, a tool for symbolic reasoning in the domain of Danish traffic law. FÆRDXEL combines techniques from logic programming with a novel interface that allows users to navigate through its reasoning process, thereby ensuring the system's explainability. Towards the goal of better understanding the value of FÆRDXEL, two evaluations of the system have been performed: (1) An empirical evaluation showing that for a selection of court cases, the conclusions of FÆRDXEL align with those of Danish judges. (2) A qualitative evaluation from legal experts indicating that this work has potential to become a foundation for real-world AI tools supporting professionals in the Danish legal sector."
Logic Tensor Network-Enhanced Generative Adversarial Network.,iclp,2025,"Nijesh Upreti, Vaishak Belle",10.4204/eptcs.439.8,3,31,"In this paper, we introduce Logic Tensor Network-Enhanced Generative Adversarial Network (LTN-GAN), a novel framework that enhances Generative Adversarial Networks (GANs) by incorporating Logic Tensor Networks (LTNs) to enforce domain-specific logical constraints during the sample generation process. Although GANs have shown remarkable success in generating realistic data, they often lack mechanisms to incorporate prior knowledge or enforce logical consistency, limiting their applicability in domains requiring rule adherence. LTNs provide a principled way to integrate first-order logic with neural networks, enabling models to reason over and satisfy logical constraints. By combining the strengths of GANs for realistic data synthesis with LTNs for logical reasoning, we gain valuable insights into how logical constraints influence the generative process while improving both the diversity and logical consistency of the generated samples. We evaluate LTN-GAN across multiple datasets, including synthetic datasets (gaussian, grid, rings) and the MNIST dataset, demonstrating that our model significantly outperforms traditional GANs in terms of adherence to predefined logical constraints while maintaining the quality and diversity of generated samples. This work highlights the potential of neuro-symbolic approaches to enhance generative modeling in knowledge-intensive domains."
Towards Incremental and Modular Context-Sensitive Analysis.,iclp,2018,"ISABEL GARCIA-CONTRERAS, JOSÉ F. MORALES, MANUEL V. HERMENEGILDO",10.1017/s1471068420000496,2,356,"Context-sensitive global analysis of large code bases can be expensive, which can make its use impractical during software development. However, there are many situations in which modifications are small and isolated within a few components, and it is desirable to reuse as much as possible previous analysis results. This has been achieved to date through incremental global analysis fixpoint algorithms that achieve cost reductions at fine levels of granularity, such as changes in program lines. However, these fine-grained techniques are neither directly applicable to modular programs nor are they designed to take advantage of modular structures. This paper describes, implements, and evaluates an algorithm that performs efficient context-sensitive analysis incrementally on modular partitions of programs. The experimental results show that the proposed modular algorithm shows significant improvements, in both time and memory consumption, when compared to existing non-modular, fine-grain incremental analysis techniques. Furthermore, thanks to the proposed intermodular propagation of analysis information, our algorithm also outperforms traditional modular analysis even when analyzing from scratch."
Implementing the First-Order Logic of Here and There.,iclp,2025,"Jens Otten, Torsten Schaub",10.4204/eptcs.439.31,2,580,"We present automated theorem provers for the first-order logic of here and there (HT). They are based on a native sequent calculus for the logic of HT and an axiomatic embedding of the logic of HT into intuitionistic logic. The analytic proof search in the sequent calculus is optimized by using free variables and skolemization. The embedding is used in combination with sequent, tableau and connection calculi for intuitionistic first-order logic. All provers are evaluated on a large benchmark set of first-order formulas, providing a foundation for the development of more efficient HT provers."
Automating Defeasible Reasoning in Law with Answer Set Programming.,iclp,2022,Guido Governatori,10.31219/osf.io/bgtk6,3,433,
Quantification and aggregation over concepts of the ontology.,iclp,2023,"Pierre Carbonnelle, Matthias Van der Hallen, Marc Denecker",10.4204/eptcs.385.22,4,104,"We argue that in some KR applications, we want to quantify over sets of concepts formally represented by symbols in the vocabulary. We show that this quantification should be distinguished from second-order quantification and meta-programming quantification. We also investigate the relationship with concepts in intensional logic. We present an extension of first-order logic to support such abstractions, and show that it allows writing expressions of knowledge that are elaboration tolerant. To avoid nonsensical sentences in this formalism, we refine the concept of well-formed sentences, and propose a method to verify well-formedness with a complexity that is linear with the number of tokens in the formula. We have extended FO(.), a Knowledge Representation language, and IDP-Z3, a reasoning engine for FO(.), accordingly. We show that this extension was essential in accurately modelling various problem domains in an elaboration-tolerant way, i.e., without reification."
Intelligent Instantiation and Supersafe Rules.,iclp,2016,"Gi Hyun Lim, Il Hong Suh",10.1007/s11370-010-0063-6,1,353,"Robot knowledge is considered to endow service robots with intelligence. In the real environments, robot knowledge needs to represent dynamically changing"
Knowledge-Based Stable Roommates Problems.,iclp,2025,Müge Fidan,10.1609/aaai.v40i48.42148,4,75,"Abstract The PhD studies of the author focus on a human-centered and computationally-challenging interdisciplinary problem of the Stable Roommates problem and its variations. Motivated by real-world applications, and by the fact that the Stable Roommates problem does not always admit a stable solution, the goal is to develop novel computational methods to solve these problems, that are not only computationally efficient but also yield solutions that are fair, personalized, and applicable in real-world to benefit humans."
Fixpoint Semantics for Recursive SHACL.,iclp,2021,"Bart Bogaerts, Maxime Jakubowski",10.4204/eptcs.345.14,1,4,"SHACL is a W3C-proposed language for expressing structural constraints on RDF graphs. The recommendation only specifies semantics for non-recursive SHACL; recently, some efforts have been made to allow recursive SHACL schemas. In this paper, we argue that for defining and studying semantics of recursive SHACL, lessons can be learned from years of research in non-monotonic reasoning. We show that from a SHACL schema, a three-valued semantic operator can directly be obtained. Building on Approximation Fixpoint Theory (AFT), this operator immediately induces a wide variety of semantics, including a supported, stable, and well-founded semantics, related in the expected ways. By building on AFT, a rich body of theoretical results becomes directly available for SHACL. As such, the main contribution of this short paper is providing theoretical foundations for the study of recursive SHACL, which can later enable an informed decision for an extension of the W3C recommendation."
Logic Programming with Extensible Types.,iclp,2025,"Ivan Perez, Angel Herranz",10.4204/eptcs.439.18,3,350,"Logic programming languages present clear advantages in terms of declarativeness and conciseness. However, the ideas of logic programming have been met with resistance in other programming communities, and have not generally been adopted by other paradigms and languages. This paper proposes a novel way to incorporate logic programming in an existing codebase in a typed functional programming language. Our approach integrates with the host language without sacrificing static typing, and leverages strengths of typed functional programming such as polymorphism and higher-order. We do so by combining three ideas. First, we use the extensible types technique to allow values of the host language to contain logic variables. Second, we implement a unification algorithm that works for any data structure that supports certain this http URL , we introduce a domain-specific language to define and query predicates. We demonstrate our proposal via a series of examples, and provide aids to make the notation convenient for users, showing that the proposed approach is not just technically possible but also practical. Our ideas have been implemented in the language Haskell with very good results."
"Graphical Conditions for the Existence, Unicity and Number of Regular Models.",iclp,2024,"Van-Giang Trinh, Belaid Benhamou, Sylvain Soliman, François Fages",10.4204/eptcs.416.16,1,135,"The regular models of a normal logic program are a particular type of partial (i.e. 3-valued) models which correspond to stable partial models with minimal undefinedness. In this paper, we explore graphical conditions on the dependency graph of a finite ground normal logic program to analyze the existence, unicity and number of regular models for the program. We show three main results: 1) a necessary condition for the existence of non-trivial (i.e. non-2-valued) regular models, 2) a sufficient condition for the unicity of regular models, and 3) two upper bounds for the number of regular models based on positive feedback vertex sets. The first two conditions generalize the finite cases of the two existing results obtained by You and Yuan (1994) for normal logic programs with well-founded stratification. The third result is also new to the best of our knowledge. Key to our proofs is a connection that we establish between finite ground normal logic programs and Boolean network theory."
Logic-based Composition of Business Process Models.,kr,2023,"Valeria Fionda, Antonio Ielo, Francesco Ricca",10.24963/kr.2023/27,2,585,"Process Mining is a family of techniques that exploit data collected from process execution to analyze and improve process efficiency, quality, and security. Over the years, many modeling languages..."
An Answer Set Programming Framework for Reasoning About Truthfulness of Statements by Agents.,iclp,2016,"Marcello Balduccini, Michael Gelfond, Enrico Pontelli, Tran Cao Son",10.24963/kr.2020/8,3,466,The paper proposes a framework for capturing how an agentâs beliefs evolve over time in response to observations and for answering the question of whether statements made by a third party can be ...
(Re)Integration of Logical English and s(CASP).,iclp,2023,,10.3403/01582237,4,10,BS ISO 13584-20:1998: The Standard for Industrial automation systems and integration. Parts library - Logical resource: Logical model of expressions
On the Trap Space Semantics of Normal Logic Programs.,iclp,2025,"Van-Giang Trinh, Sylvain Soliman, François Fages, Belaid Benhamou",10.4204/eptcs.439.21,4,528,"The logical semantics of normal logic programs has traditionally been based on the notions of Clark's completion and two-valued or three-valued canonical models, including supported, stable, regular, and well-founded models. Two-valued interpretations can also be seen as states evolving under a program's update operator, producing a transition graph whose fixed points and cycles capture stable and oscillatory behaviors, respectively. We refer to this view as dynamical semantics since it characterizes the program's meaning in terms of state-space trajectories, as first introduced in the stable (supported) class semantics. Recently, we have established a formal connection between Datalog^\neg programs (i.e., normal logic programs without function symbols) and Boolean networks, leading to the introduction of the trap space concept for Datalog^\neg programs. In this paper, we generalize the trap space concept to arbitrary normal logic programs, introducing trap space semantics as a new approach to their interpretation. This new semantics admits both model-theoretic and dynamical characterizations, providing a comprehensive approach to understanding program behavior. We establish the foundational properties of the trap space semantics and systematically relate it to the established model-theoretic semantics, including the stable (supported), stable (supported) partial, regular, and L-stable model semantics, as well as to the dynamical stable (supported) class semantics. Our results demonstrate that the trap space semantics offers a unified and precise framework for proving the existence of supported classes, strict stable (supported) classes, and regular models, in addition to uncovering and formalizing deeper relationships among the existing semantics of normal logic programs."
A Principle-based Framework for Analyzing Dialogue Game-based Semantics.,kr,2025,"Yamil O. Soto, Andrea Cohen, Cristhian Ariel D. Deagustini, Maria Vanina Martinez, Gerardo I. Simari",10.24963/kr.2025/54,3,283,"The dialogue game-based approach to argumentation semantics proposes to determine the acceptance status of arguments through two-party zero-sum dialogue games. Furthermore, by selecting different s..."
Compilation of Aggregates in ASP.,iclp,2021,Giuseppe Mazzotta,10.4204/eptcs.345.45,2,430,"Answer Set Programming (ASP) is a well-known problem-solving formalism in computational logic. Nowadays, ASP is used in many real world scenarios thanks to ASP solvers. Standard evaluation of ASP programs suffers from an intrinsic limitation, knows as Grounding Bottleneck, due to the grounding of some rules that could fit all the available memory. As a result, there exist instances of real world problems that are untractable using the standard Ground and Solve approach. In order to tackle this problem, different strategies have been proposed. Among them we focus on a recent approach based on compilation of problematic constraints as propagators, which revealed to be very promising but is currently limited to constraints without aggregates. Since aggregates are widely used in ASP, in this paper we extend such an approach also to constraints containing aggregates. Good results, that proof the effectiveness of the proposed approach, have been reached."
Exploring Desirable Configurations in Global Logistics with Heuristic Search in Answer Set Programming.,kr,2025,"Olcay Altay-Kern, Emmanuelle Dietz, Isabelle Kuhlmann, Matthias Thimm",10.24963/kr.2025/56,5,440,"In the design of global logistics problems, the solution spaces are typically extremely large. To demonstrate how these challenges can be addressed in Answer Set Programming (ASP), this work inves..."
Translating Definitions into the Language of Logic Programming: A Case Study.,iclp,2022,Christopher John Hogger,10.1093/oso/9780198538202.003.0010,5,202,
Context-Based Belief Revision.,kr,2025,Bernhard Nebel,10.1017/cbo9780511526664.003,1,49,
A Family of Decidable Bi-intuitionistic Modal Logics.,kr,2023,"David Fernández-Duque, Brett McLean, Lukas Zenger",10.24963/kr.2023/26,1,490,We investigate intuitionistic logics extended both with the co-implication connective of Hilbert-Brouwer logic and with diamond and box modalities. We use a Kripke semantics based on frames with tw...
Picat Through the Lens of Advent of Code.,iclp,2025,"Neng-Fa Zhou, Cristian Grozea, Håkan Kjellerstrand, Oisín Mac Fhearaí",10.4204/eptcs.439.36,1,393,"Picat is a logic-based, multi-paradigm programming language that integrates features from logic, functional, constraint, and imperative programming paradigms. This paper presents solutions to several problems from the 2024 Advent of Code (AoC). While AoC problems are not designed for any specific programming language, certain problem types, such as reverse engineering and path-finding, are particularly well-suited to Picat due to its built-in constraint solving, pattern matching, backtracking, and dynamic programming with tabling. This paper demonstrates that Picat's features, especially its SAT-based constraint solving and tabling, enable concise, declarative, and highly efficient implementations of problems that would require significantly more effort in imperative languages."
Tutorial: Automating Commonsense Reasoning.,iclp,2022,,10.1016/b978-0-12-801416-5.09988-5,5,516,
Probabilistic HTN Planning: Formalization and Computational Complexity Analysis.,kr,2025,"Mohammad Yousefi, Johannes Schmalz, Patrik Haslum, Pascal Bercher",10.24963/kr.2025/84,2,250,"Hierarchical Task Network (HTN) planning is an approach to sequential decision making that allows expressing complex grammar-like path constraints. In this paper, we first introduce an extension to..."
A Simple Complete Search for Logic Programming.,iclp,2017,"Jason Hemann, Daniel P. Friedman, William E. Byrd, Matthew Might",10.1145/2989225.2989230,5,392,
Formalizing Informal Logic and Natural Language Deductivism.,iclp,2021,"Douglas Walton, Thomas F. Gordon",10.22329/il.v35i4.4335,3,206,"Abstract This paper presents a formalization of informal logic using the Carneades Argumentation System (CAS), a formal, computational model of argument that consists of a formal model of argument graphs and audiences. Conflicts between pro and con arguments are resolved using proof standards, such as preponderance of the evidence. CAS also formalizes argumentation schemes. Schemes can be used to check whether a given argument instantiates the types of argument deemed normatively appropriate for the type of dialogue."
Counterfactual Explanations as Plans.,iclp,2024,Vaishak Belle,10.4204/eptcs.416.14,1,483,"There has been considerable recent interest in explainability in AI, especially with black-box machine learning models. As correctly observed by the planning community, when the application at hand is not a single-shot decision or prediction, but a sequence of actions that depend on observations, a richer notion of explanations are desirable. In this paper, we look to provide a formal account of ``counterfactual explanations,"" based in terms of action sequences. We then show that this naturally leads to an account of model reconciliation, which might take the form of the user correcting the agent's model, or suggesting actions to the agent's plan. For this, we will need to articulate what is true versus what is known, and we appeal to a modal fragment of the situation calculus to formalise these intuitions. We consider various settings: the agent knowing partial truths, weakened truths and having false beliefs, and show that our definitions easily generalize to these different settings."
Declarative Algorithms in Datalog with Extrema: Their Formal Semantics Simplified.,iclp,2018,"Jin Wang, Jiacheng Wu, Mingda Li, Jiaqi Gu, Ariyam Das, Carlo Zaniolo",10.1007/s00778-021-00665-6,3,508,"With an escalating arms race to adopt machine learning (ML) in diverse application domains, there is an urgent need to support declarative machine learning"
Planning and Scheduling in Digital Health with Answer Set Programming.,iclp,2022,Marco Mochi,10.4204/eptcs.364.38,5,216,"In the hospital world there are several complex combinatory problems, and solving these problems is important to increase the degree of patients' satisfaction and the quality of care offered. The problems in the healthcare are complex since to solve them several constraints and different type of resources should be taken into account. Moreover, the solutions must be evaluated in a small amount of time to ensure the usability in real scenarios. We plan to propose solutions to these kind of problems both expanding already tested solutions and by modelling solutions for new problems, taking into account the literature and by using real data when available. Solving these kind of problems is important but, since the European Commission established with the General Data Protection Regulation that each person has the right to ask for explanation of the decision taken by an AI, without developing Explainability methodologies the usage of AI based solvers e.g. those based on Answer Set programming will be limited. Thus, another part of the research will be devoted to study and propose new methodologies for explaining the solutions obtained."
Sorting Strategies for Interactive Conflict Resolution in ASP.,iclp,2023,"Andre Thevapalan, Gabriele Kern-Isberner",10.4204/eptcs.385.13,2,474,"Answer set programs in practice are often subject to change. This can lead to inconsistencies in the modified program due to conflicts between rules which are the results of the derivation of strongly complementary literals. To facilitate the maintenance of consistency in answer set programs, in this paper we continue work on a recently presented framework that implements interactive conflict resolution by extending the bodies of conflicting rules by suitable literals, so-called $\lambda$-extensions. More precisely, we present strategies to choose $\lambda$-extensions that allow for resolving several conflicts at a time in an order that aims at minimizing (cognitive) efforts. In particular, we present a graphical representation of connections between conflicts and their possible solutions. Such a representation can be utilized to efficiently guide the user through the conflict resolution process by displaying conflicts and suggesting solutions in a suitable order."
RestKB: A Library of Commonsense Knowledge about Dining at a Restaurant.,iclp,2019,Daniela Inclezan,10.4204/eptcs.306.19,3,118,"This paper presents a library of commonsense knowledge, RestKB, developed in modular action language ALM and containing background knowledge relevant to the understanding of restaurant narratives, including stories that describe exceptions to the normal unfolding of such scenarios. We highlight features that KR languages must possess in order to be able to express pertinent knowledge, and expand action language ALM as needed. We show that encoding the knowledge base in ALM facilitates its piecewise construction and testing, and improves the generality and quality of the captured information, in comparison to an initial ASP encoding. The knowledge base was used in a system for reasoning about stereotypical activities, evaluated on the restaurant domain."
NeSyFOLD: Extracting Logic Programs from Convolutional Neural Networks.,iclp,2023,"Jens Lehmann, Sebastian Bader, Pascal Hitzler",10.1007/s10489-008-0142-y,5,50,Artificial neural networks can be trained to perform excellently in many application areas. Whilst they can learn from raw data to solve sophisticated reco
Interactive Explanations by Conflict Resolution via Argumentative Exchanges.,kr,2023,"Antonio Rago, Hengzhi Li, Francesca Toni",10.24963/kr.2023/57,3,180,"As the field of explainable AI (XAI) is maturing, calls for interactive explanations for (the outputs of) AI models are growing, but the state-of-the-art predominantly focuses on static explanation..."
Probabilistic Synthesis and Verification for LTL on Finite Traces.,kr,2024,"Benjamin Aminof, Linus Cooper, Sasha Rubin, Moshe Y. Vardi, Florian Zuleger",10.24963/kr.2024/3,3,100,We study synthesis and verification of probabilistic models and specifications over finite traces. Probabilistic models are formalized in this work as Markov Chains and Markov Decisions Process...
Nemo: Your Friendly and Versatile Rule Reasoning Toolkit.,kr,2024,"Alex Ivliev, Lukas Gerlach, Simon Meusel, Jakob Steinberg, Markus Krötzsch",10.24963/kr.2024/70,4,279,"We present Nemo, a toolkit for rule-based reasoning and data processing that emphasises robustness and ease of use. Nemoâs core is a scalable and efficient main-memory reasoner that supports an exp..."
On Computing Universal Plans for Partially Observable Multi-Agent Path Finding.,iclp,2025,"Fengming Zhu, Fangzhen Lin",10.4204/eptcs.439.11,1,213,"Multi-agent routing problems have gained significant attention recently due to their wide range of industrial applications, ranging from logistics warehouse automation to indoor service robots. Conventionally, they are modeled as classical planning problems. In this paper, we argue that it can be beneficial to formulate them as universal planning problems, particularly when the agents are autonomous entities and may encounter unforeseen situations. We therefore propose universal plans, also known as policies, as the solution concept, and implement a system based on Answer Set Programming (ASP) to compute them. Given an arbitrary two-dimensional map and a profile of goals for a group of partially observable agents, the system translates the problem configuration into logic programs and finds a feasible universal plan for each agent, mapping its observations to actions while ensuring that there are no collisions with other agents. We use the system to conduct experiments and obtain findings regarding the types of goal profiles and environments that lead to feasible policies, as well as how feasibility may depend on the agents' sensors. We also demonstrate how users can customize action preferences to compute more efficient policies, even (near-)optimal ones. The code is available at this https URL ."
Correcting Autonomous Driving Object Detection Misclassifications with Automated Commonsense Reasoning.,iclp,2025,"Keegan Kimbrell, Wang Tianhao, Feng Chen, Gopal Gupta",10.4204/eptcs.439.10,2,264,"Autonomous Vehicle (AV) technology has been heavily researched and sought after, yet there are no SAE Level 5 AVs available today in the marketplace. We contend that over-reliance on machine learning technology is the main reason. Use of automated commonsense reasoning technology, we believe, can help achieve SAE Level 5 autonomy. In this paper, we show how automated common-sense reasoning technology can be deployed in situations where there are not enough data samples available to train a deep learning-based AV model that can handle certain abnormal road scenarios. Specifically, we consider two situations where (i) a traffic signal is malfunctioning at an intersection and (ii) all the cars ahead are slowing down and steering away due to an unexpected obstruction (e.g., animals on the road). We show that in such situations, our commonsense reasoning-based solution accurately detects traffic light colors and obstacles not correctly captured by the AV's perception model. We also provide a pathway for efficiently invoking commonsense reasoning by measuring uncertainty in the computer vision model and using commonsense reasoning to handle uncertain scenarios. We describe our experiments conducted using the CARLA simulator and the results obtained. The main contribution of our research is to show that automated commonsense reasoning effectively corrects AV-based object detection misclassifications and that hybrid models provide an effective pathway to improving AV perception."
Simple Contrapositive Assumption-Based Argumentation with Partially-Ordered Preferences.,kr,2023,"Ofer Arieli, Jesse Heyninck",10.24963/kr.2023/6,3,478,"We show that assumption-based argumentation frameworks, based on contrapositive logics and partially-ordered preference functions, provide a solid platform for argumentation-based reasoning. Two us..."
Structural Decompositions of Epistemic Logic Programs.,iclp,2020,"Markus Hecher, Michael Morak, Stefan Woltran",10.1609/aaai.v34i03.5672,2,32,"Abstract Epistemic logic programs (ELPs) are a popular generalization of standard Answer Set Programming (ASP) providing means for reasoning over answer sets within the language. This richer formalism comes at the price of higher computational complexity reaching up to the fourth level of the polynomial hierarchy. However, in contrast to standard ASP, dedicated investigations towards tractability have not been undertaken yet. In this paper, we give first results in this direction and show that central ELP problems can be solved in linear time for ELPs exhibiting structural properties in terms of bounded treewidth. We also provide a full dynamic programming algorithm that adheres to these bounds. Finally, we show that applying treewidth to a novel dependency structure—given in terms of epistemic literals—allows to bound the number of ASP solver calls in typical ELP solving procedures."
exp(ASPc): Explaining ASP Programs with Choice Atoms and Constraint Rules.,iclp,2021,"Ly Ly Trieu, Tran Cao Son, Marcello Balduccini",10.4204/eptcs.345.28,5,458,"We present an enhancement of exp(ASP), a system that generates explanation graphs for a literal l - an atom a or its default negation ~a - given an answer set A of a normal logic program P, which explain why l is true (or false) given A and P. The new system, exp(ASPc), differs from exp(ASP) in that it supports choice rules and utilizes constraint rules to provide explanation graphs that include information about choices and constraints."
Conditional Splittings of Belief Bases and Nonmonotonic Inference with c-Representations.,kr,2024,"Christoph Beierle, Lars-Phillip Spiegel, Jonas Haldimann, Marco Wilhelm, Jesse Heyninck, Gabriele Kern-Isberner",10.24963/kr.2024/10,1,501,The concept of conditional syntax splitting for inductive inference from conditional belief bases has been proposed as a generalization of syntax splitting which also covers cases where the con...
Towards Structure Learning under the Credal Semantics.,iclp,2020,Derek Shiller,10.4324/9780429331169-6,1,312,"This paper offers a noncognitivist characterization of moral attitudes, according to which moral attitudes count as such because of their inclusion of moral"
"Proceedings of the 9th Workshop on Advances in Argumentation in Artificial Intelligence (AI3 2025) co-located with the 41st International Conference on Logic Programming (ICLP 2025), Rende, Italy, September 13, 2025.",iclp,2025,"José Júlio Alferes, Luís Moniz Pereira",10.1007/bfb0030657,1,91,"We contend that the well-founded semantics (WFS), for normal program, and similarly the well-founded semantics with explicit negation (WFSX), for extended ones are, by design, overly careful in deciding about the falsity of some atoms, by leaving them undefined...."
A Tractable Logic for Molecular Biology.,iclp,2019,"Adrien Husson, Jean Krivine",10.4204/eptcs.306.17,3,476,"We introduce a logic for knowledge representation and reasoning on protein-protein interactions. Modulo a theory, formulas describe protein structures and dynamic changes. They can be composed in order to add or remove static and dynamic observations. A second-order circumscription operator then enables nonmonotonic reasoning on the changes implied by a formula. We introduce deduction rules that produce formulas which are, up to equivalence, in a first-order fragment with decidable satisfiability and validity. Importantly, the rules can produce circumscribed formulas."
Cognitively Adequate Complexity of Reasoning in a Description Logic.,kr,2023,F. M. Donini,10.1017/cbo9780511711787.005,3,9,
An Analysis of Gibbs Sampling for Probabilistic Logic Programs.,iclp,2020,,10.7551/mitpress/4304.003.0016,2,280,
Rule Based Temporal Inference.,iclp,2017,"Fangyi Li, Qiang Shen",10.1007/978-981-97-0491-0_5,5,429,"Many computational techniques have been established to perform approximate reasoning, including the popular compositional rule of inference (CRI) [15], approximate analogical reasoning schema (AARS) [11, 12], and Takagi-Sugeno (TS) interpretation [10]. In particular,..."
The Janus System: Multi-paradigm Programming in Prolog and Python.,iclp,2023,"Theresa Swift, Carl Andersen",10.4204/eptcs.385.24,1,455,"Python and Prolog express different programming paradigms, with different strengths. Python is wildly popular because it is well-structured, easy to use, and mixes well with thousands of scientific and machine learning programs written in C. Prolog's logic-based approach provides powerful reasoning capabilities, especially when combined with constraint evaluation, probabilistic reasoning, well-founded negation, and other advances. Both languages have commonalities as well: both are usually written in C, both are dynamically typed, and both use data structures based on a small number of recursive types. This paper describes the design and implementation of Janus, a system that tightly combines Prolog and Python into a single process. Janus bi-translates data structures and offers performance of many hundreds of thousands of round-trip inter-language calls per second. Although Janus is still new, it has been used in commercial applications including natural language processing, visual query answering and robotic automation. Janus was developed for XSB, but porting Janus code to a second Prolog has been straightforward, indicating that Janus is a tool that other Prologs may easily adopt."
Value of Information in Probabilistic Logic Programs.,iclp,2019,"Sarthak Ghosh, C. R. Ramakrishnan",10.4204/eptcs.306.14,5,77,"In medical decision making, we have to choose among several expensive diagnostic tests such that the certainty about a patient's health is maximized while remaining within the bounds of resources like time and money. The expected increase in certainty in the patient's condition due to performing a test is called the value of information (VoI) for that test. In general, VoI relates to acquiring additional information to improve decision-making based on probabilistic reasoning in an uncertain system. This paper presents a framework for acquiring information based on VoI in uncertain systems modeled as Probabilistic Logic Programs (PLPs). Optimal decision-making in uncertain systems modeled as PLPs have already been studied before. But, acquiring additional information to further improve the results of making the optimal decision has remained open in this context. We model decision-making in an uncertain system with a PLP and a set of top-level queries, with a set of utility measures over the distributions of these queries. The PLP is annotated with a set of atoms labeled as ""observable""; in the medical diagnosis example, the observable atoms will be results of diagnostic tests. Each observable atom has an associated cost. This setting of optimally selecting observations based on VoI is more general than that considered by any prior work. Given a limited budget, optimally choosing observable atoms based on VoI is intractable in general. We give a greedy algorithm for constructing a ""conditional plan"" of observations: a schedule where the selection of what atom to observe next depends on earlier observations. We show that, preempting the algorithm anytime before completion provides a usable result, the result improves over time, and, in the absence of a well-defined budget, converges to the optimal solution."
Axiomatization of Approximate Exclusion.,kr,2024,Matilda Häggblom,10.24963/kr.2024/38,1,387,"We define and axiomatize approximate exclusion atoms in the team semantic setting. A team is a set of assignments, which can be seen as a mathematical model of a uni-relational database. We say tha..."
LTL Synthesis Under Multi-Agent Environment Assumptions.,kr,2025,"Benjamin Aminof, Giuseppe De Giacomo, Giuseppe Perelli, Sasha Rubin",10.24963/kr.2025/69,1,408,"We investigate LTL synthesis under structured assumptions about the environment. In our setting, the environment is viewed by the protagonist as a collection of peer agents acting together in a ..."
Towards One-Shot Learning for Text Classification using Inductive Logic Programming.,iclp,2023,"Ghazal Afroozi Milani, Daniel Cyrus, Alireza Tamaddoni-Nezhad",10.4204/eptcs.385.9,4,278,"With the ever-increasing potential of AI to perform personalised tasks, it is becoming essential to develop new machine learning techniques which are data-efficient and do not require hundreds or thousands of training data. In this paper, we explore an Inductive Logic Programming approach for one-shot text classification. In particular, we explore the framework of Meta-Interpretive Learning (MIL), along with using common-sense background knowledge extracted from ConceptNet. Results indicate that MIL can learn text classification rules from a small number of training examples. Moreover, the higher complexity of chosen examples, the higher accuracy of the outcome."
An s(CASP) In-Browser Playground based on Ciao Prolog.,iclp,2022,"Daniela Ferreiro, José F. Morales, Salvador Abreu, Manuel V. Hermenegildo",10.4204/eptcs.385.33,1,227,"Active Logic Documents (ALD) are web pages which incorporate embedded Prolog engines that run locally within the browser. ALD offers both a very easy way to add click-to-run capabilities to any kind of teaching materials, independently of the tool used to generate them, as well as a tool-set for generating web-based materials with embedded examples and exercises. Both leverage on (components of) the Ciao Prolog Playground. We present a demonstration of the ALD approach and the Ciao Prolog Playground, as well as a recent extension to ALDs to facilitate the integration of other tools into the system for creating Hybrid Active Logic Documents (HALD). We also present a concrete application of these technologies to the creation of tutorials for a program verification tool."
A Machine Learning guided Rewriting Approach for ASP Logic Programs.,iclp,2020,"Elena Mastria, Jessica Zangari, Simona Perri, Francesco Calimeri",10.4204/eptcs.325.31,5,480,"Answer Set Programming (ASP) is a declarative logic formalism that allows to encode computational problems via logic programs. Despite the declarative nature of the formalism, some advanced expertise is required, in general, for designing an ASP encoding that can be efficiently evaluated by an actual ASP system. A common way for trying to reduce the burden of manually tweaking an ASP program consists in automatically rewriting the input encoding according to suitable techniques, for producing alternative, yet semantically equivalent, ASP programs. However, rewriting does not always grant benefits in terms of performance; hence, proper means are needed for predicting their effects with this respect. In this paper we describe an approach based on Machine Learning (ML) to automatically decide whether to rewrite. In particular, given an ASP program and a set of input facts, our approach chooses whether and how to rewrite input rules based on a set of features measuring their structural properties and domain information. To this end, a Multilayer Perceptrons model has then been trained to guide the ASP grounder I-DLV on rewriting input rules. We report and discuss the results of an experimental evaluation over a prototypical implementation."
How Lucky Are You to Know Your Way? A Probabilistic Approach to Knowing How Logics.,kr,2025,"Pablo F. Castro, Pedro R. D'Argenio, Raul Fervari",10.24963/kr.2025/23,5,486,"We introduce a probabilistic version of knowing-how modal logics. More precisely, our logics extend extant approaches to model the ability of an agent to achieve a given goal with a certain proba..."
Probabilistic Action Language pBC+.,iclp,2018,"Joohyung Lee, Yi Wang",10.29007/7fmn,1,246,"We present a probabilistic extension of action language BC+. Just like BC+ is defined as a high-level notation of answer set programs for describing transition systems, the proposed language, which we call pBC+, is defined as a high-level notation of LPMLN programs---a probabilistic extension of answer set programs. We show how probabilistic reasoning about transition systems, such as prediction, postdiction, and planning problems, as well as probabilistic diagnosis for dynamic domains, can be modeled in pBC+ and computed using an implementation of LPMLN."
Finest Syntax Splittings of Ranking Functions and Total Preorders on Worlds.,kr,2023,"Jonas Philipp Haldimann, Christoph Beierle",10.24963/kr.2023/75,1,123,"The notion of syntax splitting was initially introduced by Parikh for belief sets, and one key observation is that every belief set has a unique finest syntax splitting, i.e., a syntax splitting th..."
TRACE-CS: A Hybrid Logic-LLM System for Explainable Course Scheduling.,kr,2025,"Stylianos Loukas Vasileiou, William Yeoh",10.24963/kr.2025/63,5,386,"We present TRACE-cs, a novel hybrid system that combines logical reasoning with large language models (LLMs) to address contrastive queries in course scheduling problems. TRACE-cs leverages logic-b..."
Proof-Relevant Resolution for Elaboration of Programming Languages.,iclp,2018,"Axel Kerinec, Giulio Manzonetto, Federico Olimpieri",10.1145/3571201,2,300,
Controlled Natural Language Models.,iclp,2024,Francis Frydman,10.20944/preprints202512.1848.v1,4,534,
Pushing the Boundaries of Tractable Multiperspective Reasoning: A Deduction Calculus for Standpoint EL+.,kr,2023,"Lucía Gómez Álvarez, Sebastian Rudolph, Hannes Strass",10.24963/kr.2023/33,1,469,Standpoint EL is a multi-modal extension of the popular description logic EL that allows for the integrated representation of domain knowledge relative to diverse standpoints or perspectives. Advan...
Extended Magic for Negation: Efficient Demand-Driven Evaluation of Stratified Datalog with Precise Complexity Guarantees.,iclp,2019,"K. Tuncay Tekle, Yanhong A. Liu",10.4204/eptcs.306.28,3,340,"Given a set of Datalog rules, facts, and a query, answers to the query can be inferred bottom-up starting from the facts or top-down starting from the query. For efficiency, top-down evaluation is extended with memoization of inferred facts, and bottom-up evaluation is performed after transformations to make rules driven by the demand from the query. Prior work has shown their precise complexity analysis and relationships. However, when Datalog is extended with even stratified negation, which has a simple and universally accepted semantics, transformations to make rules demand-driven may result in non-stratified negation, which has had many complex semantics and evaluation methods. This paper presents (1) a simple extension to demand transformation, a transformation to make rules demand-driven for Datalog without negation, to support stratified negation, and (2) a simple extension to an optimal bottom-up evaluation method for Datalog with stratified negation, to handle non-stratified negation in the resulting rules. We show that the method provides precise complexity guarantees. It is also optimal in that only facts needed for top-down evaluation of the query are inferred and each firing of a rule to infer such a fact takes worst-case constant time. We extend the precise relationship between top-down evaluation and demand-driven bottom-up evaluation to Datalog with stratified negation. Finally, we show experimental results for performance, as well as applications to previously challenging examples."
Logic Programming and Machine Ethics.,iclp,2020,"Luís Moniz Pereira, Ari Saptawijaya",10.1007/978-3-319-29354-7_6,1,551,"Counterfactuals capture the process of reasoning about a past event that did not occur, namely what would have happened had this event occurred; or, vice-versa, to reason about an event that did occur but what if it had not. In this chapter, we innovatively make use..."
Explainable and Trustworthy Traffic Sign Detection for Safe Autonomous Driving: An Inductive Logic Programming Approach.,iclp,2023,"Zahra Chaghazardi, Saber Fallah, Alireza Tamaddoni-Nezhad",10.4204/eptcs.385.21,1,554,"Traffic sign detection is a critical task in the operation of Autonomous Vehicles (AV), as it ensures the safety of all road users. Current DNN-based sign classification systems rely on pixel-level features to detect traffic signs and can be susceptible to adversarial attacks. These attacks involve small, imperceptible changes to a sign that can cause traditional classifiers to misidentify the sign. We propose an Inductive Logic Programming (ILP) based approach for stop sign detection in AVs to address this issue. This method utilises high-level features of a sign, such as its shape, colour, and text, to detect categories of traffic signs. This approach is more robust against adversarial attacks, as it mimics human-like perception and is less susceptible to the limitations of current DNN classifiers. We consider two adversarial attacking methods to evaluate our approach: Robust Physical Perturbation (PR2) and Adversarial Camouflage (AdvCam). These attacks are able to deceive DNN classifiers, causing them to misidentify stop signs as other signs with high confidence. The results show that the proposed ILP-based technique is able to correctly identify all targeted stop signs, even in the presence of PR2 and ADvCam attacks. The proposed learning method is also efficient as it requires minimal training data. Moreover, it is fully explainable, making it possible to debug AVs."
Equilibrium Description Logics: Results on Complexity and Relations to Circumscription.,kr,2024,"Federica Di Stefano, Mantas Šimkus",10.24963/kr.2024/29,1,354,"Recently, Equilibrium Description Logics (EDLs) have been suggested as a promising new approach to Description Logics (DLs) with non-monotonic default negation. However, a deeper understanding of E..."
Model Revision of Logical Regulatory Networks Using Logic-Based Tools.,iclp,2018,Svetlana Bulashevska,10.4018/9781605666853.ch005,4,576,
A Tool Set for Converting Controlled Natural Languages into AI Formalisms.,iclp,2025,,10.7551/mitpress/2123.003.0002,5,334,
Logical Lease Litigation: Prolog and LLMs for Rental Law Compliance in New York.,iclp,2024,"Sanskar Sehgal, Yanhong A. Liu",10.4204/eptcs.416.4,3,454,"Legal cases require careful logical reasoning following the laws, whereas interactions with non-technical users must be in natural language. As an application combining logical reasoning using Prolog and natural language processing using large language models (LLMs), this paper presents a novel approach and system, LogicLease, to automate the analysis of landlord-tenant legal cases in the state of New York. LogicLease determines compliance with relevant legal requirements by analyzing case descriptions and citing all relevant laws. It leverages LLMs for information extraction and Prolog for legal reasoning. By separating information extraction from legal reasoning, LogicLease achieves greater transparency and control over the legal logic applied to each case. We evaluate the accuracy, efficiency, and robustness of LogicLease through a series of tests, achieving 100% accuracy and an average processing time of 2.57 seconds. LogicLease presents advantages over state-of-the-art LLM-based legal analysis systems by providing clear, step-by-step reasoning, citing specific laws, and distinguishing itself by its ability to avoid hallucinations -- a common issue in LLMs."
A Three-Valued Semantics for Typed Logic Programming.,iclp,2019,"João Barbosa, Mário Florido, Vítor Santos Costa",10.4204/eptcs.306.10,5,500,"Types in logic programming have focused on conservative approximations of program semantics by regular types, on one hand, and on type systems based on a prescriptive semantics defined for typed programs, on the other. In this paper, we define a new semantics for logic programming, where programs evaluate to true, false, and to a new semantic value called wrong, corresponding to a run-time type error. We then have a type language with a separated semantics of types. Finally, we define a type system for logic programming and prove that it is semantically sound with respect to a semantic relation between programs and types where, if a program has a type, then its semantics is not wrong. Our work follows Milner's approach for typed functional languages where the semantics of programs is independent from the semantic of types, and the type system is proved to be sound with respect to a relation between both semantics."
Beyond Traditional Neural Networks: Toward adding Reasoning and Learning Capabilities through Computational Logic Techniques.,iclp,2023,Andrea Rafanelli,10.4204/eptcs.385.51,5,139,"Deep Learning (DL) models have become popular for solving complex problems, but they have limitations such as the need for high-quality training data, lack of transparency, and robustness issues. Neuro-Symbolic AI has emerged as a promising approach combining the strengths of neural networks and symbolic reasoning. Symbolic knowledge injection (SKI) techniques are a popular method to incorporate symbolic knowledge into sub-symbolic systems. This work proposes solutions to improve the knowledge injection process and integrate elements of ML and logic into multi-agent systems (MAS)."
Less Manual Work for Safety Engineers: Towards an Automated Safety Reasoning with Safety Patterns.,iclp,2020,"Yuri Gil Dantas, Antoaneta Kondeva, Vivek Nigam",10.4204/eptcs.325.29,1,578,"The development of safety-critical systems requires the control of hazards that can potentially cause harm. To this end, safety engineers rely during the development phase on architectural solutions, called safety patterns, such as safety monitors, voters, and watchdogs. The goal of these patterns is to control (identified) faults that can trigger hazards. Safety patterns can control such faults by e.g., increasing the redundancy of the system. Currently, the reasoning of which pattern to use at which part of the target system to control which hazard is documented mostly in textual form or by means of models, such as GSN-models, with limited support for automation. This paper proposes the use of logic programming engines for the automated reasoning about system safety. We propose a domain-specific language for embedded system safety and specify as disjunctive logic programs reasoning principles used by safety engineers to deploy safety patterns, e.g., when to use safety monitors, or watchdogs. Our machinery enables two types of automated safety reasoning: (1) identification of which hazards can be controlled and which ones cannot be controlled by the existing safety patterns; and (2) automated recommendation of which patterns could be used at which place of the system to control potential hazards. Finally, we apply our machinery to two examples taken from the automotive domain: an adaptive cruise control system and a battery management system."
Efficient Compliance Computation in Probabilistic Declarative Specifications.,iclp,2024,"Jeongwoon Choi, Jungyeon Kim, Seokho Chi",10.2139/ssrn.6381878,3,273,
Unique Characterisability and Learnability of Temporal Queries Mediated by an Ontology.,kr,2024,"Jean Christoph Jung, Vladislav Ryzhikov, Frank Wolter, Michael Zakharyaschev",10.24963/kr.2024/46,4,549,Algorithms for learning database queries from examples and unique characterisations of queries by examples are prominent starting points for developing automated support for query explanation and c...
Operator-Based Semantics for Choice Programs: Is Choosing Losing?,kr,2024,Jesse Heyninck,10.24963/kr.2024/42,3,37,"Choice constructs are an important part of the language of logic programming, yet the study of their semantics has been a challenging task. So far, only two-valued semantics have been studied, and ..."
Scalable Robotic Intra-Logistics with Answer Set Programming.,iclp,2018,,10.1017/cbo9781139342124.007,2,391,"Knowledge Representation, Reasoning, and the Design of Intelligent Agents - March 2014"
Semantic Analysis of Assurance Cases using s(CASP).,iclp,2023,Alistair Duke,10.4018/978-1-60566-066-0.ch003,3,99,
Computational Thinking with Logic Programming.,iclp,2024,,10.1017/cbo9780511984747.027,4,25,"This additional chapter provides the technical support for abductive logic programming (ALP), which is the basis of the Computational Logic used in this book. ALP uses abduction, not only to explain observations, but to generate plans of action. ALP extends ordinary logic programming by combining the closed predicates of logic programming, which are defined by clauses, with open predicates, which are constrained directly or indirectly by integrity constraints represented in a variant of classical logic. Integrity constraints in ALP include as special cases the functionalities of condition–action rules, maintenance goals and constraints."
Complexity of Abduction in Łukasiewicz Logic.,kr,2025,"Katsumi Inoue, Daniil Kozhemiachenko",10.24963/kr.2025/41,2,138,"We explore the problem of explaining observations in contexts involving statements with truth degrees, such as âthe lift is loadedâ, âthe symptoms are severeâ, etc. To formalise these contexts, we ..."
"Leasing the Cloud-Edge Continuum, à la Carte.",iclp,2023,"Stefano Forti, Ahmad Ibrahim, Antonio Brogi",10.4204/eptcs.385.28,1,155,"Next-gen computing paradigms foresee deploying applications to virtualised resources along a continuum of Cloud-Edge nodes. Much literature focussed on how to place applications onto such resources so as to meet their requirements. To lease resources to application operators, infrastructure providers need to identify a portion of their Cloud-Edge assets to meet set requirements. This article proposes a novel declarative resource selection strategy prototyped in Prolog to determine a suitable infrastructure portion that satisfies all requirements. The proposal is showcased over a lifelike scenario."
A Logic-Based Framework for Database Repairs.,kr,2025,"Nicolas Fröhlich, Arne Meier, Nina Pardal, Jonni Virtema",10.24963/kr.2025/32,3,183,"We introduce a general abstract framework for database repairs, where the repair notions are defined using formal logic. We distinguish between integrity constraints and so-called query constraints..."
Memory Management in Resource-Bounded Agents.,iclp,2019,Valentina Pitoni,10.4204/eptcs.306.61,1,496,"In artificial intelligence, multi agent systems constitute an interesting typology of society modeling, and have in this regard vast fields of application, which extend to the human sciences. Logic is often used to model such kind of systems as it is easier to verify the explainability and validation, so for this reason we have tried to manage agents' memory extending a previous work by inserting the concept of time."
Advances in Logic-Based Entity Resolution: Enhancing ASPEN with Local Merges and Optimality Criteria.,kr,2025,"Zhiliang Xiang, Meghyn Bienvenu, Gianluca Cima, Víctor Gutiérrez-Basulto, Yazmín Ibáñez-García",10.24963/kr.2025/64,5,201,"In this paper, we present ASPEN+, which extends an existing ASP-based system, ASPEN,for collective entity resolution with two important functionalities: support for local merges and new optimali..."
Modeling Administrative Discretion using Goal-Directed Answer Set Programming.,iclp,2022,"Joaquín Arias, Mar Moreno-Rebato, Jose A. Rodriguez-García, Sascha Ossowski",10.1007/978-3-030-85713-4_25,5,450,"Automated legal reasoning and its application in smart contract is getting interest. In this context, ethical and legal concerns make it necessary for automated reasoners to justify in human-understandable terms the advice given. Logic Programming, specially Answer..."
An ASP Multi-Shot Encoding for the Aircraft Routing and Maintenance Planning Problem.,iclp,2020,"Pierre Tassel, Mohamed Rbaia",10.4204/eptcs.364.22,3,286,"Answer Set Programming (ASP) is a paradigm and problem modeling and solving toolkit for KR that is often invoked. There are plenty of results dedicated to studying the hardness of (fragments of) ASP. So far, these studies resulted in characterizations in terms of computational complexity as well as in fine-grained insights presented in form of dichotomy-style results, lower bounds when translating to other formalisms like Boolean satisfiability (SAT), and even detailed parameterized complexity landscapes. A quite generic and prominent parameter in parameterized complexity originating from graph theory is the so-called treewidth , which in a sense captures structural density of a program. Recently, there was an increase in the number of treewidth-based solvers related to SAT. While there exist several translations from (normal) ASP to SAT, yet there is no reduction preserving treewidth or at least being aware of the treewidth increase. This paper deals with a novel reduction from normal ASP to SAT that is aware of the treewidth, and guarantees that a slight increase of treewidth is indeed sufficient. Then, we also establish that when considering treewidth, already the fragment of normal ASP is slightly harder than SAT, which renders the treewidth increase of our reduction unavoidable."
From Acceptance to Rejection in Abstract Argumentation.,kr,2024,"Anne-Marie Heine, Markus Ulbricht",10.24963/kr.2024/41,5,199,"Dynamic reasoning environments are among the key aspects in formal argumentation research. Presumably the best understood problem is the so-called enforcement problem which asks, generally speaki..."
The ASP-based Nurse Scheduling System at the University of Yamanashi Hospital.,iclp,2025,"Hidetomo Nabeshima, Mutsunori Banbara, Torsten Schaub, Takehide Soh",10.4204/eptcs.439.23,3,254,"We present the design principles of a nurse scheduling system built using Answer Set Programming (ASP) and successfully deployed at the University of Yamanashi Hospital. Nurse scheduling is a complex optimization problem requiring the reconciliation of individual nurse preferences with hospital staffing needs across various wards. This involves balancing hard and soft constraints and the flexibility of interactive adjustments. While extensively studied in academia, real-world nurse scheduling presents unique challenges that go beyond typical benchmark problems and competitions. This paper details the practical application of ASP to address these challenges at the University of Yamanashi Hospital, focusing on the insights gained and the advancements in ASP technology necessary to effectively manage the complexities of real-world deployment."
Controlled Natural Languages for Knowledge Representation and Reasoning.,iclp,2016,"Len Schubert, Moderator",10.1016/b978-1-4832-1452-8.50157-3,5,223,
Towards Static Performance Guarantees for Programs with Run-Time Checks.,iclp,2018,"Maximiliano Klemen, Nataliia Stulova, Pedro López-García, José Morales, Manuel V. Hermenegildo",10.1145/3236950.3236970,1,64,
Theory Solving Made Easy with Clingo 5.,iclp,2016,KIM McCARRON,10.1097/00152258-200701000-00006,5,383,
Explaining Agent Behaviour via Causal Analysis of Mental States.,kr,2023,,10.5040/9781501331169.0007,2,573,
Constraint Programming Algorithms for Route Planning Exploiting Geometrical Information.,iclp,2020,Alessandro Bertagnon,10.4204/eptcs.325.38,3,272,"Problems affecting the transport of people or goods are plentiful in industry and commerce and they also appear to be at the origin of much more complex problems. In recent years, the logistics and transport sector keeps growing supported by technological progress, i.e. companies to be competitive are resorting to innovative technologies aimed at efficiency and effectiveness. This is why companies are increasingly using technologies such as Artificial Intelligence (AI), Blockchain and Internet of Things (IoT). Artificial intelligence, in particular, is often used to solve optimization problems in order to provide users with the most efficient ways to exploit available resources. In this work we present an overview of our current research activities concerning the development of new algorithms, based on CLP techniques, for route planning problems exploiting the geometric information intrinsically present in many of them or in some of their variants. The research so far has focused in particular on the Euclidean Traveling Salesperson Problem (Euclidean TSP) with the aim to exploit the results obtained also to other problems of the same category, such as the Euclidean Vehicle Routing Problem (Euclidean VRP), in the future."
Search-Guided Generation of Properties for Program Analyzers.,iclp,2025,Yixuan Liang,10.54985/peeref.2601a8981167,4,249,"Discover research insights, access a citable DOI, and join the global academic discussion."
Blawx: Web-based User-Friendly Rules as Code.,iclp,2022,"Mehmet Bektasoglu, Abdullah S. Bayraktar",10.1016/j.radphyschem.2026.113646,1,358,
KALM: A Rule-based Approach for Knowledge Authoring and Question Answering.,iclp,2019,Tiantian Gao,10.4204/eptcs.306.52,5,82,"Knowledge representation and reasoning (KRR) is one of the key areas in artificial intelligence (AI) field. It is intended to represent the world knowledge in formal languages (e.g., Prolog, SPARQL) and then enhance the expert systems to perform querying and inference tasks. Currently, constructing large scale knowledge bases (KBs) with high quality is prohibited by the fact that the construction process requires many qualified knowledge engineers who not only understand the domain-specific knowledge but also have sufficient skills in knowledge representation. Unfortunately, qualified knowledge engineers are in short supply. Therefore, it would be very useful to build a tool that allows the user to construct and query the KB simply via text. Although there is a number of systems developed for knowledge extraction and question answering, they mainly fail in that these system don't achieve high enough accuracy whereas KRR is highly sensitive to erroneous data. In this thesis proposal, I will present Knowledge Authoring Logic Machine (KALM), a rule-based system which allows the user to author knowledge and query the KB in text. The experimental results show that KALM achieved superior accuracy in knowledge authoring and question answering as compared to the state-of-the-art systems."
On Strong and Weak Admissibility in Non-Flat Assumption-Based Argumentation.,kr,2025,"Matti Berthold, Lydia Blümel, Anna Rapberger",10.24963/kr.2025/14,1,178,"In this work, we broaden the investigation of admissibility notions in the context of assumption-based argumentation (ABA). More specifically, we study two prominent alternatives to the standard..."
ABA Learning via ASP.,iclp,2023,"Emanuele De Angelis, Maurizio Proietti, Francesca Toni",10.4204/eptcs.385.1,1,130,"Recently, ABA Learning has been proposed as a form of symbolic machine learning for drawing Assumption-Based Argumentation frameworks from background knowledge and positive and negative examples. We propose a novel method for implementing ABA Learning using Answer Set Programming as a way to help guide Rote Learning and generalisation in ABA Learning."
"A Gaze into the Internal Logic of Graph Neural Networks, with Logic.",iclp,2022,Paul Tarau,10.4204/eptcs.364.9,3,236,"Graph Neural Networks share with Logic Programming several key relational inference mechanisms. The datasets on which they are trained and evaluated can be seen as database facts containing ground terms. This makes possible modeling their inference mechanisms with equivalent logic programs, to better understand not just how they propagate information between the entities involved in the machine learning process but also to infer limits on what can be learned from a given dataset and how well that might generalize to unseen test data. This leads us to the key idea of this paper: modeling with the help of a logic program the information flows involved in learning to infer from the link structure of a graph and the information content of its nodes properties of new nodes, given their known connections to nodes with possibly similar properties. The problem is known as graph node property prediction and our approach will consist in emulating with help of a Prolog program the key information propagation steps of a Graph Neural Network's training and inference stages. We test our a approach on the ogbn-arxiv node property inference benchmark. To infer class labels for nodes representing papers in a citation network, we distill the dependency trees of the text associated to each node into directed acyclic graphs that we encode as ground Prolog terms. Together with the set of their references to other papers, they become facts in a database on which we reason with help of a Prolog program that mimics the information propagation in graph neural networks predicting node properties. In the process, we invent ground term similarity relations that help infer labels in the test set by propagating node properties from similar nodes in the training set and we evaluate their effectiveness in comparison with that of the graph's link structure. Finally, we implement explanation generators that unveil performance upper bounds inherent to the dataset. As a practical outcome, we obtain a logic program, that, when seen as machine learning algorithm, performs close to the state of the art on the node property prediction benchmark."
A Model-Oriented Approach for Lifting Symmetries in Answer Set Programming.,iclp,2022,Alice Tarzariol,10.4204/eptcs.364.35,4,415,"When solving combinatorial problems, pruning symmetric solution candidates from the search space is essential. Most of the existing approaches are instance-specific and focus on the automatic computation of Symmetry Breaking Constraints (SBCs) for each given problem instance. However, the application of such approaches to large-scale instances or advanced problem encodings might be problematic since the computed SBCs are propositional and, therefore, can neither be meaningfully interpreted nor transferred to other instances. As a result, a time-consuming recomputation of SBCs must be done before every invocation of a solver. To overcome these limitations, we introduce a new model-oriented approach for Answer Set Programming that lifts the SBCs of small problem instances into a set of interpretable first-order constraints using a form of machine learning called Inductive Logic Programming. After targeting simple combinatorial problems, we aim to extend our method to be applied also for advanced decision and optimization problems."
Assessing Drivers&apos; Situation Awareness in Semi-Autonomous Vehicles: ASP based Characterisations of Driving Dynamics for Modelling Scene Interpretation and Projection.,iclp,2023,"Jakob Suchan, Jan-Patrick Osterloh",10.4204/eptcs.385.29,2,511,"Semi-autonomous driving, as it is already available today and will eventually become even more accessible, implies the need for driver and automation system to reliably work together in order to ensure safe driving. A particular challenge in this endeavour are situations in which the vehicle's automation is no longer able to drive and is thus requesting the human to take over. In these situations the driver has to quickly build awareness for the traffic situation to be able to take over control and safely drive the car. Within this context we present a software and hardware framework to asses how aware the driver is about the situation and to provide human-centred assistance to help in building situation awareness. The framework is developed as a modular system within the Robot Operating System (ROS) with modules for sensing the environment and the driver state, modelling the driver's situation awareness, and for guiding the driver's attention using specialized Human Machine Interfaces (HMIs). A particular focus of this paper is on an Answer Set Programming (ASP) based approach for modelling and reasoning about the driver's interpretation and projection of the scene. This is based on scene data, as well as eye-tracking data reflecting the scene elements observed by the driver. We present the overall application and discuss the role of semantic reasoning and modelling cognitive functions based on logic programming in such applications. Furthermore we present the ASP approach for interpretation and projection of the driver's situation awareness and its integration within the overall system in the context of a real-world use-case in simulated as well as in real driving."
Modelling Infectious Disease Dynamics with Probabilistic Logic Programming.,iclp,2021,Fabrizio Riguzzi,10.1201/9781003338192-2,2,12,The distribution over programs is defined by encoding random choices for clauses. Each choice generates an alternative version of the clause and the set of
Knowledge Base Embeddings: Semantics and Theoretical Properties.,kr,2024,"Camille Bourgaux, Ricardo Guimarães, Raoul Koudijs, Victor Lacerda, Ana Ozaki",10.24963/kr.2024/77,5,525,"Research on knowledge graph embeddings has recently evolved into knowledge base embeddings, where the goal is not only to map facts into vector spaces but also constrain the models so that they tak..."
Complexity of Weighted First-Order Model Counting in the Two-Variable Fragment with Counting Quantifiers: A Bound to Beat.,kr,2024,"Jan Tóth, Ondřej Kuželka",10.24963/kr.2024/64,2,372,We study the time complexity of weighted first-order model counting (WFOMC) over the logical language with two variables and counting quantifiers. The problem is known to be solvable in time polyno...
Top-down Splitting Property for Epistemic Logic Programs.,iclp,2021,"Pedro Cabalar, Jorge Fandinno, Luis Fariñas del Cerro",10.24963/ijcai.2020/653,2,344,
Most General Variant Unifiers.,iclp,2019,"Santiago Escobar, Julia Sapiña",10.4204/eptcs.306.21,1,106,"Equational unification of two terms consists of finding a substitution that, when applied to both terms, makes them equal modulo some equational properties. Equational unification is of special relevance to automated deduction, theorem proving, protocol analysis, partial evaluation, model checking, etc. Several algorithms have been developed in the literature for specific equational theories, such as associative-commutative symbols, exclusive-or, Diffie-Hellman, or Abelian Groups. Narrowing was proved to be complete for unification and several cases have been studied where narrowing provides a decidable unification algorithm. A new narrowing-based equational unification algorithm relying on the concept of the variants of a term has been developed and it is available in the most recent version of Maude, version 2.7.1, which provides quite sophisticated unification features. A variant of a term t is a pair consisting of a substitution sigma and the canonical form of tsigma. Variant-based unification is decidable when the equational theory satisfies the finite variant property. However, it may compute many more unifiers than the necessary and, in this paper, we explore how to strengthen the variant-based unification algorithm implemented in Maude to produce a minimal set of most general variant unifiers. Our experiments suggest that this new adaptation of the variant-based unification is more efficient both in execution time and in the number of computed variant unifiers than the original algorithm available in Maude."
Extending Description Logics with Generic Concepts - the Tale of Two Semantics.,kr,2024,"Joshua Hirschbrunn, Yevgeny Kazakov",10.24963/kr.2024/43,4,108,"Description Logic (DL) ontologies often need to model similar properties for different concepts. Taking inspiration from generic classes in object-oriented programming, we introduce concept para..."
An Information-Flow Perspective on Explainability Requirements: Specification and Verification.,kr,2025,"Bernd Finkbeiner, Hadar Frenkel, Julian Siber",10.24963/kr.2025/29,5,487,Explainable systems expose information about why certain observed effects are happening to the agents interacting with them. We argue that this constitutes a positive flow of information that needs...
"Proceedings of the International Conference on Logic Programming 2022 Workshops co-located with the 38th International Conference on Logic Programming (ICLP 2022), Haifa, Israel, July 31st - August 1st, 2022.",iclp,2022,"YULIYA LIERLER, JOSE F. MORALES",10.1017/s147106842200028x,1,536,Introduction to the 38th International Conference on Logic Programming Special Issue - Volume 22 Issue 4
A Framework for Inconsistency-tolerant Reasoning with Sets of Models.,kr,2025,"Yehia Hatab, Kai Sauerwald, Matthias Thimm",10.24963/kr.2025/37,2,177,"We propose a framework for reasoning from inconsistent knowledge bases using minimal hitting sets, i. e., sets of interpretations such that each formula of the knowledge base is satisfied by at ..."
Towards Run-time Checks Simplification via Term Hiding.,iclp,2017,,10.1007/978-1-84882-314-3_10,3,131,"Type checking in Ada is designed to discover and prevent compile-time errors. However, there are some errors that can occur only at run-time; for example, input that is not in the expected format or that exceeds the range of an input variable. Run-time errors cause..."
Modeling Clique Coloring via ASP(Q).,iclp,2021,Hoifung Poon,10.33915/etd.1008,2,394,"Let G = (V, E) be a simple graph. The clique hypergraph of G, denoted as CH( G), has V as its set of vertices, and the maximal cliques as its hyperedges. Let Sk be a set of k colors. A map c : V Sk is a proper k-coloring for CH(G) if any maximal clique of G with at least two vertices receives at least two distinct colors. Let W ⊂ V, and let s ≥ 1. We say that G is (W, s)-extendible if any assignment on W with at most s colors can be extended to a proper s-coloring of CH(G). We prove that the clique hypergraphs of chordal and comparability graphs are bicolorable and that the clique hypergraphs of circular-arc graphs are 3-colorable. Our main result is the characterization of (W, 2)-extendibility for chordal graphs in the case when W=2 ."
Research Summary: Explainable Artificial Intelligence in Answer Set Programming and Machine Learning.,iclp,2025,Vladimir Lifschitz,10.1016/s0004-3702(02)00186-8,5,87,
"Front Matter, Table of Contents, Preface, List of Authors.",iclp,2016,,10.1484/m.hmantica-eb.5.152373,1,339,"Preview this chapter: Front Matter (“Table of Contents”, “Author’s Preface”, “List of Abbreviations”), Page 1 of 1 < Previous page | Next page > /docserver/preview/fulltext/10.1484/M.HMANTICA-EB.5.135830/M.HMANTICA-EB.5.152373-1.gif Hardbound ISBN: 978-1-915487-11-7 E-book ISBN: 978-1-915487-24-7 Book DOI : https://doi.org/10.1484/M.HMANTICA-EB.5.135830"
Interpretable Hybrid Machine Learning Models Using FOLD-R++ and Answer Set Programming.,iclp,2025,"Sanne Wielinga, Jesse Heyninck",10.4204/eptcs.439.9,5,567,"Machine learning (ML) techniques play a pivotal role in high-stakes domains such as healthcare, where accurate predictions can greatly enhance decision-making. However, most high-performing methods such as neural networks and ensemble methods are often opaque, limiting trust and broader adoption. In parallel, symbolic methods like Answer Set Programming (ASP) offer the possibility of interpretable logical rules but do not always match the predictive power of ML models. This paper proposes a hybrid approach that integrates ASP-derived rules from the FOLD-R++ algorithm with black-box ML classifiers to selectively correct uncertain predictions and provide human-readable explanations. Experiments on five medical reveal statistically significant performance gains in accuracy and F1 score. This study underscores the potential of combining symbolic reasoning with conventional ML to achieve high interpretability without sacrificing accuracy"
Distance-Restricted Explanations: Theoretical Underpinnings &amp; Efficient Implementation.,kr,2024,"Yacine Izza, Xuanxiang Huang, Antonio Morgado, Jordi Planes, Alexey Ignatiev, Joao Marques-Silva",10.24963/kr.2024/45,5,161,"The uses of machine learning (ML) have snowballed in recent years. In many cases, ML models are highly complex, and their operation is beyond the understanding of human decision-makers. Nevertheles..."
A System for Explainable Answer Set Programming.,iclp,2020,"Pedro Cabalar, Jorge Fandinno, Brais Muñiz",10.4204/eptcs.325.19,5,324,"We present xclingo, a tool for generating explanations from ASP programs annotated with text and labels. These annotations allow tracing the application of rules or the atoms derived by them. The input of xclingo is a markup language written as ASP comment lines, so the programs annotated in this way can still be accepted by a standard ASP solver. xclingo translates the annotations into additional predicates and rules and uses the ASP solver clingo to obtain the extension of those auxiliary predicates. This information is used afterwards to construct derivation trees containing textual explanations. The language allows selecting which atoms to explain and, in its turn, which atoms or rules to include in those explanations. We illustrate the basic features through a diagnosis problem from the literature."
Modelling Human Mental-States in an Action Language following the Theory of Planned Behavior.,iclp,2021,"Rory C. O’Connor, Christopher J. Armitage",10.4324/9781315126449-2,1,347,This chapter aims to test the efficacy of the theory of planned behavior in the domain of parasuicide and hence its efficacy as a potential screening tool. It
Grounding Rule-Based Argumentation Using Datalog.,kr,2025,"Martin Diller, Sarah Alice Gaggl, Philipp Hanisch, Giuseppina Monterosso, Fritz Rauschenbach",10.24963/kr.2025/28,5,475,"ASPIC+ is one of the main general frameworks for rule-based argumentation for AI. Although first-order rules are commonly used in ASPIC+ examples, most existing approaches to reason over rule-based..."
On the Complexity and Properties of Preferential Propositional Dependence Logic.,kr,2025,"Kai Sauerwald, Arne Meier, Juha Kontinen",10.24963/kr.2025/51,2,425,"This paper considers the complexity and properties of KLM-style preferential reasoning in the setting of propositional logic with team semantics and dependence atoms, also known as propositional de..."
Generating Concurrent Programs From Sequential Data Structure Knowledge Using Answer Set Programming.,iclp,2021,"Sarat Chandra Varanasi, Neeraj Mittal, Gopal Gupta",10.4204/eptcs.345.36,4,251,"We tackle the problem of automatically designing concurrent data structure operations given a sequential data structure specification and knowledge about concurrent behavior. Designing concurrent code is a non-trivial task even in simplest of cases. Humans often design concurrent data structure operations by transforming sequential versions into their respective concurrent versions. This requires an understanding of the data structure, its sequential behavior, thread interactions during concurrent execution and shared memory synchronization primitives. We mechanize this design process using automated commonsense reasoning. We assume that the data structure description is provided as axioms alongside the sequential code of its algebraic operations. This information is used to automatically derive concurrent code for that data structure, such as dictionary operations for linked lists and binary search trees. Knowledge in our case is expressed using Answer Set Programming (ASP), and we employ deduction and abduction -- just as humans do -- in the reasoning involved. ASP allows for succinct modeling of first order theories of pointer data structures, run-time thread interactions and shared memory synchronization. Our reasoner can systematically make the same judgments as a human reasoner, while constructing provably safe concurrent code. We present several reasoning challenges involved in transforming the sequential data structure into its equivalent concurrent version. All the reasoning tasks are encoded in ASP and our reasoner can make sound judgments to transform sequential code into concurrent code. To the best of our knowledge, our work is the first one to use commonsense reasoning to automatically transform sequential programs into concurrent code. We also have developed a tool that we describe that relies on state-of-the-art ASP solvers and performs the reasoning tasks involved to generate concurrent code."
Automated Theorem Proving for Prolog Verification.,iclp,2025,"Fred Mesnard, Thierry Marianne, Etienne Payet",10.29007/c25r,3,436,"Keyphrases : automated theorem proving , logic programming , partial correctness , prolog , termination , verification"
Actual Causality in Contextual Abduction.,iclp,2020,"Degoldie Sonny, Ari Saptawijaya, Raja Oktovin Parhasian Damanik",10.1109/icacsis51025.2020.9263160,2,11,"Causality is an important part of science and our daily life, e.g., to determine responsibility in legal arguments and causal explanations for observations. This paper presents how actual causality can be modeled by contextual abduction in logic programming. We refer to causal model of Halpern and Pearl, and translate it into a causal abductive framework. Using this framework and by treating the given actual world as the context of abduction, actual causes are computed by abducing explanations consistent to that context. We provide a procedure for computing actual causes by means of contextual abduction in Prolog and experiment with examples from the literature. The result coincides with that computed by the clausal causal theory of Bochman."
Understanding ProbLog as Probabilistic Argumentation.,iclp,2023,"Francesca Toni, Nico Potyka, Markus Ulbricht, Pietro Totis",10.4204/eptcs.385.18,4,377,"ProbLog is a popular probabilistic logic programming language/tool, widely used for applications requiring to deal with inherent uncertainties in structured domains. In this paper we study connections between ProbLog and a variant of another well-known formalism combining symbolic reasoning and reasoning under uncertainty, i.e. probabilistic argumentation. Specifically, we show that ProbLog is an instance of a form of Probabilistic Abstract Argumentation (PAA) that builds upon Assumption-Based Argumentation (ABA). The connections pave the way towards equipping ProbLog with alternative semantics, inherited from PAA/PABA, as well as obtaining novel argumentation semantics for PAA/PABA, leveraging on prior connections between ProbLog and argumentation. Further, the connections pave the way towards novel forms of argumentative explanations for ProbLog's outputs."
Faithful Differentiable Reasoning with Reshuffled Region-based Embeddings.,kr,2025,"Aleksandar Pavlovic, Emanuel Sallinger, Steven Schockaert",10.24963/kr.2025/48,1,47,Knowledge graph (KG) embedding methods learn geometric representations of entities and relations to predict plausible missing knowledge. These representations are typically assumed to capture rule-...
Action Language mA* with Higher-Order Action Observability.,kr,2024,"David Buckingham, Matthias Scheutz, Tran Cao Son, Francesco Fabiano",10.24963/kr.2024/20,2,338,"This paper presents a novel semantics for the mA* epistemic action language that takes into consideration dynamic per-agent observability of events. Different from the original mA* semantics, the o..."
Dynamic Epistemic Logic with ASP Updates: Application to Conditional Planning.,iclp,2020,,10.1007/978-1-4020-5839-4_2,3,388,"In this chapter we introduce the basic epistemic logic, to which we add a dynamic component in consecutive chapters. Epistemic logic, as it is conceived today, is very much influenced by the development of modal logic, and, in particular, by its Kripke semantics. We..."
Using Ontology to Analyze Sentiment of Comments on Vietnamese Social Media.,kr,2024,,10.53796/hnsj31027,5,445,
Generalizing Level Ranking Constraints for Monotone and Convex Aggregates.,iclp,2023,Tomi Janhunen,10.4204/eptcs.385.12,1,592,"In answer set programming (ASP), answer sets capture solutions to search problems of interest and thus the efficient computation of answer sets is of utmost importance. One viable implementation strategy is provided by translation-based ASP where logic programs are translated into other KR formalisms such as Boolean satisfiability (SAT), SAT modulo theories (SMT), and mixed-integer programming (MIP). Consequently, existing solvers can be harnessed for the computation of answer sets. Many of the existing translations rely on program completion and level rankings to capture the minimality of answer sets and default negation properly. In this work, we take level ranking constraints into reconsideration, aiming at their generalizations to cover aggregate-based extensions of ASP in more systematic way. By applying a number of program transformations, ranking constraints can be rewritten in a general form that preserves the structure of monotone and convex aggregates and thus offers a uniform basis for their incorporation into translation-based ASP. The results open up new possibilities for the implementation of translators and solver pipelines in practice."
A framework for Conditional Reasoning in Answer Set Programming.,iclp,2025,"Mario Alviano, Laura Giordano, Daniele Theseider Dupré",10.4204/eptcs.439.13,4,399,"In this paper we introduce a Conditional Answer Set Programming framework (Conditional ASP) for the definition of conditional extensions of Answer Set Programming (ASP). The approach builds on a conditional logic with typicality, and on the combination of a conditional knowledge base with an ASP program, and allows for conditional reasoning over the answer sets of the program. The formalism relies on a multi-preferential semantics, and on the KLM preferential semantics, as a special case. Conditional entailment is encoded in ASP and a complexity upper-bound is provided."
LP2PB: Translating Answer Set Programs into Pseudo-Boolean Theories.,iclp,2020,"Wolf De Wulf, Bart Bogaerts",10.4204/eptcs.325.25,5,331,"Answer set programming (ASP) is a well-established knowledge representation formalism. Most ASP solvers are based on (extensions of) technology from Boolean satisfiability solving. While these solvers have shown to be very successful in many practical applications, their strength is limited by their underlying proof system, resolution. In this paper, we present a new tool LP2PB that translates ASP programs into pseudo-Boolean theories, for which solvers based on the (stronger) cutting plane proof system exist. We evaluate our tool, and the potential of cutting-plane-based solving for ASP on traditional ASP benchmarks as well as benchmarks from pseudo-Boolean solving. Our results are mixed: overall, traditional ASP solvers still outperform our translational approach, but several benchmark families are identified where the balance shifts the other way, thereby suggesting that further investigation into a stronger proof system for ASP is valuable."
Enhancing Compilation-based ASP Solving.,iclp,2025,"Carmine Dodaro, Giuseppe Mazzotta, Francesco Ricca",10.24963/kr.2024/30,5,413,"Answer Set Programming (ASP) is a widely recognized formalism for Knowledge Representation and Reasoning. Traditional ASP systems, that employ the ground and solve architecture, are subject to the ..."
Quantified Constraint Handling Rules.,iclp,2019,"Vincent Barichard, Igor Stéphan",10.1145/3728640,2,241,
MASP-Reduce: A Proposal for Distributed Computation of Stable Models.,iclp,2018,Marco De Bortoli,10.4204/eptcs.306.60,1,165,"Answer Set Programming (ASP) is a famous logic language for knowledge representation, which has been really successful in the last years, as witnessed by the great interest into the development of efficient solvers for ASP. Yet, the great request of resources for certain types of problems, as the planning ones, still constitutes a big limitation for problem solving. Particularly, in the case the program is grounded before the resolving phase, an exponential blow up of the grounding can generate a huge ground file, infeasible for single machines with limited resources, thus preventing even the discovering of a single non-optimal solution. To address this problem, in this paper we present a distributed approach to ASP solving, exploiting distributed computation benefits in order to overcome the just explained limitations. The here presented tool, which is called Distributed Answer Set Coloring (DASC), is a pure solver based on the well-known Graph Coloring algorithm. DASC is part of a bigger project aiming to bring logic programming into a distributed system, started in 2017 by Federico Igne with mASPreduce and continued in 2018 by Pietro Totis with a distributed grounder. In this paper we present a low level implementation of the Graph Coloring algorithm, via the Boost and MPI libraries for C++. Finally, we provide a few results of the very first working version of our tool, at the moment without any strong optimization or heuristic."
Embedding s(CASP) in Prolog.,iclp,2022,Mehul Chandrakant Solanki,10.24124/2016/bpgub1142,3,143,",This thesis focuses on combining the two most important and wide spread declarative programming paradigms, functional and logic programming. The proposed approach aims at adding logic programming features which are native to Prolog onto Haskell. We develop extensions which replicate the target language by utilizing advanced features of the host language for an efficient implementation. The thesis aims to provide insights into merging two declarative languages namely, Haskell and Prolog by embedding the latter into the former and analyzing the results of doing so as the two languages have conflicting characteristics. The finished products will be something similar to a haskellised Prolog which has logic programming-like capabilities. --Leaf ii."
Learning Robust Reward Machines from Noisy Labels.,kr,2024,"Roko Parać, Lorenzo Nodari, Leo Ardon, Daniel Furelos-Blanco, Federico Cerutti, Alessandra Russo",10.24963/kr.2024/85,2,519,"This paper presents PROB-IRM, an approach that learns robust reward machines (RMs) for reinforcement learning (RL) agents from noisy execution traces. The key aspect of RM-driven RL is the explo..."
Strong Equivalence for LPMLN Programs.,iclp,2019,"Joohyung Lee, Man Luo",10.4204/eptcs.306.24,1,443,"LPMLN is a probabilistic extension of answer set programs with the weight scheme adapted from Markov Logic. We study the concept of strong equivalence in LPMLN, which is a useful mathematical tool for simplifying a part of an LPMLN program without looking at the rest of it. We show that the verification of strong equivalence in LPMLN can be reduced to equivalence checking in classical logic via a reduct and choice rules as well as to equivalence checking under the ""soft"" logic of here-and-there. The result allows us to leverage an answer set solver for LPMLN strong equivalence checking. The study also suggests us a few reformulations of the LPMLN semantics using choice rules, the logic of here-and-there, and classical logic."
A Dataset of Contractual Events in Court Decisions.,iclp,2023,Robert M. Guion,10.1037/e580582009-009,4,65,
Modeling and Solving Graph Synthesis Problems Using SAT-Encoded Reachability Constraints in Picat.,iclp,2021,Neng-Fa Zhou,10.4204/eptcs.345.30,1,398,Many constraint satisfaction problems involve synthesizing subgraphs that satisfy certain reachability constraints. This paper presents programs in Picat for four problems selected from the recent LP/CP programming competitions. The programs demonstrate the modeling capabilities of the Picat language and the solving efficiency of the cutting-edge SAT solvers empowered with effective encodings.
SMT-Based Constraint Answer Set Solver EZSMT (System Description).,iclp,2016,Yuting Zhao,10.14711/thesis-b810483,2,39,
A Speech about Generative Datalog and Non-measurable Sets.,iclp,2021,,10.1017/9781009003797.008,2,456,
Knowledge Graphs &amp; Reasoning in Concert: Automating Regulation in Corporate Economics.,iclp,2025,,10.1049/pbpc063e_ch3,2,57,
Copredication and Ontological Mutability.,kr,2023,Mathias Guenther,10.1007/978-3-030-21186-8_2,2,535,
Fitting Ontologies and Constraints to Relational Structures.,kr,2025,"Simon Hosemann, Jean Christoph Jung, Carsten Lutz, Sebastian Rudolph",10.24963/kr.2025/40,5,547,"We study the problem of fitting ontologies and constraints to positive and negative examples that take the form of a finite relational structure. As ontology and constraint languages, we consider t..."
"Translating P-log, LPMLN, LPOD, and CR-Prolog2 into Standard Answer Set Programs.",iclp,2018,"Joohyung Lee, Zhun Yang",10.29007/d8rl,2,44,"Logic Programs with Ordered Disjunction (LPOD) is an extension of standard answer set programs to handle preference using the construct of ordered disjunction, and CR-Prolog2 is an extension of standard answer set programs with consistency restoring rules and LPOD-like ordered disjunction. We present reductions of each of these languages into the standard ASP language, which gives us an alternative way to understand the extensions in terms of the standard ASP language."
Property Directed Reachability for Planning Revisited.,kr,2023,"Ava Clifton, Charles Gretton",10.24963/kr.2023/16,2,247,"Property Directed Reachability (PDR) is a relatively new SAT-based search paradigm for classical AI planning. Compared to earlier SAT-based paradigms, PDR proceeds without unrolling the system tran..."
Abstractions of Queries in Ontology-Based Data Access.,kr,2025,"Michel Leclère, Marie-Laure Mugnier, Guillaume Pérution-Kihli",10.24963/kr.2025/43,4,471,"In ontology-based data access (OBDA), multiple data sources are integrated via mappings to an ontology. We consider an OBDA setting based on existential rules and the certain answer semantics. We a..."
Mutex Graphs and Multicliques: Reducing Grounding Size for Planning.,iclp,2019,"David Spies, Jia-Huai You, Ryan Hayward",10.4204/eptcs.306.20,1,276,"We present an approach to representing large sets of mutual exclusions, also known as mutexes or mutex constraints. These are the types of constraints that specify the exclusion of some properties, events, processes, and so on. They are ubiquitous in many areas of applications. The size of these constraints for a given problem can be overwhelming enough to present a bottleneck for the solving efficiency of the underlying solver. In this paper, we propose a novel graph-theoretic technique based on multicliques for a compact representation of mutex constraints and apply it to domain-independent planning in ASP. As computing a minimum multiclique covering from a mutex graph is NP-hard, we propose an efficient approximation algorithm for multiclique covering and show experimentally that it generates substantially smaller grounding size for mutex constraints in ASP than the previously known work in SAT."
Grounded Fixpoints and Active Integrity Constraints.,iclp,2016,"Bart Bogaerts, Joost Vennekens, Marc Denecker",10.1609/aaai.v29i1.9388,2,541,"Abstract Algebraical fixpoint theory is an invaluable instrument for studying semantics of logics. For example, all major semantics of logic programming, autoepistemic logic, default logic and more recently, abstract argumentation have been shown to be induced by the different types of fixpoints defined in approximation fixpoint theory (AFT). In this paper, we add a new type of fixpoint to AFT: a grounded fixpoint of lattice operator O : L → L is defined as a lattice element x ∈ L such that O(x) = x and for all v ∈ L such that O(v ∧ x) ≤ v, it holds that x ≤ v. On the algebraical level, we show that all grounded fixpoints are minimal fixpoints approximated by the well-founded fixpoint and that all stable fixpoints are grounded. On the logical level, grounded fixpoints provide a new mathematically simple and compact type of semantics for any logic with a (possibly non-monotone) semantic operator. We explain the intuition underlying this semantics in the context of logic programming by pointing out that grounded fixpoints of the immediate consequence operator are interpretations that have no non-trivial unfounded sets. We also analyse the complexity of the induced semantics. Summarised, grounded fixpoint semantics is a new, probably the simplest and most compact, element in the family of semantics that capture basic intuitions and principles of various non-monotonic logics."
Computing H-Partitions in ASP and Datalog.,iclp,2022,"R. S. Bird, O. de Moor",10.1007/bf01211316,3,520,
Mathematical Foundations for Joining Only Knowing and Common Knowledge.,kr,2023,"Marcos Cramer, Samuele Pollaci, Bart Bogaerts",10.24963/kr.2023/17,5,503,"Common knowledge and only knowing capture two intuitive and natural notions that have proven to be useful in a variety of settings, for example to reason about coordination or agreement between age..."
A Normative Model of Explanation for Binary Classification Legal AI and Its Implementation on Causal Explanations of Answer Set Programming.,iclp,2022,Haodi Zhang,10.14711/thesis-b1584877,5,147,
Solving Assembly Line Workload Smoothing Problem via Answer Set Programming.,iclp,2020,Omar El-Khatib,10.1109/csci.2016.0098,2,189,"Answer set programming (ASP) is a new programming language paradigm combining the declarative aspect with non-monotonic reasoning. In this paper, we will investigate and evaluate an application of Simple Assembly Line Balancing Problem in Answer Set Programming. The problem is a highly combinatorial and is generally solved by specific programs. We present an approach to solve the simple assembly line balancing problem in Answer Set Programming and compare them with the standard ones. It turns out that, although Answer Set Programming greatly simplifies the problem statement. It is comparable in efficiency to specialized programs."
Extending Answer Set Programs with Neural Networks.,iclp,2020,Zhun Yang,10.4204/eptcs.325.41,5,113,"The integration of low-level perception with high-level reasoning is one of the oldest problems in Artificial Intelligence. Recently, several proposals were made to implement the reasoning process in complex neural network architectures. While these works aim at extending neural networks with the capability of reasoning, a natural question that we consider is: can we extend answer set programs with neural networks to allow complex and high-level reasoning on neural network outputs? As a preliminary result, we propose NeurASP -- a simple extension of answer set programs by embracing neural networks where neural network outputs are treated as probability distributions over atomic facts in answer set programs. We show that NeurASP can not only improve the perception accuracy of a pre-trained neural network, but also help to train a neural network better by giving restrictions through logic rules. However, training with NeurASP would take much more time than pure neural network training due to the internal use of a symbolic reasoning engine. For future work, we plan to investigate the potential ways to solve the scalability issue of NeurASP. One potential way is to embed logic programs directly in neural networks. On this route, we plan to first design a SAT solver using neural networks, then extend such a solver to allow logic programs."
"A Singly Exponential Transformation of LTL[X, F] into Pure Past LTL.",kr,2023,"Alessandro Artale, Luca Geatti, Nicola Gigante, Andrea Mazzullo, Angelo Montanari",10.24963/kr.2023/7,1,515,"Confronting the past can be hard. This is true even in Linear Temporal Logic (LTL), interpreted on either infinite or finite traces, when faced with the problem of transforming a temporally future ..."
An Epistemic Theory of Deductive Arguments.,kr,2025,Emiliano Lorini,10.24963/kr.2025/44,5,125,"Epistemic logic and the theory of argumentation have only very recently started to interact, despite the central role that the epistemic view of argument plays in contemporary epistemology. In t..."
Statistical Syllogistic Tableaux.,iclp,2024,"Domenico Cantone, Eugenio Omodeo, Alberto Policriti",10.1007/978-1-4757-3452-2_14,2,58,"Over the last few decades, tableau calculi have been developed for various kinds of logics, such as intuitionistic logics, modal and temporal logics, nonmonotonic logics, many-valued logics, relevance logics, etc., thanks to the flexibility of the tableau method and..."
Empowering Public Interest Communication with Argumentation - Project Report (short paper).,iclp,2025,Alejandra Casas Niño de Rivera,10.59350/yvcg5-eb965,1,442,"It has been a long time since we last reported on the activities of PKP’s Documentation Interest Group (DIG), and we’re very excited to let you know about some of the things we’ve worked on, new and old! With the resumption of conferences and other in-person events, we’ve also had the opportunity to directly solicit […]"
Hybrid Answer Set Programming: Foundations and Applications.,iclp,2024,Nicolas Rühling,10.4204/eptcs.416.38,5,215,"Answer Set Programming (ASP) is a powerful tool for solving real-world problems. However, many problems involve numeric values and complex constraints beyond the capabilities of standard ASP solvers. Hybrid solvers like CLINGCON and CLINGO[DL] address this by using specialized methods for specific constraints. However, these solvers lack a strong theoretical foundation. This issue has first been addressed by introducing the Logic of Here-and-There with constraints (HT_c) as an extension of the Logic of Here-and-There (HT) and its non-monotone extension Equilibrium Logic. Nowadays, HT serves as a logical foundation for ASP and has facilitated a broader understanding of this paradigm. The idea is that HTC (and other extensions) play an analogous role for hybrid ASP. There remain many open questions about these logics regarding their fundamental characteristics as well as their practical use in solvers, ie. how they can guide the implementation. Having a formal understanding of these hybrid logics is also needed to better understand the inherent structure of the (real-world) problems they are applied to and to improve their representations in ASP. As an example of an application of ASP we use product configuration."
Natlog: Embedding Logic Programming into the Python Deep-Learning Ecosystem.,iclp,2023,Paul Tarau,10.4204/eptcs.385.15,5,267,"Driven by expressiveness commonalities of Python and our Python-based embedded logic-based language Natlog, we design high-level interaction patterns between equivalent language constructs and data types on the two sides. By directly connecting generators and backtracking, nested tuples and terms, coroutines and first-class logic engines, reflection and meta-interpretation, we enable logic-based language constructs to access the full power of the Python ecosystem. We show the effectiveness of our design via Natlog apps working as orchestrators for JAX and Pytorch pipelines and as DCG-driven GPT3 and DALL.E prompt generators. Keyphrases: embedding of logic programming in the Python ecosystem, high-level inter-paradigm data exchanges, coroutining with logic engines, logic-based neuro-symbolic computing, logic grammars as prompt-generators for Large Language Models, logic-based neural network configuration and training."
probKanren: A Simple Probabilistic Extension for microKanren.,iclp,2021,Rohit Dhormare,10.20944/preprints202506.0043.v1,3,204,
A Brief Discussion about the Credal Semantics for Probabilistic Answer Set Programs.,iclp,2023,Damiano Azzolini,10.4204/eptcs.385.30,5,146,"Constrained Horn Clauses (CHCs) are a logical formalism very well suited for automatic program verification and analysis [ 1 ]. Indeed, many verification problems can be reduced to problems of checking satisfiability of CHCs and several effective CHC solvers are currently available as back-end tools for program verification purposes [ 5 , 6 ]. Following the CHC-based verification approach, a program is translated into a set of definite CHCs (that is, clauses whose head is different from $\mathit{false}$), which capture the semantics of the program, together with a set of queries (that is, clauses whose head is $\mathit{false}$), which specify the program properties to be verified. Very often the program includes several functions, each one having its own contract (that is, a pair of a pre-condition and a post-condition) and the CHC translation of the verification problem generates several queries. CHC solvers try to show the satisfiability of a set of CHCs of the form: $P \cup \{\mathit{false}\!\leftarrow\! G_1,\,\ldots,\, \mathit{false}\!\leftarrow\! G_n\}$, where $P$ is a set of definite CHCs, and $\mathit{false}\!\leftarrow\! G_1,\,\ldots,\,\mathit{false}\!\leftarrow\! G_n$ are queries, by trying to show in a separate way the satisfiability of each set $P\cup\{\mathit{false}\!\leftarrow\! G_i\}$, for $i\!=\!1,\ldots,n$. This approach may not always be effective, as the solver may not be able to exploit, possibly mutual, dependencies among the various queries. The Transformation Algorithm In this paper we propose a CHC transformation technique that, given a set $P\cup\{\mbox{$\mathit{false} \!\leftarrow\! G_1,$}$ $\ldots,\,\mathit{false}\!\leftarrow\! G_n\}$ of CHCs, derives an equisatisfiable set $P'\cup\{\mathit{false}\!\leftarrow\! G'_1,\ldots,$ $\mathit{false}\!\leftarrow\! G'_n\}$, for whose satisfiability proof a CHC solver may exploit the mutual interactions among the $n$ satisfiability proofs, one for each query. The CHC transformation algorithm ${\mathit T}_{\mathit{mq}}$ we present here, is based on adaptations of the usual unfold/fold transformation rules for CHCs (and CLP programs), and on a novel rule, called Query-based Strengthening , specifically designed for incorporating into the clauses relative to a particular query $Q$ some additional properties and constraints derived from other queries that are relative to predicates on which the predicates occurring in $Q$ depend. Algorithm ${\mathit T}_{\mathit{mq}}$ is both sound and complete, that is, the transformed clauses are satisfiable if and only if so are the original ones. The completeness of ${\mathit T}_{\mathit{mq}}$ is very important because if a property does not hold, it allows us to infer the unsatisfiability of the original clauses, and hence to deduce the invalidity of the property to be verified. The proposed algorithm improves over the ${\mathit T}_{\mathit{cata}}$ algorithm presented in a previous paper [ 4 ] which works by eliminating ADTs from sets of CHCs. ${\mathit T}_{\mathit{cata}}$ is only sound (indeed, it can be understood as computing an abstraction over the initial clauses), and thus if the transformed clauses are unsatisfiable we cannot infer anything about the satisfiability of the initial CHCs. The new algorithm ${\mathit T}_{\mathit{mq}}$ does not eliminate ADT variables, but the additional constraints it discovers are often very beneficial to the CHC solvers when trying to check the satisfiability of a given set of clauses, thereby enhancing their ability to verify program properties. In order to define a class of CHCs for which our transformation algorithm always terminates, we have considered predicates for expressing properties that are catamorphisms , that is, predicates that are total and functional with respect to some of their arguments, and have a somewhat restricted recursive structure. Experimental Evaluation We have implemented algorithm ${\mathit T}_{\mathit{mq}}$ in a tool, called VeriCaT$_{mq}$, which extends VeriCaT [ 4 ] by guaranteeing a sound and complete transformation. VeriCaT$_{mq}$ is based on: (i) VeriMAP [ 2 ] for transforming CHCs, and (ii) SPACER [ 6 ] (with Z3 4.11.2) to check the satisfiability of the transformed CHCs. We have considered 170 problems, as sets of CHCs, with 470 queries in total, equally divided between the class of satisfiable (sat) problems and unsatisfiable (unsat) problems (for each class we have 85 problems and 235 queries). The problems we considered refer to programs that manipulate: (i) lists of integers by performing concatenation, permutation, reversal, and sorting, and (ii) binary search trees, by inserting and deleting elements. For list manipulating programs, we have considered properties encoded by catamorphisms such as: list length, minimum and maximum element, sum of elements, list content as sets or multisets of elements, and list sortedness (in ascending or descending order). For trees, we have considered tree size, tree height, minimum and maximum element, tree content and the binary search tree property. In addition to satisfiable problems, we have also considered unsatisfiable problems that have been obtained from their satisfiable counterparts by introducing bugs in the programs: for instance, by not inserting an element in a list, or adding an extra constraint, or replacing a non-empty tree by an empty one. In summary, VeriCaT$_{mq}$ was able to prove all the 170 considered problems whereas SPACER was able to prove the properties of 84 'unsat' problems out of 85, and none of the 'sat' problems. The total time needed for transforming the CHCs was 275 seconds (1.62 s per problem, on average), and checking the satisfiability of the transformed CHCs took about 174 s in total (about 1s average time, 0.10 s median time). For comparison, SPACER took 30.27 s for checking the unsatisfiability of 84 problems (0.36 s average time, 0.15 s median time). The benchmark and the tool are available at https://fmlab.unich.it/vericatmq . Table 1: Programs and problems proved by SPACER and VeriCaT$_{mq}$. Program Problems Queries Spacer VeriCaT$_{mq}$ sat unsat sat unsat List Membership 2 6 0 1 1 1 List Permutation 8 24 0 4 4 4 List Concatenation 18 18 0 8 9 9 Reverse 20 40 0 10 10 10 Double Reverse 4 12 0 2 2 2 Reverse w/Accumulator 6 18 0 3 3 3 Bubblesort 12 36 0 6 6 6 Heapsort 8 48 0 4 4 4 Insertionsort 12 24 0 6 6 6 Mergesort 18 84 0 9 9 9 Quicksort (version 1) 12 38 0 6 6 6 Quicksort (version 2) 12 36 0 6 6 6 Selectionsort 14 42 0 7 7 7 Treesort 4 20 0 2 2 2 Binary Search Tree 20 24 0 10 10 10 Total 170 470 0 84 85 85 For instance, for all the list sorting programs we have considered (Bubblesort, Heapsort, Insertionsort, Mergesort, Quicksort, Selectionsort and Treesort), VeriCaT$_{mq}$ was able to prove properties stating that the output list is sorted and has the same multiset of elements of the input list. Similarly, VeriCaT$_{mq}$ was able to prove that those properties do not hold, if extra elements are added to the output list, or some elements are not copied from the input list to the output list, or a wrong comparison operator is used. The results obtained by the prototype implementation of our method are encouraging and show that, when used in combination with state-of-the-art CHC solvers, it can greatly improve their effectiveness to prove satisfiability of sets of CHCs with multiple queries, while it does not inhibit their remarkable ability to prove unsatisfiability, although some extra time due to the transformation process may be required. Full details about the contributions of this paper can be found in the original publication [ 3 ]. Bibliography E. De Angelis, F. Fioravanti, J. P. Gallagher, M. V. Hermenegildo, A. Pettorossi & M. Proietti (2022): Analysis and Transformation of Constrained Horn Clauses for Program Verification . Theory and Practice of Logic Programming 22(6), pp. 974–1042, doi: 10.1017/S1471068421000211 . E. De Angelis, F. Fioravanti, A. Pettorossi & M. Proietti (2014): VeriMAP: A Tool for Verifying Programs through Transformations . In: Tools and Algorithms for the Construction and Analysis of Systems, TACAS '14, Lecture Notes in Computer Science 8413, Springer, pp. 568–574, doi: 10.1007/978-3-642-54862-8_47 . E. De Angelis, F. Fioravanti, A. Pettorossi & M. Proietti (2023): Multiple Query Satisfiability of Constrained Horn Clauses . In M. Hanus & D. Inclezan, editors: Practical Aspects of Declarative Languages - 25th International Symposium, PADL 2023, Boston, MA, USA, Proceedings, Lecture Notes in Computer Science 13880, Springer, pp. 125-143, doi: 10.1007/978-3-031-24841-2_9 . E. De Angelis, M. Proietti, F. Fioravanti & A. Pettorossi (2022): Verifying Catamorphism-Based Contracts using Constrained Horn Clauses . Theory and Practice of Logic Programming 22(4), pp. 555–572, doi: 10.1017/S1471068422000175 . H. Hojjat & Ph. Rümmer (2018): The ELDARICA Horn Solver . In: Formal Methods in Computer Aided Design, FMCAD '18, IEEE, pp. 1–7, doi: 10.23919/FMCAD.2018.8603013 . A. Komuravelli, A. Gurfinkel & S. Chaki (2016): SMT-Based Model Checking for Recursive Programs . Formal Methods in System Design 48(3), pp. 175–205, doi: 10.1007/s10703-016-0249-4 . Towards a Representation of Decision Theory Problems with Probabilistic Answer Set Programs Damiano Azzolini ( University of Ferrara ) Elena Bellodi ( University of Ferrara ) Fabrizio Riguzzi ( University of Ferrara ) Abstract Probabilistic Answer Set Programming under the Credal Semantics is a recently introduced formalism to express uncertainty with answer set programming where the probability of a query is described by a range. We propose to extend it to encode decision theory problems. Encoding Probabilistic Answer Set Programming under the Credal Semantics [ 5 ] extends answer set programming [ 3 ] with ProbLog [ 6 ] probabilistic facts of the form \(\Pi::f\), where \(\Pi\) is a floating point value (between 0 and 1) representing the probability of \(f\) of being true. A selection of a truth value for every probabilistic fact identifies a world whose probability is the product of the probabilities of the probabilistic facts true times the product of one minus the probability of every probability fact false. In formula: $$ P(w) = \prod_{f_i \ \text{true} \in w} \Pi_i \cdot \prod_{f_i \ \text{false} \in w} (1-\Pi_i). $$ In Probabilistic Logic Programming [ 6 ] (PLP), a world is a Prolog program, so it has exactly one model. In Probabilistic Answer Set Programming under the credal semantics (PASP), every world is an answer set program [ 8 ], so it has zero or more (stable) models. Every world is required to have at least one stable model. In PASP, the probability of a query (i.e., a conjunction of ground atoms) is represented with a probability range, composed of a lower and upper bound. A world contributes to both the lower and upper bounds if the query is true in every answer set while it contributes only to the upper bound if it is true in some of the answer sets. That is, \(P(q) = [\underline{P}(q), \overline{P}(q)]\) where $$ \underline{P}(q) = \sum_{w_i \mid \forall m \in AS(w_i), \ m \models q} P(w_i),\ \overline{P}(q) = \sum_{w_i \mid \exists m \in AS(w_i), \ m \models q} P(w_i). $$ The probability bounds can be computed with, for example, the tool described in [ 1 ]. The DTProbLog framework [ 4 ] allows to express decision theory problems with a ProbLog [ 6 ] program. It introduces a set \(U\) of utility atoms of the form \(utility(a,r)\) where \(r\) is the reward obtained to satisfy \(a\) (i.e., when \(a\) is true) and a set of decision atoms \(D\). Every subset of decision atoms defines a strategy \(\sigma\) (a ProbLog program) and its utility is computed as $$ Util(\sigma) = \sum_{(a,r) \in U} r \cdot P_{\sigma}(a) $$ where \(P_{\sigma}(a)\) is the probability of \(a\) computed in the ProbLog program identified by fixing the decision atoms in \(\sigma\) to true. The goal is to find the strategy \(\sigma^*\) that maximizes the utility, i.e., \(\sigma^* = argmax_{\sigma}Util(\sigma)\). We apply this framework to PASP, where every world has one or more stable models. Thus, the utility is described by a lower and an upper bound: $$ Util(\mathcal{\sigma}) = \left[\underline{Util}(\mathcal{\sigma}), \overline{Util}(\mathcal{\sigma})\right] = \left[ \sum_{(a,r) \in U} r \cdot \underline{P}_{\sigma}(a),\sum_{(a,r) \in U} r \cdot \overline{P}_{\sigma}(a) \right] $$ We have now to select whether to optimize the lower or upper utility, and so there are two possible goals: $$ \sigma^{*} = argmax_{\sigma}(\underline{Util}(\sigma)). $$ or $$ \sigma^{*} = argmax_{\sigma}(\overline{Util}(\sigma)). $$ depending on the considered target probability. Note that with this representation the lower utility can be greater than the upper utility, when, for example, there are both positive and negative rewards. We consider here only the strategies where the lower utility is less or equal than the upper utility. To clarify, consider this simple program: 0.7::pa. 0.2::pb. decision da. decision db. utility(r0,3). utility(r1,-11). r0:- pa, da. r0;r1:- pb, db. \(pa\) and \(pb\) are two probabilistic facts and \(da\) and \(db\) two decision atoms. The rewards we get to satisfy \(r0\) and \(r1\) are respectively 3 and -11. There are 4 possible strategies (no decision atoms selected, only one decision atom selected, and both decision atoms selected). Each of these have 4 worlds (no probabilistic facts true, only one probabilistic fact true, and both probabilistic facts true). If we consider the strategy \(\sigma_{da} = \{da\}\), we have \(P_{\sigma_{da}}(r0) = [0.7,0.7]\) and \(P_{\sigma_{da}}(r1) = [0,0]\) (only the first rule is considered), and \(Util(\sigma_{da}) = [3 \cdot 0.7 + (-11) \cdot 0,3 \cdot 0.7 + (-11) \cdot 0] = [2.1,2.1]\). If we repeat this process for all the strategies and we consider the upper utility as target, we get that \(\sigma_{da} = \{da\}\) is the one that maximizes the upper utility. A naive algorithm consists in enumerating all the possible strategies and then computing the lower and upper probability for every decision atom [ 1 ]. However, this clearly cannot scale, since the number of possible strategies is \(2^{|D|}\). Moreover, the algorithm of [ 1 ] adopts enumeration of stable models and projection on probabilistic facts [ 7 ], that also requires the generation of an exponential number of answer sets. Thus, a practical solution should adopt both approximate methods for the generation of the possible strategies and for inference. For the former, greedy algorithms such as genetic algorithms [ 9 ] can be a possible solution. For inference, approximate methods based on sampling, such as the one proposed in [ 2 ] can be of interest. Acknowledgements This research was partly supported by TAILOR, a project funded by EU Horizon 2020 research and innovation programme under GA No. 952215. References Damiano Azzolini, Elena Bellodi, and Fabrizio Riguzzi (2022): Statistical Statements in Probabilistic Logic Programming. In Georg Gottlob, Daniela Inclezan, and Marco Maratea, editors: Logic Programming and Non-monotonic Reasoning, Springer International Publishing, Cham, pp. 43-55, doi: 10.1007/978-3-031-15707-3_4 . Damiano Azzolini, Elena Bellodi, and Fabrizio Riguzzi (2023): Approximate Inference in Probabilistic Answer Set Programming for Statistical Probabilities. In Agostino Dovier, Angelo Montanari, and Andrea Orlandini, editors: AIxIA 2022 - Advances in Artificial Intelligence, Springer International Publishing, Cham, pp. 33-46, doi: 10.1007/978-3-031-27181-6_3 . Gerhard Brewka, Thomas Eiter, and Miroslaw Truszczynski (2011): Answer Set Programming at a Glance. Communications of the ACM 54(12), pp. 92-103, doi: 10.1145/2043174.2043195 . Guy Van den Broeck, Ingo Thon, Martijn van Otterlo, and Luc De Raedt (2010): DTProbLog: A Decision-Theoretic Probabilistic Prolog. In Maria Fox and David Poole, editors: Proceedings of the Twenty-Fourth AAAI Conference on Artificial Intelligence, AAAI Press, pp. 1217-1222. Fabio Gagliardi Cozman and Denis Deratani Mauá (2020): The joy of Probabilistic Answer Set Programming: Semantics, complexity, expressivity, inference. International Journal of Approximate Reasoning 125, pp. 218-239, doi: 10.1016/j.ijar.2020.07.004 . Luc De Raedt, Angelika Kimmig, and Hannu Toivonen (2007): ProbLog: A Probabilistic Prolog and Its Application in Link Discovery. In Manuela M. Veloso, editor: 20th International Joint Conference on Artificial Intelligence (IJCAI 2007), 7, AAAI Press, pp. 2462-2467. Martin Gebser, Benjamin Kaufmann, and Torsten Schaub (2009): Solution Enumeration for Projected Boolean Search Problems. In Willem-Jan van Hoeve and John Hooker, editors: Integration of AI and OR Techniques in Constraint Programming for Combinatorial Optimization Problems, Springer Berlin Heidelberg, pp. 71-86, doi: 10.1007/978-3-642-01929-6_7 . Michael Gelfond and Vladimir Lifschitz (1988): The stable model semantics for logic programming. In: 5th International Conference and Symposium on Logic Programming (ICLP/SLP 1988), 88, MIT Press, pp. 1070-1080. Xin-She Yang (2021): Chapter 6 - Genetic Algorithms. In Xin-She Yang, editor: Nature-Inspired Optimization Algorithms (Second Edition), second edition edition, Academic Press, pp. 91-100, doi: 10.1016/B978-0-12-821986-7.00013-5 . The ICARUS-System for Interactive Coherence Establishment in Logic Programs Andre Thevapalan ( TU Dortmund, Germany ) Jesse Heyninck ( Open Universiteit, the Netherlands ) When modelling expert knowledge as logic programs, default negation is very useful, but might lead to there being no stable models. Detecting the exact causes of the incoherence in the logic program manually can become quite cumbersome, especially in larger programs. Moreover, establishing coherence requires expertise regarding the modelled knowledge as well as technical knowledge about the program and its rules. In this demo, we present the implementation of a workflow that enables knowledge experts to obtain a coherent logic program by modifying it in interaction with a system that explains the causes of the incoherence and provides possible solutions to choose from. Introduction Due to its declarative nature, and with the availability of both strong and default negation, answer set programming offers valuable features for the usage in real-world applications. But often knowledge bases are subject to change. Adding rules to a logic program is not as straightforward as it might seem. Due to its declarative nature, adding new information can easily lead to contradictory knowledge. Such contradictions can result from rules whose conclusions are contradictory while both their premises can potentially hold simultaneously. However, by using default negation, another form of inconsistency can appear which is called incoherence . Incoherent answer set programs do not possess answer sets. In many cases, though, the cause of the incoherence generally comprises only one or a couple of rules. Several approaches show how these causes can be found and which part of the programs are affected and thus have to be revised in order to restore the coherence of a program ([ 4 ][ 5 ][ 10 ]). These approaches do not describe, however, how to establish coherence. In recent work ([ 11 ]), we have defined a method that offers strategies for computing suitable solutions without the need for additional information from the user and which in turn can be used to enable implementations where coherence can be interactively established in collaboration with an expert. This method is based on results on coherence in argumentation graphs ([ 10 ]) for normal logic programs which in turn enables us to locate those parts of the program that are responsible for the incoherence. Figure 1: Amendment Workflow The ICARUS-System We implemented the framework from ([ 11 ]) in a prototype system 1 . In this section, we describe and illustrate this implementation. Figure 1 shows the general workflow that is implemented in this prototype for establishing the coherence in a given incoherent program $\cal{P}$. In the following, we will describe the general workflow for this application, and how it helps the knowledge expert to gradually restore coherence. For this consider the following program $\cal{P^1}$ inspired by the medical domain will be used as a running example 2 : $r_1 : fever \leftarrow highTemp, {\sim}sunstrk.$ $r_2 : fatigue \leftarrow lowEnergy, {\sim}stress, {\sim}sports.$ $r_3 : highTemp \leftarrow temp > 37.$ $r_4 : sunstrk \leftarrow highTemp, {\sim}fever.$ $r_5 : allrg \leftarrow pollenSeason, fatigue, {\sim}flu, {\sim}cold.$ $r_6 : cold \leftarrow fatigue, soreThroat, {\sim}migrn.$ $r_7 : flu \leftarrow fatigue, {\sim}migrn.$ $r_8 : migrn \leftarrow headache, {\sim}allrg.$ $r_9 : soreThroat.$ $r_{10} : headache.$ $r_{11} : pollenSeason.$ $r_{12} : lowEnergy.$ $r_{13} : temp > 37.$ Figure 2: SCUP visualisation Figure 3: Amendment selection Figure 4: Explanation component The process starts with the knowledge expert providing an extended logic program ([ 7 ]), e.g. $P^1$, via the interface 3 . For each $P^i$, the regular models are computed using an ASP encoding for abstract argumentation frameworks presented in ([ 8 ]). If the program is already coherent, the total stable interpretations are shown accordingly. If not, the user can choose the regular model $M^i$ that is closest to an intended total stable interpretation of $P$ (see Figure 2 (1)). On the basis of the labelling that corresponds to $M^i$, the argumentation graph for $P^i$ is computed and shown to the user alongside the subgraphs responsible for incoherence (called SCUPS ) (see Figure 2 (2)). The system then displays the argumentation graph, where nodes are coloured according to their label where gray nodes stand for undefined atoms, green ones for true atoms, and red nodes for false atoms. Likewise, nodes that are part of a SCUP have red dashed border. Figure 2 shows that $P^1$ contains a SCUP involving the atoms $allrg$, $cold$, $flu$, and $migrn$. The user is then shown the list of SCUPs and can choose the SCUP they want to resolve (first) (see Figure 2 (3)). For the chosen SCUP, the interface shows all involved atoms and rules (see Figure 2 (4)). Advantage is taken of the high explanatory potential of computational argumentation by implementing explanation methods inspired by the dialogue games for argumentation ([ 2 ][ 3 ]) to explain (non-)acceptability of atoms in a regular model, via the explanation of the (non-)acceptability of an argument for that atom w.r.t. the corresponding preferred labelling of the argumentation framework. This component contains explanations for the label of each atom (set) in ${\tt AF}(\cal{P}^i)$. It uses an approach derived from argumentative dialogue games to tackle the following explanation task: Given the regular interpretation $\langle I, I'\rangle$ of $\cal{P}$ and $A\in\cal{A}$, explain ${\tt Int2Lab}(\langle I, I'\rangle)({\sim}A)$. If the user wishes to see explanations for the labels of certain atom sets, they can choose the respective set in this component (see Figure 4 (1)). For the chosen atom set, the application will present the list of their attackers and explain each of their labels. It furthermore shows the rules that are associated with the atom set and their labelling. Figure 4 (2) shows the explanation why the assumption ${\sim}allrg$ is labelled undecided in the chosen model. If an explanation for an attacker is additionally available, the user can analyze these as well. In Figure 4 (3) the presented explanation is illustrated if the user decides to inspect the attackers of ${\sim}cold$. In a next step, on the basis of the explanations for the labelling of ${\tt AF}(\cal{P}^i )$, the user can explore the amendments that are suitable for resolving for resolution of the chosen SCUP. The amendments are computed using the approach defined in ([ 11 ]). The list of amendments can additionally be filtered by a strategy as even relatively small programs can have a vast amount of possible amendments (see Figure 3). For each amendment, its used strategy, the amended rule and amendment are shown. The chosen amendment is directly applied on the given input program $P^i$ and the modified program $\cal{P}^{i+1}$ is solved. In our running example, applying the first suggested amendment that is shown in Figure 3 would replace $r_7$ in $\cal{P}^1$ by a fact ${\sim}migrn.$, which results in a coherent program as this modification dissolves the unique SCUP in $\cal{P}^1$. If otherwise $\cal{P}^{i+1}$ is still incoherent, the remaining SCUPs can be resolved by starting a new iteration of this process again with the modified program $\cal{P}^{i+1}$. The result of this workflow is a coherent program $\cal{P}^n$ that represents professionally adequate knowledge. The presented system was implemented using Python 3.10 and clingo 5.6 ([ 6 ]) with asprin 3.1.2beta ([ 9 ]). 1 The implementation is available on icarus.cs.tu-dortmund.de . 2 Here, the atoms $sunstrk$, $migrn$ and $allrg$ denote that a person suffers from a sunstroke, migraine, or allergies, respectively. 3 Future work will include the support of ASP extensions such as aggregates and cardinality atoms ([ 1 ]). 14th of August, 2023 Andre Thevapalan Jesse Heyninck References Gerhard Brewka & Thomas Eiter (1999): Preferred Answer Sets for Extended Logic Programs . In: Artif. Intell. 109(1-2), pp. 297-356, doi: 10.1016/S0004-3702(99)00015-6 . Martin Caminada (2017): Argumentation semantics as formal discussion . In: Journal of Applied Logics 4(8), pp. 2457-2492. Martin WA Caminada, Wolfgang Dvořák & Srdjan Vesic (2014): Preferred semantics as socratic discussion . In: Journal of Logic and Computation 26(4), pp. 1257-1292, doi: 10.1093/logcom/exu005 . Stefania Costantini (2006): On the existence of stable models of non-stratified logic programs . In: Theory Pract. Log. Program. 6(1-2), pp. 169-212, doi: 10.1017/S1471068405002589 . Stefania Costantini, Benedetto Intrigila & Alessandro Provetti (2003): Coherence of updates in answer set programming . In: Proc. of the IJCAI-2003 Workshop on Nonmonotonic Reasoning, Action and Change, pp. 66-72. Martin Gebser, Roland Kaminski, Benjamin Kaufmann & Torsten Schaub (2019): Multi-shot ASP solving with clingo . In: Theory Pract. Log. Program. 19(1), pp. 27-82, doi: 10.1017/S1471068418000054 . Michael Gelfond & Vladimir Lifschitz (1991): Classical Negation in Logic Programs and Disjunctive Databases . In: New Gener. Comput. 9(3/4), pp. 365-386, doi: 10.1007/BF03037169 . Tuomo Lehtonen, Johannes Peter Wallner & Matti Järvisalo (2021): Declarative Algorithms and Complexity Results for Assumption-Based Argumentation . In: J. Artif. Intell. Res. 71, pp. 265-318, doi: 10.1613/jair.1.12479 . Javier Romero (2017): asprin: Answer Set Programming with Preferences . In: In Bernhard Mitschang, Norbert Ritter, Holger Schwarz, Meike Klettke, Andreas Thor, Oliver Kopp & Matthias Wieland, editors: Datenbanksysteme für Business, Technologie und Web (BTW 2017), 17. Fachtagung des GI-Fachbereichs ""Datenbanken und Informationssysteme"" (DBIS), 6.-10. März 2017, Stuttgart, Germany, Workshopband, LNI P-266, GI, pp. 159-162. Available at dl.gi.de/20.500.12116/910 . Claudia Schulz & Francesca Toni (2018): On the responsibility for undecisiveness in preferred and stable labellings in abstract argumentation . In: Artif. Intell. 262, pp. 301-335, doi: 10.1016/j.artint.2018.07.001 . Andre Thevapalan, Jesse Heyninck & Gabriele Kern-Isberner (2021): Establish Coherence in Logic Programs Modelling Expert Knowledge via Argumentation . In: Joaquín Arias, Fabio Aurelio D'Asaro, Abeer Dyoub, Gopal Gupta, Markus Hecher, Emily LeBlanc, Rafael Peñaloza, Elmer Salazar, Ari Saptawijaya, Felix Weitkämper & Jessica Zangari, editors: Proceedings of the International Conference on Logic Programming 2021 Workshops co-located with the 37th International Conference on Logic Programming (ICLP 2021), Porto, Portugal (virtual), September 20th-21st, 2021, CEUR Workshop Proceedings 2970, CEUR-WS.org. Available at ceur-ws.org/Vol-2970/causalpaper4.pdf . On the Development of PASTA: Inference in Probabilistic Answer Set Programming under the Credal Semantics Damiano Azzolini ( University of Ferrara ) Abstract PASTA is a novel framework to perform inference, both exact and approximate, in Probabilistic Answer Set Programming under the Credal Semantics and to solve other related tasks, such as abduction, decision theory, maximum a posteriori inference, and parameter learning. Moreover, it also allows the expression of statistical statements. This paper shows the overall structure of the PASTA tool as well as some of the main options. Description Answer Set Programming (ASP) is a logic-based language useful in describing complex combinatorial domains. Most of ASP research focuses on deterministic programs. There are some semantics that extend ASP and allow uncertainty on data, mainly LPMLN [ 15 ], P-log [ 7 ], and the credal semantics [ 9 ]. The PASTA tool considers the last. A probabilistic answer set program under the credal semantics is an answer set program extended with probabilistic facts [ 10 ], i.e., constructs of the form \(\Pi::a.\) where \(a\) is an atom and \(\Pi \in [0,1]\) is its probability value. The intuitive meaning is that \(a\) is true with probability \(\Pi\). We assume that probabilistic facts cannot appear as head of rules. The following is an example of a program: 0.4:: a. 0.7:: b. qr : - a. qr ; nqr : - b. A selection of a truth value for every probabilistic fact defines a world \(w\), i.e., an answer set program, whose probability can be computed as \(P(w) = \prod_{f_i \ \text{selected}} \Pi_i \cdot \prod_{f_i \ \text{not selected}} (1-\Pi_i)\). The previously shown program has \(2^2 = 4\) worlds. The probability of the world, for example, where both \(a\) and \(b\) are true is \(0.4 \cdot 0.7 = 0.28\). Since every world is an answer set program [ 14 ], every world has zero or more answer sets. The credal semantics requires that every world has at least one answer set. The probability of a query (conjunction of ground atoms) \(P(q)\) is defined by a range, with a lower and upper probability, i.e., \(P(q) = [\underline{P}(q),\overline{P}(q)]\). A world contributes to the upper probability if it has at least one answer set where the query is true and it contributes to both the lower and upper probability if the query is true in all the answer sets. That is, the lower probability is the sum of the probabilities of the worlds where the query is true in all the answer sets while the upper probability is the sum of the probabilities of the worlds where the query is true in at least one answer set. In formula \begin{equation} \underline{P}(q) = \sum_{w_i \mid \forall m \in AS(w_i), \ m \models q} P(w_i),\ \overline{P}(q) = \sum_{w_i \mid \exists m \in AS(w_i), \ m \models q} P(w_i). \end{equation} Consider the query \(qr\) in the previous program. The world where both \(a\) and \(b\) are false has one empty answer set, so it does not contribute to the probability. The world where \(a\) is false and \(b\) is true has two answer sets, \(\{\{b \ qr\}, \{b \ nqr\}\}\). The query is true in only one of the two, so we have a contribution only to the upper probability of \(0.6 \cdot 0.7 = 0.42\). The world where \(a\) is true and \(b\) is false has one answer set, \(\{\{a \ qr\}\}\). The query is true in all the answer sets, so we have a contribution of \(0.4 \cdot 0.3 = 0.12\) to both the lower and upper probability. Lastly, the world where both \(a\) and \(b\) are true has one answer set, \(\{\{a \ b \ qr\}\}\). The query is true in all the answer sets, so we have a contribution of \(0.4 \cdot 0.7 = 0.28\) to both the lower and upper probability. Overall, \(P(q) = [0.12 + 0.28, 0.42 + 0.12 + 0.28] = [0.4, 0.82]\). Currently, the PASTA tool performs exact inference [ 2 ], whose algorithm is based on projected answer set enumeration [ 13 ], approximate inference via sampling [ 3 ], abduction [ 1 ] (i.e., computing the minimal set, in terms of set inclusion, of abducible facts such that the probability of the query is maximized), MAP/MPE [ 5 ] (finding an assignment to a subset of probabilistic facts that maximizes the sum of the probabilities of the identified worlds while evidence is satisfied), decision theory [ 6 ] (finding a subset of decision atoms that maximizes a reward), and parameter learning [ 4 ] (learning the probability of the probabilistic facts such that the likelihood of the examples is maximized). It allows to express statistical statements of the form [ 2 ] \((C | A)[\Pi_l, \Pi_u]\) meaning that the fraction of \(A\)s that are also \(C\)s is between \(\Pi_l\) and \(\Pi_u\). Moreover, it adopts normalization [ 11 ] to perform inference in probabilistic answer set programs where some worlds have no answer sets. That is, the lower and upper probability bounds are divided by the sum of the probabilities of the worlds with no answer sets. The system is written in Python, is open source, and is available on GitHub . It can be installed via the Python package installer pip and provides a command line interface with several options to select the task to solve. Moreover, a web interface exposes some of the most relevant options in a more intuitive way. It is also possible to use the system as a Python library. PASTA leverages the clingo ASP solver [ 12 ] to compute answer sets. The system is structured in multiple modules: the pasta module parses the command line arguments and selects the subsequent functions and methods to call. The generator module parses the program into an ASP version that can be interpreted by the clingo solver. The interface with clingo is managed by the asp_interface module and the resulting answer sets are analyzed with the models_handler module which also computes the various probabilities. There are some reserved keywords: \(abducible\), that denotes abducible facts in the context of abduction (for example, \(abducible\ a\) states that the atom \(a\) is an abducible); \(map\), that denotes facts to be considered for the MAP/MPE task (for example, \(map\ 0.4::a\) states that \(a\) is a probabilistic fact whose probability is 0.4 and that can be selected to be included in the solution set for the MAP/MPE task); and \(decision\) and \(utility\), that mark decision facts and utility attributes [ 8 ] for the decision theory task (for example, \(decision\ a\) states that \(a\) is a decision atom and \(utility(f,2.3)\) states that the reward obtained when \(f\) is true is 2.3). Acknowledgements This research was partly supported by TAILOR, a project funded by EU Horizon 2020 research and innovation programme under GA No. 952215. References Damiano Azzolini, Elena Bellodi, Stefano Ferilli, Fabrizio Riguzzi, and Riccardo Zese (2022): Abduction with probabilistic logic programming under the distribution semantics. International Journal of Approximate Reasoning 142, pp. 41-63, doi: 10.1016/j.ijar.2021.11.003 . Damiano Azzolini, Elena Bellodi, and Fabrizio Riguzzi (2022): Statistical Statements in Probabilistic Logic Programming. In Georg Gottlob, Daniela Inclezan, and Marco Maratea, editors: Logic Programming and Non-monotonic Reasoning, Springer International Publishing, Cham, pp. 43-55, doi: 10.1007/978-3-031-15707-3_4 . Damiano Azzolini, Elena Bellodi, and Fabrizio Riguzzi (2023): Approximate Inference in Probabilistic Answer Set Programming for Statistical Probabilities. In Agostino Dovier, Angelo Montanari, and Andrea Orlandini, editors: AIxIA 2022 - Advances in Artificial Intelligence, Springer International Publishing, Cham, pp. 33-46, doi: 10.1007/978-3-031-27181-6_3 . Damiano Azzolini, Elena Bellodi, and Fabrizio Riguzzi (2023): Learning the Parameters of Probabilistic Answer Set Programs. Damiano Azzolini, Elena Bellodi, and Fabrizio Riguzzi (2023): MAP Inference in Probabilistic Answer Set Programs. In Agostino Dovier, Angelo Montanari, and Andrea Orlandini, editors: AIxIA 2022 - Advances in Artificial Intelligence, Springer International Publishing, Cham, pp. 413-426, doi: 10.1007/978-3-031-27181-6_29 . Damiano Azzolini, Elena Bellodi, and Fabrizio Riguzzi (2023): Towards a Representation of Decision Theory Problems with Probabilistic Answer Set Programs. Chitta Baral, Michael Gelfond, and Nelson Rushton (2009): Probabilistic reasoning with answer sets. Theory and Practice of Logic Programming 9(1), pp. 57-144, doi: 10.1017/S1471068408003645 . Guy Van den Broeck, Ingo Thon, Martijn van Otterlo, and Luc De Raedt (2010): DTProbLog: A Decision-Theoretic Probabilistic Prolog. In Maria Fox and David Poole, editors: Proceedings of the Twenty-Fourth AAAI Conference on Artificial Intelligence, AAAI Press, pp. 1217-1222. Fabio Gagliardi Cozman and Denis Deratani Mauá (2020): The joy of Probabilistic Answer Set Programming: Semantics, complexity, expressivity, inference. International Journal of Approximate Reasoning 125, pp. 218-239, doi: 10.1016/j.ijar.2020.07.004 . Luc De Raedt, Angelika Kimmig, and Hannu Toivonen (2007): ProbLog: A Probabilistic Prolog and Its Application in Link Discovery. In Manuela M. Veloso, editor: 20th International Joint Conference on Artificial Intelligence (IJCAI 2007), 7, AAAI Press, pp. 2462-2467. Daan Fierens, Guy Van den Broeck, Maurice Bruynooghe, and Luc De Raedt (2012): Constraints for probabilistic logic programming. In Daniel M. Roy, Vikash K. Mansinghka, and Noah D. Goodman, editors: Proceedings of the NIPS Probabilistic Programming Workshop. Martin Gebser, Roland Kaminski, Benjamin Kaufmann, and Torsten Schaub (2019): Multi-shot ASP solving with clingo. Theory and Practice of Logic Programming 19(1), pp. 27-82, doi: 10.1017/S1471068418000054 . Martin Gebser, Benjamin Kaufmann, and Torsten Schaub (2009): Solution Enumeration for Projected Boolean Search Problems. In Willem-Jan van Hoeve, and John Hooker, editors: Integration of AI and OR Techniques in Constraint Programming for Combinatorial Optimization Problems, Springer Berlin Heidelberg, pp. 71-86, doi: 10.1007/978-3-642-01929-6_7 . Michael Gelfond and Vladimir Lifschitz (1988): The stable model semantics for logic programming. In: 5th International Conference and Symposium on Logic Programming (ICLP/SLP 1988), 88, MIT Press, pp. 1070-1080. Joohyung Lee and Yi Wang (2016): Weighted Rules under the Stable Model Semantics. In Chitta Baral, James P. Delgrande and Frank Wolter, editors: Principles of Knowledge Representation and Reasoning: Proceedings of the Fifteenth International Conference, KR 2016, Cape Town, South Africa, April 25-29, 2016, AAAI Press, pp. 145-154. Logical English Demonstration Robert Kowalski ( Department of Computing, Imperial College, London, UK ) Jacinto Dávila ( Universidad de Los Andes, Merida, Venezuela ) Abstract: Logical English (LE) is a natural language syntax for pure Prolog and other logic programming languages, such as ASP and s(CASP). Its main applications until now have been to explore the representation of a wide range of legal texts, helping to identify ambiguities, explore alternative representations of the same text, and compare the logical consequences of the alternatives. The texts include portions of loan agreements, accountancy law, Italian citizenship, EU law on criminal rights, International Swaps and Derivative contracts, and insurance contracts. The current implementation in SWI Prolog can be accessed at https://logicalenglish.logicalcontracts.com . Introduction to Logical English The basic form of LE is simply syntactic sugar for pure Prolog[ 2 ], with predicates written in infix form and declared by means of templates, as in: *a borrower* defaults on *a date* where asterisks delimit the argument places of the predicate. Variables are signalled by the use of one of the determiners ""a"", ""an"" or ""the"". An indefinite determiner, ""a"" or ""an"", introduces the first occurrence of a variable in a sentence. All later occurrences of the same variable in the same sentence are prefixed by the definite determiner ""the"". LE has only minimal linguistic knowledge of English. Its knowledge of English vocabulary is restricted to the determiners; the logical connectives ""if"", ""and"", ""or"" and ""it is not the case that""; the logical pattern ""for all cases in which — it is the case that —""; and the logical keyword ""that"". The keyword ""that"" identifies the use of a meta-predicate, for representing such ""propositional attitudes as prohibition, obligation, belief, desire, fear, notification, etc. Indentation, rather than parentheses, is used to indicate the relative strength of binding of the logical connectives. LE has virtually no knowledge of English grammar. In particular, it does not distinguish between singular and plural nouns and verbs, and it does not know about the relationship between the different tenses of verbs. Despite these restrictions, and because it has the same expressiveness as pure Prolog, it can be used to represent a broad range of knowledge, as shown by its application to the representation of legal texts [ 3 , 4 , 5 , 6 , 7 ]. Here is an example based on the loan agreement in [ 1 ]. The SWISH implementation of the example can be found at https://logicalenglish.logicalcontracts.com/p/new_loan_with_cure.pl . Ordinary English: The Borrower will be in default under this agreement upon the failure of the Borrower to fulfil any obligation of this agreement, provided the failure shall remain uncured within a period of two days after notice is given to the Borrower by the Lender of the failure (such an uncured event an ""Event of Default''). Logical English: the borrower defaults on a date D2 if the borrower has the obligation that an eventuality and the borrower fails to satisfy the obligation that the eventuality and the lender notifies the borrower on a date D1 that the borrower fails to satisfy the obligation that the eventuality and D2 is 2 days after D1 and it is not the case that the borrower cures on or before D2 the failure to satisfy the obligation that the eventuality. Prolog: defaults_on(the_borrower, A) :- has_the_obligation_that(the_borrower, B), fails_to_satisfy_the_obligation_that(the_borrower, B), notifies_on_that(the_lender, the_borrower, C, fails_to_satisfy_the_obligation_that(the_borrower, B)), is_days_after(A, 2, C), not cures_on_or_before_the_failure_to_satisfy_the_obligation_that(the_borrower, A, B). Notice that the original English suggests that an Event of Default occurs retroactively on the date D0 of the failure to fulfil an obligation. However, elsewhere the loan agreement states that ""upon the occurrence of an Event of Default all outstanding payments under this agreement will become immediately due and payable"". To avoid inconsistency, the LE version represents the intended interpretation as being that the default occurs on the date D2, two days after the notification of the failure on date D1. Figure 1: Rules and payment scenario Figure 1 illustrates a scenario, called ""payment"", in which the borrower fails to satisfy the obligations, on lines 22 and 23, to pay the lender 550 on 2015-06-01 and 525 on 2016-06-01. The lender does not notice the first failure, but notices the second failure, and gives notice to the borrower of the second failure on 2016-06-04. The borrower attempts to cure the failure, by paying the correct amount 525 and by notifying the lender of the payment within the two day period of grace. But unfortunately, the borrower notifies the lender incorrectly that the payment was made on the date of notification rather than on the date of payment. Figure 2: Querying LE Figure 2 illustrates the result of answering the combination of the stored query, called ""defaults"" with the scenario. An LE document can contain several stored scenarios and several stored queries, which can be combined in the SWISH query pane. The SWISH implementation also generates explanations in response to commands of the form answer(defaults, with(payment), le(E), R) as shown in figure 3. For VSC users there exist extensions for syntax highlighting and remote execution on a SWISH server. It is also possible to call the LE parser without the SWISH environment, as a standalone Prolog application. All the sources and further information are available at https://github.com/LogicalContracts/LogicalEnglish/ . Figure 3: Explanations in LE Acknowledgements Many thanks to Miguel Calejo, Galileo Sartor, Andrew Noble, John Cummins, Fariba Sadri and Nilokai Merritt for their support and contributions to this work. References Flood, M.D. and Goodenough, O.R., 2017. Contract as automaton: The computational representation of financial agreements. Office of Financial Research Working Paper, (15-04). doi: 10.1007/s10506-021-09300-9 Kowalski, R.: Logical English , In Proceedings of Logic and Practice of Programming (LPOP) (2020). http://www.info.ucl.ac.be/~pvr/LPOP_2020_proceedings.pdf . Kowalski, R., Datoo, A.: Logical English meets legal English for swaps and derivatives. Artificial Intelligence and Law, 30(2), 163-197 (2022). doi: 10.1007/s10506-021-09295-3 . Kowalski, R., Dávila, J., Calejo, M., Logical English for legal applications. XAIF, Virtual Workshop on Explainable AI in Finance (2021). Kowalski, R., Dávila, J., Sartor, G., Calejo, M.: Logical English for Law. In Proceedings of the Workshop on Methodologies for Translating Legal Norms into Formal Representations (LN2FR), JURIX, (2022). https://research.nii.ac.jp/~ksatoh/LN2FRproceedings.pdf Kowalski, R., Sadri, F., Calejo, M., Dávila, J.: Combining Logic Programming and Imperative Programming in LPS. In: Warren, D., Dahl, V., Eiter, T., Hermenegildo, M., Kowalski, R., Rossi, F. (eds.) Prolog - The Next 50 Years. LNCS, vol. 13900. Springer, Heidelberg (2023). Sartor, G., Dávila, J., Billi, M., Contissa, G., Pisano, G., Kowalski, R.: Integration of Logical English and s(CASP), 2nd Workshop on Goal-directed Execution of Answer Set Programs (GDE'22) (2022). https://ceur-ws.org/Vol-3193/paper5GDE.pdf ForgettingWeb Matti Berthold ( Universität Leipzig ) Matthias Knorr ( NOVA LINCS ) Daphne Odekerken ( Utrecht University ) Abstract The relatively young area of forgetting is concerned with the removal of selective information, while preserving other knowledge. This might be useful or even necessary, for example, to simplify a knowledge base or to tend legal requests. In the last few years, there has been an ample amount of research in the field, in particular with respect to logic programs, spanning from theoretical considerations to more practical applications, starting at the conceptual proposal of forgetting, to suggestions of properties that should be satisfied, followed by characterizations of abstract classes of operators that satisfy these properties, and finally the definition of concrete forgetting procedures. In this work we present novel Python implementations of all the forgetting procedures that have been proposed to date on logic programs. We provide them in a web interface, and hope to thereby give anybody who is interested a low-barrier overview of the landscape. An Overview While dynamics in knowledge representation are often examined with respect to the addition of new information, there is an increasing amount of research on how it may be removed. Forgetting , or variable elimination, seeks to make a knowledge base independent of elements of the underlying formal language, while keeping as many logical connections between the remaining elements as possible. Though it was initially proposed as a semantical notion over classical formulas [ 13 ], in the context of logic programming forgotten atoms are usually also required to be removed syntactically. More broadly, there have been several suggestions for properties that a plausible forgetting procedure should satisfy [ 5 , 6 , 12 , 14 , 15 , 16 ], cf. [ 10 ] for an extensive overview. Along the way, there have also been a number of suggestions for concrete syntactical transformations to forget atoms from a program [ 1 , 2 , 3 , 4 , 6 , 8 , 12 , 15 ] that satisfy some of the proposed properties, or at least satisfy them whenever possible [ 9 ]. The hope for such operators is to produce forgetting results that in some way resemble their origin, while avoiding a computational blow-up as much as possible. Given a semantic definition of a class of forgetting operators, e.g. [ 7 , 11 ], the construction of a program from the desired HT-models remains a baseline that can be employed to confirm the existence of a concrete forgetting operator [ 5 ]. The definitions of the syntactic forgetting procedures are rather involved, sometimes spanning over several pages of text. In order to make them more accessible, we compiled encodings as well as short explanations, of the operators (those that are defined over logic programs) and the construction of canonical programs into a web interface. We hope to thereby give anybody who is interested a good overview of the material. ForgettingWeb can be accessed here . Its source code is available here . Figure 1 Screenshot of ForgettingWeb. A screenshot of the interface is shown in Figure 1. In the leftmost column, users can specify a logic program and the atoms to be forgotten, or select a predefined sample input. Subsequently, they select the forgetting operator of their choice from the dropdown in the middle column. These are implementations from operators proposed in the literature. For more details, the user presses the ""Operator Explanation"" button: this triggers a pop-up with an explanation of the operator and a reference to the paper in which it was proposed. After pressing the ""Forget it!"" button, the result program appears in the rightmost column. An input program P is specified by one rule per line, where the head atoms are separated by ` ; ', the head and the body are separated by ` :- ', and the body literals are separated by commas. As negation signs both the traditional ` not ' and the shorter ` ~ ' can be used. No dot at the end of a rule is required. The atoms of the forgetting set V are separated by commas. In the ``Result'' column on the right side, the new program has the same syntax as the input program. The input of the counter-models construction aux_{cm} are tuples with delimiters ` < ' and ` > ', e.g.: <ab,ab><a,ab><b,ab><,ab> <a,a><,> Each character within an element of a tuple is assumed to be a single element of a set. Acknowledgements The authors have been arranged alphabetically. The authors acknowledge the financial support by the Federal Ministry of Education and Research of Germany and by the Sächsische Staatsministerium für Wissenschaft Kultur und Tourismus in the program Center of Excellence for AI-research ""Center for Scalable Data Analytics and Artificial Intelligence Dresden/Leipzig"", project identification number: ScaDS.AI. This work was partially supported by FCT project FORGET (PTDC/CCI-INF/32219/2017) and by FCT project NOVA LINCS (UIDB/04516/2020). References F. Aguado, P. Cabalar, J. Fandinno, D. Pearce, G. Pérez & C. Vidal (2022): A polynomial reduction of forks into logic programs . Artif. Intell. 308, pp. 103712, doi: 10.1016/j.artint.2022.103712 . F. Aguado, P. Cabalar, J. Fandinno, D. Pearce, G. Pérez & C. Vidal (2022): Syntactic ASP Forgetting with Forks . In: Proceedings of (LPNMR-22), Lecture Notes in Computer Science 13416. Springer, pp. 3–15, doi: 10.1007/978-3-031-15707-3_1 . M. Berthold (2022): On Syntactic Forgetting with Strong Persistence . In: Proceedings of (KR-22), doi: 10.24963/kr.2022/5 . M. Berthold, R. Gonçalves, M. Knorr & J. Leite (2019): A Syntactic Operator for Forgetting that Satisfies Strong Persistence . Theory and Practice of Logic Programming 19(5-6), pp. 1038-1055, doi: 10.1017/S1471068419000346 . P. Cabalar & P. Ferraris (2007): Propositional theories are strongly equivalent to logic programs . Theory and Practice of Logic Programming 7(6), pp. 745–759, doi: 10.1017/S1471068407003110 . J.P. Delgrande & K. Wang (2015): A Syntax-Independent Approach to Forgetting in Disjunctive Logic Programs . In: Proceedings of (AAAI-15), pp. 1482–1488, doi: 10.1609/aaai.v29i1.9402 . T. Eiter & K. Wang (2008): Semantic forgetting in answer set programming . Artificial Intelligence 172(14), pp. 1644–1672, doi: 10.1016/j.artint.2008.05.002 . R. Gonçalves, T. Janhunen, M. Knorr, J. Leite & S. Woltran (2019): Forgetting in Modular Answer Set Programming . In: Proceedings of (AAAI-19). AAAI Press, pp. 2843–2850, doi: 10.1609/aaai.v33i01.33012843 . R. Gonçalves, T. Janhunen, M. Knorr & J. Leite (2021): On Syntactic Forgetting Under Uniform Equivalence . In: Proceedings of (JELIA-21), Lecture Notes in Computer Science 12678. Springer, pp. 297–312, doi: 10.1007/978-3-030-75775-5_20 . R. Gonçalves, M. Knorr & J. Leite (2016): The Ultimate Guide to Forgetting in Answer Set Programming . In: Proceedings of (KR-16), pp. 135–144. R. Gonçalves, M. Knorr & J. Leite (2016): You Can't Always Forget What You Want: On the Limits of Forgetting in Answer Set Programming . In: Proceedings of (ECAI-16), pp. 957–965, doi: 10.3233/978-1-61499-672-9-957 . R. Gonçalves, M. Knorr, J. Leite & S. Woltran (2017): When you must forget: Beyond strong persistence when forgetting in answer set programming . Theory and Practice of Logic Programming 17(5-6), pp. 837–854, doi: 10.1017/S1471068417000382 . M. Knorr & J.J. Alferes (2014): Preserving Strong Equivalence while Forgetting . In: Proceedings of (JELIA-14), LNCS 8761. Springer, pp. 412–425, doi: 10.1007/978-3-319-11558-0_29 . F. Lin & R. Reiter (1994): Forget it . In: Working Notes of AAAI Fall Symposium on Relevance, pp. 154–159. Y. Wang, K. Wang & M. Zhang (2013): Forgetting for Answer Set Programs Revisited . In: Proceedings of (IJCAI-13). IJCAI/AAAI, pp. 1162–1168. Available at http://www.aaai.org/ocs/index.php/IJCAI/IJCAI13/paper/view/6807 . Y. Wang, Y. Zhang, Y. Zhou & M. Zhang (2012): Forgetting in Logic Programs under Strong Equivalence . In: Proceedings of (KR-12). AAAI Press. Y. Zhang & N.Y. Foo (2006): Solving logic program conflict through strong and weak forgettings . Artificial Intelligence 170(8-9), pp. 739–778, doi: 10.1016/j.artint.2006.02.002 . Y. Zhang & Y. Zhou (2009): Knowledge forgetting: Properties and applications . Artificial Intelligence 173(16), pp. 1525–1537, doi: 10.1016/j.artint.2009.07.005 . Anthem-P2P: Automatically Verifying the Equivalent External Behavior of ASP Programs Zachary Hansen ( University of Nebraska Omaha ) Answer Set Programming (ASP) enables the solving of challenging search and optimization problems with concise, declarative programs. However, the most human-readable encoding does not always coincide with the most efficient encoding from the standpoint of grounding and solving. In the process of making a program more efficient the programmer may substantially refactor the initial program. The system presented here can automatically provide guarantees that the new versions adhere to the original ""specification"" version of the program. While refactoring is the primary intended use of this system, it can in general be used to confirm that certain pairs of ASP programs share the same external behavior under a given set of assumptions. Introduction The tool presented here is designed to support the development of correct logic programs under the stable model semantics. For a broad class of ""tight"" programs, Anthem-P2P can automatically provide a formal guarantee that a pair of programs have the same ""external behavior"". A precise definition of this concept may be found in [ 3 ]. Broadly speaking, two logic programs have equivalent external behavior if the extents of their output/shown predicates coincide for any inputs that conform to the intended use of the program. The Anthem-P2P system assists in the process of refactoring (modifying a program while preserving its external behavior), which is an important strategy in the construction of provably correct programs. One of the envisioned uses of this system is the following methodology. First, a highly declarative, human-readable program is shown to be correct via a meta-level proof (see, for instance [ 1 , 2 ]). Next, subsequent refactorings improving the program's efficiency at the expense of clarity can be proven to be equivalent via object-level proofs constructed by Anthem-P2P. The remainder of this paper presents the implementation details behind Anthem-P2P, the theoretical foundations and key concepts of which are studied in [ 3 ]. Using Anthem-P2P To get started with program-to-program verification, readers may wish to first visit the AP2P website . This website allows users to experiment with the Anthem-P2P system without installing its software sub-components such as Vampire ([ 5 ]) and Anthem ([ 4 ]) on their personal computers. The tool is also available for download . Figure 1 shows the text editing portion of the AP2P homepage, which is populated by default with an example showcasing equivalent prime numbers programs. Users may enter a time limit for the proof search process (one direction of which derives the original program from the alternative, the other direction derives the alternative from the original). The ""Verify Equivalence of Programs"" button invokes the Anthem-P2P system on a UNO server (Oracle Linux 8, 4 Intel(R) Xeon(R) Gold 6248 CPUs, 4 GB RAM) and displays the result. The GitHub repository contains a number of examples, which may be tested using variations of the following command: python3 anthem-p2p (program file) (program file) (user guide file) The preceding command may be optionally extended with the following arguments: -l (lemmas file) -t (time limit, seconds) -c (number of cores) System Design The system design of Anthem-P2P is summarized above. Given two logic programs written in the mini-GRINGO (Section 2, [ 4 ]) subset of the input language of Clingo, and a user guide written in a custom specification language (Section 5, [ 4 ]), Anthem-P2P will verify that the programs have equivalent external behavior under the assumptions of the user guide. This is accomplished by transforming the problem into an input (consisting of a logic program and a specification) to the system Anthem ([ 4 ]). This transformation is justified by the theory presented in [ 3 ]. Similarly, Anthem transforms the task of proving that a logic program implements a specification into a theorem-proving task for Vampire [ 5 ]. The proof search can often be accelerated by providing helper lemmas (optional) that direct the search. We now describe how the example shown in Figure 1 is processed by the system depicted in Figure 2. The first task of Anthem-P2P is to identify the public (input and output) predicates occurring in ""User Guide"" (in this case just ""prime/1""). Any predicates occurring in ""Original"" (""Alternative"") that are not public are considered private to that program. The pre-processing step creates new programs where private predicate constants are replaced with fresh predicate constants obtained by appending an ""_1"" to constants from Original and an ""_2"" to constants from Alternative. We will call the lists of such new predicates $\mathbf{p}$ and $\mathbf{q}$, respectively. In this example, $\mathbf{p} = \{composite\_1/1\}$ and $\mathbf{q} = \{composite\_2/1\}$. Next, Anthem is used to generate the formula representations of rules from ""New Original"". Specifically, we obtain the completed definitions ([ 4 ]) of predicates from $\mathbf{p}$ (call this list of formulas $\mathbf{a}$), and the completed definitions of public predicates from New Original (call this list of formulas $\mathbf{s}$). To $\mathbf{s}$ we also add the formula representations of constraints from New Original. ""Final specification"" is generated by extending the user guide with predicate symbols from $\mathbf{p}$ as input symbols, formulas from $\mathbf{a}$ as assumptions, and formulas from $\mathbf{s}$ as specs (conjectures that must be proven). The Anthem system is invoked a second time to verify that New Alternative implements Final Specification, which is equivalent to proving that Original and Alternative have the same external behavior under the assumptions of User Guide. Acknowledgements Thanks go to Yuliya Lierler and Vladimir Lifschitz for their feedback on this draft, and on this system as it was being developed. Thanks also to Nathan Temple for reporting the bugs he encountered while using early versions, and the College of IS&T for sponsoring the AP2P server. References Pedro Cabalar, Jorge Fandinno & Yuliya Lierler (2020): Modular Answer Set Programming as a Formal Specification Language . Theory and Practice of Logic Programming, doi: 10.1017/S1471068420000265 . Jorge Fandinno, Zachary Hansen & Yuliya Lierler (2022): Arguing Correctness of ASP Programs with Aggregates . In: Georg Gottlob, Daniela Inclezan & Marco Maratea: Logic Programming and Nonmonotonic Reasoning, Lecture Notes in Computer Science. Springer International Publishing, Cham, pp. 190-202, doi: 10.1007/978-3-031-15707-3_15 . Jorge Fandinno, Zachary Hansen, Yuliya Lierler, Vladimir Lifschitz & Nathan Temple (2023): External Behavior of a Logic Program and Verification of Refactoring . Theory and Practice of Logic Programming. Available at http://www.cs.utexas.edu/users/ai-labpub-view.php?PubID=127994 . Jorge Fandinno, Vladimir Lifschitz, Patrick Lühne & Torsten Schaub (2020): Verifying Tight Logic Programs with Anthem and Vampire . Theory and Practice of Logic Programming 20(5), pp. 735-750, doi: 10.1017/S1471068420000344 . Laura Kovács & Andrei Voronkov (2013): First-Order Theorem Proving and Vampire . In: Natasha Sharygina & Helmut Veith: Computer Aided Verification, Lecture Notes in Computer Science. Springer, Berlin, Heidelberg, pp. 1-35, doi: 10.1007/978-3-642-39799-8_1 . PySpArX - A Python Library for Generating Sparse Argumentative Explanations for Neural Networks Ioana Mihailescu ( Imperial College London ) Alan Weng ( Imperial College London ) Siddharth Sharma ( Imperial College London ) Mihnea Ghitu ( Imperial College London ) Dilshaan Grewal ( Imperial College London ) Khemi Chew ( Imperial College London ) Hamed Ayoobi ( Imperial College London ) Nico Potyka ( Imperial College London ) Francesca Toni ( Imperial College London ) Introduction The increasing use of data-centric techniques in autonomous intelligent systems in areas such as healthcare, automotive, and finance raises concerns about their predictions' reliability, fairness, and transparency. In the case of systems empowered by black-box machine learning models, the user has no access to the inner mechanics of the systems, thus making it essential to obtain a human-readable interface providing explanations of the models' operations. Explainable Artificial Intelligence (XAI) techniques aim to provide user-friendly explanations for models. SpArX (Sparse Argumentative Explanations for Neural Networks [2] ) is an XAI method that faithfully explains the mechanics of neural networks in the form of Multi-Layer Perceptrons (MLPs) by exploiting the correspondence between MLPs and Quantitative Argumentation Frameworks (QAF) [11] . Intuitively, QAFs are a form of argumentation framework amounting to weighted graphs that hold arguments as their nodes and relations (of attack or support) between arguments as their edges. To provide an explainable interface of MLPs using QAFs, the MLPs are first sparsified, through a per-layer clustering of neurons based on output-similarity. The sparsified MLPs are then transformed into QAFs and then global (input-independent) and local (within the vicinity of a target input) explanations are generated, while faithfully preserving the mechanics of the original MLPs. Building upon SpArX, we have provided users with tools that help them prove and understand how MLPs, trained on specific datasets, work. The tools allow users to customize explanations to their needs. System Overview The architecture comprises of three primary components, namely a Python library, a GUI for generating models, and a web-based application for visualization. We have provided technical users with a Python Pip package [7] in which a modular implementation of SpArX can be found, as well as a GUI [5] in which they can input their own dataset, and generate a customizable MLP. This is forwarded to our framework pipeline, which performs the aforementioned transformations (sparsification and mapping onto a QAF). The final QAF is then stored in a database and made available online to other users via a shareable link [10] where it can be visualised. sparx-lib The Python Pip package, sparx-lib [7] , is a custom library developed to handle the heavy computations required for generating SpArX explanations. It is designed with a modular architecture that allows for the flexible integration of different components of the SpArX algorithm. It enables users to generate explanations for a variety of models, which can be either user-specified, with a dataset, or imported. Tensorflow and Keras are utilized to develop and train custom models. Users can generate two types of visualisations: pure JSON, which can be viewed as text or parsed, or a GUI using NetworkX and Bokeh. We used a documentation generation tool called Sphinx to create documentation for the sparx-lib pip package [6] . Model generation GUI The model generation GUI [5] is a tool developed using the React framework. It provides a platform for administrators or technical users to design MLPs for a selected dataset, generate explanations, and store visualizations in a remote database for access by other users. The model generation process is currently performed locally due to the computational demands involved in training the model and calculating explanations. The requirements and instructions for its execution are provided in the SpArX-GUI repository [5] . Figure 1: Web app visualisation [10] for the Iris dataset [3] Visualisation The customizable visualization component [9] provides features such as: displaying node and edge information such as attackers/supporters and their weight using hovercards, and visualising node dependencies using charts; filtering graph information by progressively rendering layers and restricting the nodes shown; sharing generated visualisations via a link/QR code. We have utilised React with React Flow to create interactive graphs that can be easily modified (See Figure [1] ). Our server has been deployed on the web to enhance accessibility to the app. Administrators can simply share a link to the dedicated visualisation page with other non-technical users. Demo requirements To run the project, follow the instructions in the README file from the SpArX-GUI repository [5] . The model generation GUI accepts datasets in CSV format where the first line represents the name of the parameter/column. A test dataset is provided in the SpArX-GUI repository under data/iris.data . For demo purposes, an already generated visualisation of a SpArX explanation can be found online [10] . A demonstration video can be found at [4] . Acknowledgments This research was partially funded by the European Research Council (ERC) under the European Union's Horizon 2020 research and innovation programme (grant agreement No. 101020934, ADIX) and by J.P. Morgan and by the Royal Academy of Engineering under the Research Chairs and Senior Research Fellowships scheme. Any views or opinions expressed herein are solely those of the authors. References H. Ayoobi, N. Potyka & F. Toni (2022): SpArX legacy code . Available at https://github.com/H-Ayoobi/SpArX . H. Ayoobi, N. Potyka & F. Toni (2023): SpArX: Sparse Argumentative Explanations for Neural Networks , doi: 10.48550/ARXIV.2301.09559 . Available at https://arxiv.org/abs/2301.09559 . D. Dua & C."" Graff (2017): UCI Machine Learning Repository . Available at http://archive.ics.uci.edu/ml . I. Mihailescu (2023): PySpArX - A library for SpArX explanations of Neural Networks - Demo . Available at https://youtu.be/OJHl4zegFvU . I. Mihailescu, K. Chew, M. Ghitu, S. Sharma, D. Grewal & A. Weng (2022): SpArX-GUI . Available at https://github.com/SpArX-Group-10/SpArX-GUI . I. Mihailescu, K. Chew, M. Ghitu, S. Sharma, D. Grewal & A. Weng (2022): Sparx-lib documentation . Available at https://sparx-group-10.github.io/SpArX/ . I. Mihailescu, K. Chew, M. Ghitu, S. Sharma, D. Grewal & A. Weng (2022): Sparx-lib pip package . Available at https://pypi.org/project/sparx-lib/ . I. Mihailescu, K. Chew, M. Ghitu, S. Sharma, D. Grewal & A. Weng (2022): SpArX-lib Repository . Available at https://github.com/SpArX-Group-10/SpArX . I. Mihailescu, K. Chew, M. Ghitu, S. Sharma, D. Grewal & A. Weng (2022): SpArX-Visualisation . Available at https://github.com/SpArX-Group-10/SpArX-Visualisation . I. Mihailescu, K. Chew, M. Ghitu, S. Sharma, D. Grewal & A. Weng (2022): SpArX-Visualisation Web app example . Available at https://sparx-vis.herokuapp.com/63ac3bd37963d9af247d8102 . N. Potyka (2021): Interpreting Neural Networks as Quantitative Argumentation Frameworks . In: AAAI Conference on Artificial Intelligence, (AAAI). AAAI Press, pp. 6463–6470, doi: 10.1609/aaai.v35i7.16801 . Alternating Fixpoint Operator for Hybrid MKNF Knowledge Bases as an Approximator of AFT (Extended Abstract) Fangfang Liu ( Shanghai University ) Jia-Huai You ( University of Alberta ) Abstract Approximation fixpoint theory (AFT) provides an algebraic framework for the study of fixpoints of operators on bilattices and has found its applications in characterizing semantics for various nonmonotonic languages. Here, we show that the alternating fixpoint operator by Knorr et al. for the study of the well-founded semantics for hybrid MKNF is in fact an approximator of AFT in disguise, which, thanks to the abstraction power of AFT, characterizes all two-valued and three-valued semantics for hybrid MKNF. Furthermore, we show an improved approximator for these knowledge bases, of which the least stable fixpoint is information richer than the one formulated from Knorr et al.'s construction, which leads to an improved computation for the well-founded semantics. This work is built on an extension of AFT that supports consistent as well as inconsistent pairs in the induced product bilattice, to deal with inconsistencies that arise in the context of hybrid MKNF. This part of the work generalizes the original AFT from symmetric approximators to arbitrary approximators. 1 Generalization of AFT Given a complete lattice \( \langle L, \leq\rangle \), AFT is built on the induced product bilattice \( \langle L^2, \leq_p\rangle \), where \( \leq_p \) is the precision order and defined as: for all \( x, y, x', y' \in L \), \( (x, y) \leq_p (x', y')\) if \(x \leq x'\) and \(y' \leq y\). A pair \( (x,y) \in L^2 \) is consistent if \(x \leq y \) and inconsistent otherwise, and a pair \( (x,x) \) is called exact . We denote the set of consistent pairs by \( L^c \). Since the \( \leq_p \) ordering is a complete lattice ordering on \( L^2 \), \( \leq_p \)-monotone operators on \(L^2\) possess fixpoints and a least fixpoint. The original AFT is restricted to consistent and symmetric approximators [ 1 ],[ 2 ], and we generalize it to all \(\leq_p\)-monotone operators on \(L^2\). Definition: An operator $A: {L}^2\rightarrow {L}^2$ is an approximator if $A$ is $\leq_p$-monotone on $L^2$ and for all $x \in {L}$, whenever ${A}(x,x)$ is consistent, $A$ maps $(x,x)$ to an exact pair. The original definition of an approximator requires an $\leq$-monotone operator $A: L^2 \rightarrow L^2$ to map an exact pair to an exact pair. For example, consider a complete lattice where ${L}= \{\bot, \top\}$ and $\leq$ is defined as usual. Let ${A}$ be an identity function on ${L}^2$ everywhere except ${A}(\top,\top) = (\top, \bot)$. Thus, ${A}(\top,\top)$ is inconsistent. But it is easy to check that ${A}$ is $\leq_p$-monotone. Thus, while the operator $A$ is an approximator by our definition, it is not by the original definition. For the study of semantics, the main focus has been on the stable revision operator , which is defined as: Given any pair $(u,v) \in L^2$ and an approximator $A$, we define $St_A(u,v) = ({\sf {lfp}}({A}( \cdot , v)_1), {\sf{lfp}}(A(u, \cdot)_2))$, where ${A}( \cdot , v)_1$ denotes the operator $L \rightarrow L: z \mapsto A(z, v)_1$ and $A(u,\cdot)_2$ denotes the operator $L \rightarrow L: z \mapsto A(u, z)_2$. That is, both ${A}( \cdot , v)_1$ and $A(u,\cdot)_2$ are projection operators on $L$. Since $A$ is $\leq_p$-monotone on $L^2$, both projection operators ${A}( \cdot , v)_1$ a nd $A(u,\cdot)_2$ are $\leq$-monotone on $L$ for any pair $(u,v) \in L^2$, and thus the least fixpoint exists for each. The stable revision operator is therefore well-defined, and furthermore, it is $\leq_p$-monotone as well. The fixpoints of the stable revision operator $St_{A}$ are called stable fixpoints of $A$. In general, however, there is no guarantee that under the above notion of stable revision consistent stable fixpoints under consistent AFT are preserved. One can argue that a desirable approximator should not exhibit this ``anomaly'' so that accommodating inconsistent pairs does not have to sacrifice the preservation of consistent stable fixpoints. Definition Let $A$ be an approximator on $L^2$ and $(u,v) \in L^c$ such that $(u,v) = ({\sf {lfp}}(A(\cdot, v)_1), {\sf {lfp}}(A(u,\cdot)_2))$, where $A(\cdot,v)_1$ is an operator on $[\bot,v]$ and $A(u,\cdot)_2$ is an operator on $[u,\top]$. (This is the original definition of stable revision for consistent AFT.) Approximator $A$ is called strong for $(u,v)$ if $(u,v) = ({\sf {lfp}}(A(\cdot, v)_1), {\sf {lfp}}(A(u,\cdot)_2))$, where both $A(\cdot,v)_1$ and $A(u,\cdot)_2$ are operators on $L$. Approximator $A$ is called strong if it is strong for every $(u,v) \in L^c$ that satisfies the above condition. 2 Alternating Fixpoint Operator for Hybrid MKNF as an Approximator The logic of MKNF consists of a first-order language with two modal operators, ${\bf {K}}$, for minimal knowledge, and ${\bf {not}}$, for negation-as-failure. Motik and Rosati [ 5 ] propose hybrid MKNF for integrating nonmonotonic rules with description logics (DLs) under two-valued logic, and Knorr et al. [ 3 ] generalize it to three-valued semantics where the information-minimum three-valued MKNF model of an MKNF formulat ${\varphi}$, when it exists, is call the well-founded MKNF model of ${\varphi}$. In three-valued MKNF, formulas are evaluated by three-valued MKNF structures in the form of $(I, {\cal M}, {\cal N} )$, which consists of a first-order interpretation, $I$, and two pairs, ${\cal M} = \langle M, M_1 \rangle$ and ${\cal N} = \langle N, N_1 \rangle$, of sets of first-order interpretations, where $M_1 \subseteq M$ and $N_1 \subseteq N$. $I$ is to evaluate object formulas, ${\cal M}$ is to evaluate ${\bf K}$-atoms, and ${\cal N}$ to evaluate ${\bf not}$-atoms. From the two component sets in ${\cal M} =\langle M,M_1 \rangle$, three truth values for modal ${\bf K}$-atoms are defined as: ${\bf K} \varphi$ is true w.r.t. ${\cal M} =\langle M, M_1\rangle$ if $\varphi$ is true in all interpretations of $M$; it is false if it is false in at least one interpretation of $M_1$; and it is undefined otherwise. For ${\bf {not}}$-atoms, a symmetric treatment w.r.t. ${\cal N}=\langle N,N_1 \rangle$ is adopted. A three-valued MKNF model $(M,N)$ of an MKNF formula ${\varphi}$ is a three MKNF structure $(I, (M,N), (M,N))$ that satisfies ${\varphi}$ and a condition that guarantees minimal knowledge and ``minimal undefinedness''. A hybrid MKNF knowledge base ${\cal K} = (\cal O,\cal P) $ consists of a decidable description logic (DL) knowledge base $\cal O$, translatable into first-order logic and a rule base ${\cal P}$, which is a finite set of rules with modal atoms. Following [ 3 ] our focus here is on nondisjunctive rules. A (normal MKNF) rule $r$ is of the form: ${\bf K} H \leftarrow {{\bf K}} A_1,\ldots, {\bf K} A_m, {\bf not} B_1, \ldots, {\bf not} B_n$, where $H, A_i,$ and $B_j$ are function-free first-order atoms. Given a rule $r$, we let ${\textit{hd}}(r) ={{\bf K}} H$, ${\textit{bd}}^+ (r) = \{{{\bf K}} A_i\,|\, i = 1 .. m\}$, and ${\textit{bd}}^-(r) = \{B_i\,|\,i= 1.. n\}$. We use the notation ${\bf K}({\textit{bd}}^-(r)) = \{{\bf K} B_1, \ldots, {\bf K} B_n\}$. For the interpretation of a hybrid MKNF knowledge base ${\cal K}= (\cal O, \cal P)$, a transformation $\pi ({\cal K}) = {\bf K} \pi(\cal O) \wedge \pi(\cal P)$ is performed to transform $\cal O$ into a first-order formula and rules $r \in {\cal P}$ into a conjunction of first-order implications to make each of them coincide syntactically with an MKNF formula, i.e., $$ \begin{array}{ll} \pi(r) = \forall \vec{x}: ({{\bf K}} H \subset {\bf K} A_1 \wedge \ldots \wedge {\bf K} A_m \wedge {{\bf not}} B_1 \wedge \ldots \wedge {{\bf not}} B_n)\\ \pi({\cal P})= \bigwedge_{r \in {\cal P}} \pi(r) \\ \pi({\cal K}) = {\bf K} \pi({\cal O}) \wedge \pi({\cal P}) \end{array} $$ where $\vec{x}$ is the vector of free variables in $r$. Under the additional assumption of DL-safety a first-order rule base is semantically equivalent to a finite ground rule base under both two-valued [ 5 ] and three-valued semantics [ 3 ]; hence decidability is guaranteed. In the following, we assume that a given rule base is DL-safe and already grounded. Given a hybrid MKNF knowledge base ${\cal K}= (\cal O, \cal P)$, let ${{\sf KA} (\cal K)}$ be the set of all (ground) ${\bf K}$-atoms ${\bf K} {\varphi}$ such that either ${\bf K} {\varphi}$ occurs in ${\cal P}$ or ${\bf not} {\varphi}$ occurs in ${\cal P}$. A partition of ${{\sf KA} (\cal K)}$ is a pair $(T, P)$ such that $T, P \subseteq {\sf KA} ({\cal K})$; if $T \subseteq P$, then $(T,P)$ is said to be consistent, otherwise it is inconsistent. Knorr et al. [ 3 ] define an alternating fixpoint construction to compute the well-founded MKNF model. Their construction can be equivalently formulated by stable revisions with the following approximator. Definition Let ${\cal K}= (\cal O, \cal P)$ be a normal hybrid MKNF knowledge base. Define an operator ${\varPhi}_{\cal K}$ on $(2^{{\sf KA} (\cal K)})^2$ as follows: ${\varPhi}_{\cal K}(T,P) = ({\varPhi}_{\cal K} (T,P)_1 , {\varPhi}_{\cal K}(T,P)_2)$, where $$ \begin{array}{ll} {\varPhi}_{\cal K} (T,P)_1 = \{{{\bf K}} a\in {{\sf KA}}({\cal K}) \mid {\sf OB}_{{\cal O}, T}\models a\} \cup \\~~~~~~~~~~~~~~~~~~~~~~~~~~~\{ {{\bf K}} a \mid r \in {\cal P}: {\textit{hd}}(r) = \{{{\bf K}} a \}, {\textit{bd}}^+(r) \subseteq T, {{\bf K}}({\textit{bd}}^-(r)) \cap P = \emptyset\} \\ {\varPhi}_{\cal K} (T,P)_2 = \{{{\bf K}} a\in {\sf KA}({\cal K}) \mid {\sf OB}_{{\cal O}, P}\models a\} \cup \\~~~~~~~~~~~~~~~~~~~~~~~~~~~\{ {{\bf K}} a \mid r \in {\cal P}: {\textit{hd}}(r) = \{{{\bf K}} a \}, \, {\sf OB}_{{\cal O}, T} \not \models \neg a, {\textit{bd}}^+(r) \subseteq P, {{\bf K}}({\textit{bd}}^-(r)) \cap T = \emptyset\} \end{array} $$ Stable revision computes the least fixpoints of the projection operators ${\varPhi}_{\cal K}(\cdot,P)_1$ and ${\varPhi}_{\cal K}(T,\cdot)_2$, respectively. Intuitively, given a partition $(T,P)$, the operator ${\varPhi}_{\cal K}(\cdot,P)_1$, with $P$ fixed, computes the set of true ${\bf K}$-atoms w.r.t. $(T,P)$ and operator ${\varPhi}_{\cal K}(T,\cdot)_2$, with $T$ fixed, computes the set of ${\bf K}$-atoms that are possibly true w.r.t. $(T,P)$. The condition ${\sf OB}_{{\cal O}, T} \not \models \neg a$ attempts to avoid the generation of a contradiction. We can show that ${\varPhi}_{\cal K}$ is an approximator on the bilattice $(2^{{\sf KA} (\cal K)})^2$ and preserves all consistent stable fixpoints (and is thus a strong approximator). Note that operator ${{\varPhi}}_{\cal K}$ is not symmetric and it can map a consistent pair to an inconsistent one. A major advantage of AFT is that the stable fixpoints of ${\varPhi}_{\cal K}$ satisfying a consistency condition characterize all three-valued MKNF models. Theorem Let ${\cal K}= (\cal O,\cal P)$ be a normal hybrid MKNF knowledge base and $(T,P)$ be a partition. Also let $( M , N ) = (\{ I\, |\, I \models {\sf OB}_{{\cal O} , T}\},\{I\,|\,I \models {\sf OB}_{{\cal O},P}\})$. Then, $(M,N)$ is a three-valued MKNF model of ${\cal K}$ iff $(T,P)$ is a consistent stable fixpoint of ${\varPhi}_{\cal K}$ and ${\sf OB}_{{\cal O}, {\sf {lfp}}({\varPhi}_{\cal K}(\cdot,T)_1)}$ is satisfiable. Thus, given a hybrid MKNF KB ${\cal K}$, we can compute the least stable fixpoint of ${\varPhi}_{\cal K}$ and check if ${\sf OB}_{{\cal O}, {{\sf lfp}}({\varPhi}_{\cal K}(\cdot,T)_1)}$ is satisfiable to determine the existence of a well-founded MKNF model. The process is polynomial if so is the underlying DL. Since the problem of computing the well-founded MKNF model is in general intractable, even for normal hybrid MKNF KBs [ 4 ], a question is whether we can enlarge the class of hybrid MKNF KBs whose well-founded MKNF model can be tractably computed this way. We answer this question positively by formulating a strictly more precise approximator. References Marc Denecker, Victor Marek & Miroslaw Truszczynski (2000): Approximations, stable operators, wellfounded fixpoints and applications in nonmonotonic reasoning . In: Logic-Based Artificial Intelligence, Springer, pp. 127–144, doi: 10.1007/978-1-4615-1567-8_6 . Marc Denecker, Victor W. Marek & Miroslaw Truszczynski (2004): Ultimate approximation and its application in nonmonotonic knowledge representation systems . Information and Computation 192(1), pp. 84–121, doi: 10.1016/j.ic.2004.02.004 . Matthias Knorr, Jose Julio Alferes & Pascal Hitzler (2011): Local closed world reasoning with description logics under the well-founded semantics . Artificial Intelligence 175(9–10), pp. 1528–1554, doi: 10.1016/j.artint.2011.01.007 . Fangfang Liu & Jia-Huai You (2017): Three-valued semantics for hybrid MKNF knowledge bases revisited . Artificial Intelligence 252, pp. 123–138, doi: 10.1016/j.artint.2017.08.003 . Boris Motik & Riccardo Rosati (2010): Reconciling Description Logics and Rules . Journal of the ACM 57(5), pp. 1–62, doi: 10.1145/1754399.1754403 . Summary of Statistical Statements in Probabilistic Logic Programming Damiano Azzolini ( University of Ferrara ) Elena Bellodi ( University of Ferrara ) Fabrizio Riguzzi ( University of Ferrara ) Abstract Statistical statements, also called Type 1 statements by Halpern, have a new representation in terms of Probabilistic Answer Set Programming under the credal semantics. In this extended abstract we summarize that contribution. Contribution This is a summary of the paper ""Statistical Statements in Probabilistic Logic Programming"" [ 1 ] presented at LPNMR2022. In First-Order knowledge bases, we can adopt statistical statements, also known as Type 1 statements [ 6 ], to represent statistical information about the domain, such as ""40% of the elements have a particular property"". The authors of [ 7 ] propose to encode probabilistic conditionals (i.e., statistical statements) with formulas of the form \((C \mid A)[\Pi]\), where \(C\) and \(A\) are First-Order formulas and \(\Pi \in [0,1]\) with the meaning that \(100\cdot\Pi\%\) of elements that satisfy formula \(A\) also satisfy \(C\), and compute the probability of a query by adopting the maximum entropy principle [ 8 ]. Differently, in [ 1 ] the authors propose to encode statistical statements with the syntax $$ (C \mid A)[\Pi_l, \Pi_u] $$ with the meaning that at least \(100\cdot\Pi_l\%\) and at most \(100\cdot\Pi_u\%\) of the elements that satisfy formula \(A\) also satisfy \(C\). To assign a semantics to these and to perform inference, the authors propose to adopt the credal semantics of probabilistic answer set programs [ 3 ] and encode statements with answer set rules and constraints [ 2 ]. Probabilistic answer set programming under the credal semantics represents uncertainty with answer set programming extended with ProbLog probabilistic facts [ 4 ] \(\Pi::f\), with the meaning that the probability of \(f\) of being true if \(\Pi\) (\(\Pi \in [0,1]\)). A world is a selection of a truth value for every probabilistic fact and is an answer set program with one or more answer sets (the semantics requires that every world has at least one answer set). A world is associated with a probability value computed as $$ P(w) = \prod_{f_i \ \text{selected}} \Pi_i \cdot \prod_{f_i \ \text{not selected}} (1-\Pi_i). $$ Since every world has one or more stable models, the probability of a query \(P(q)\) is defined by a range: a world contributes to the upper bound if the query is true in at least one answer set and also contributes to the lower bound if it is true in every answer set. It is required that every world has at least one answer set. The meaning of a statistical statement is given in terms of models for every world. That is, the models of a world where the constraint $$ \Pi_l \leq \frac{\# count\{\mathbf{X}:C(\mathbf{X}),A(\mathbf{X})\}}{\# count\{\mathbf{X}:A(\mathbf{X})\}} \leq \Pi_u $$ is false should be excluded. Practically speaking, consider the following small knowledge base: 0.4::bird(1). 0.4::bird(2). 0.4::bird(3). 0.4::bird(4). (fly(X)|bird(X))[0.6,1]. The first line contains four probabilistic facts stating that each of the four elements (indexed with 1, ..., 4) can be birds with probability 0.4. The statistical statement states that at least 60\% (and at most 100\%) of the birds fly. The statement is converted into two answer set rules: fly(X) ; not_fly(X) :- bird(X). :- #count{X:bird(X)}=H, #count{X:fly(X),bird(X)}=FH, 100*FH<60*H. Only two rules suffice, since \(\Pi_u=1\). From this, we can compute the probability of a query, such as \(fly(1)\). This requires checking its validity in the answer sets of each world. Since we are interested only in knowing if it holds in all the answer sets of a world or in at least one, and not in the number of answer sets, we can adopt projection [ 5 ] : every probabilistic fact \(\Pi::f\) is converted into three rules \(f(PT):- f.\), \(nf(PF):- not \ f.\), \(\{f\}.\), where \(PT=\Pi \cdot 10^n\) and \(PF=(1-\Pi) \cdot 10^n\) (where \(n\) can be selected and is needed since ASP cannot deal with floating point values), and then we can compute the projective solutions on the query, \(f/1\) and, \(nf/1\) atoms. For the previous program, we get \(P(fly(1))=[0.2592, 0.4]\). Acknowledgements This research was partly supported by TAILOR, a project funded by EU Horizon 2020 research and innovation programme under GA No. 952215. References Damiano Azzolini, Elena Bellodi, and Fabrizio Riguzzi (2022): Statistical Statements in Probabilistic Logic Programming. In Georg Gottlob, Daniela Inclezan, and Marco Maratea, editors: Logic Programming and Non-monotonic Reasoning, Springer International Publishing, Cham, pp. 43-55, doi: 10.1007/978-3-031-15707-3_4 . Gerhard Brewka, Thomas Eiter, and Miroslaw Truszczynski (2011): Answer Set Programming at a Glance. Communications of the ACM 54(12), pp. 92-103, doi: 10.1145/2043174.2043195 . Fabio Gagliardi Cozman and Denis Deratani Mauá (2020): The joy of Probabilistic Answer Set Programming: Semantics, complexity, expressivity, inference. International Journal of Approximate Reasoning 125, pp. 218-239, doi: 10.1016/j.ijar.2020.07.004 . Luc De Raedt, Angelika Kimmig, and Hannu Toivonen (2007): ProbLog: A Probabilistic Prolog and Its Application in Link Discovery. In Manuela M. Veloso, editor: 20th International Joint Conference on Artificial Intelligence (IJCAI 2007), 7, AAAI Press, pp. 2462-2467. Martin Gebser, Benjamin Kaufmann, and Torsten Schaub (2009): Solution Enumeration for Projected Boolean Search Problems. In Willem-Jan van Hoeve and John Hooker, editors: Integration of AI and OR Techniques in Constraint Programming for Combinatorial Optimization Problems, Springer Berlin Heidelberg, pp. 71-86, doi: 10.1007/978-3-642-01929-6_7 . Joseph Y. Halpern (1990): An Analysis of First-Order Logics of Probability. Artificial Intelligence 46(3), pp. 311-350, doi: 10.1016/0004-3702(90)90019-V . Gabriele Kern-Isberner and Matthias Thimm (2010): Novel Semantical Approaches to Relational Probabilistic Conditionals. In: Proceedings of the Twelfth International Conference on Principles of Knowledge Representation and Reasoning, AAAI Press, pp. 382-392. Marco Wilhelm, Gabriele Kern-Isberner, Marc Finthammer, and Christoph Beierle (2019): Integrating Typed Model Counting into First-Order Maximum Entropy Computations and the Connection to Markov Logic Networks. In Roman Barták and Keith W. Brawner, editors: Proceedings of the Thirty-Second International Florida Artificial Intelligence Research Society Conference, AAAI Press, pp. 494-499 Error-free Smart Legal Contracts without Programmers Kevin Purnell ( Macquarie University ) Rolf Schwitter ( Macquarie University ) 1 Introduction This research investigates the potential of declarative languages to advance what can be achieved by domain experts producing their own automation. We illustrate this potential by exploring the issue of domain experts implementing their own executable legal documents as both human- and machine-readable smart legal contracts deployable on a blockchain [ 7 , 11 ]. Smart contracts have the potential to enable automation in previously automation-resistant areas (e.g., legal contracts and contract management). While some legal documents can probably never be fully automated (e.g., subjective performance criteria), many legal documents and contracts use forms of logic that are computable, can be agreed by electronic signature, have performance that can be delivered and administered electronically and use money as the consideration. The current reality; however, is that this type of automation is usually impractical because of: an inability to build custom smart contracts economically; the risk of errors and security breaches; and, inflexibility in regard to implementing contract modifications. These hurdles motivate the research question that we answer: Is it possible for domain experts to design, build, test and deploy their own custom legal documents as smart contracts which are free from errors and security exploits and can also support contract modifications ? After pure first-order logic was shown to be inadequate for expressing legal concepts [ 4 ], non-monotonic declarative languages like Answer Set Programming (ASP), TOAST, SPINdle [ 1 ], Turnip [ 2 ], and a controlled natural language, Logical English [ 6 ] were developed and used to model legal logic. Following this stream of research, we investigate the use of ASP for modelling legal logic by iteratively developing a proof-of-concept smart document editor (SDE editor) which reads an existing legal document (in HTML) and transforms it in five domain expert-guided steps into an error-free executable logic program [ 8 , 9 , 10 ]. Domain experts model the ontology, legal logic, generate the assertional data, and perform all testing tasks for amenable legal documents. The editor communicates visually and verbally in domain familiar concepts; a feature made possible by the formal correspondences achieved between graphics, text and declarative representations, and automation of steps not requiring domain knowledge. Our approach allows automatic construction of ASP code and enables highly automated testing. 2 System Description The SDE editor uses ASP to represent the ontology and the legal processes derived from a legal document. Firstly, the artefacts in the document and their relationships are captured in representations by a process where three different notations (a term, a graphic and an ASP-like string) are allocated the same meaning by the user. This formal correspondence and the use of a grammar facilitates the automatic generation of representations, rules and the automation of model validation and program verification. The user sees the ontology being built up as they work through the legal document, and can use ontology elements in rules which are then tested in dynamic visualisations. Other formal correspondences ease translation into structured English sentences that use the correct verb tense and correctly describe both general and instance descriptions of artefacts. Legal documents have evolved from paper documents filled out and signed by hand, into documents signed digitally and managed by tools like document automation systems [ 5 ] which provide support for drafting through to the administration of active contracts. The SDE editor (see Figure 1) adds the ability to first understand the closed world of a legal document, then assist in the modelling and testing of the embedded logic, resulting in an exhaustively tested logic program that can be deployed as a smart contract. This approach offers the potential of broader applicability and more comprehensive automation than current approaches. The workflow of the SDE editor can be split into two phases: 1) document understanding; and, 2) smart contract creation. Document understanding involves: (i) modelling the ontology (ontology discovery); (ii) modelling the legal logic (logic modelling); and, (iii) validating these models against the designer’s understanding (model validation). Smart contract creation involves: (i) entering actual data (assertional data); and, (ii) testing that the output is what is expected across all possible inputs (program verification). These processes accumulate knowledge in representations that are consistent across the workflow due to auto-generation from ontology representations. The result is a tested ASP program embedded in the original completed legal document (i.e., a Ricardian Contract [ 3 ] ). 3 Evaluation and Results If the components of the research question are used as evaluation criteria then the SDE editor achieves most criteria. The SDE editor enables: 1) design, build and testing of suitable legal documents as smart contracts by domain experts ; 2) practical custom smart legal contracts; 3) smart legal contracts that are free from errors from the perspective of the designer; 4) reduction in security risk by reducing unproven components in the toolchain; and, 5) practical smart legal contract modifications . By using an executable declarative language to represent and reason over business/legal logic, the SDE editor overcomes most of the hurdles experienced with smart contracts coded in an imperative programming language like Solidity, and extends what practical automation is achievable for legal documents. The approach promises smart contracts that: 1) are designed, built and tested by domain experts; 2) are error-free (designer perspective); 3) explain their automatic decisions in controlled English in an audit log; 4) achieve practical customisation due to the ontology discovery step; 5) achieve practical contract modifications (legal sense) due to the use of an elaboration tolerant declarative language; 6) are flexible in regard to fitting with current practice and partial automation (uses existing legal documents and supports human-in-the-loop processes); 7) achieve user interaction in structured English and via visualisation with optional visual interaction; 8) encode business/legal logic in a declarative language with formal semantics, then verbalises the computed responses back into English; an approach that opens the way to achieving error-free smart legal contracts; 9) use a smart assistant to reduce user workload; and, 10) achieve simplified representations of complex logic and legal reasoning (defeasible logic); a capability beyond current smart contract programming languages, and which extends applicability. 4 Future Work Recent machine learning advances allow a more fluent user-interface experience than achieved by the SDE editor; however, these approaches struggle to produce explainable solutions and generate error-free programs. Enhancing the current smart assistant with machine learning capabilities could further simplify the user interface and extend maximum practical program size by automating tedious user interactions. We also believe that the proof-of-concept system is ready to be applied to a difficult problem of significance; however, two open questions remain: the degree to which ASP can express the full spectrum of deontic logic; and, the percentage of legal documents that contain logic inexpressible in ASP. References Batsakis et al. (2018): Legal Representation and Reasoning in Practice: A Critical Comparison . In: Proceedings of JURIX 2018, pp. 31–40, doi: 10.3233/978-1-61499-935-5-31 . Governatori et al. (2020): On the Formal Representation of the Australian Spent Conviction Scheme . In: Proceedings of RuleML+RR 2020, pp. 117–185, doi: 10.1007/978-3-030-57977-7_14 . Grigg (2004): The Ricardian Contract . In: Proceedings of IEEE WEC, doi: 10.1109/WEC.2004.1319505 . Herrestad (1991): Norms and Formalization . In: Proceedings of ICAIL '91, doi: 10.1145/112646.112667 . HighQ (2022): Document Automation . url: https://legal.thomsonreuters.com/en/products/highq/ . Kowalski and Datoo (2022): Logical English meets legal English for swaps and derivatives . AI Law, doi: 10.1007/s10506-021-09295-3 . Nakamoto (2008): Bitcoin . url: https://bitcoin.org/bitcoin.pdf . Purnell and Schwitter (2021): User-Defined Smart Contracts Using Answer Set Programming . In: LNCS, Advances in AI, AI 2021, 13151, Springer, pp. 291–303, doi: 10.1007/978-3-030-97546-3_24 . Purnell and Schwitter (2021): User-Guided Machine Understanding of Legal Documents . In: LNCS, New Frontiers in AI, JURISIN 2021, 13856, Springer, pp. 16–32, doi: 10.1007/978-3-031-36190-6 . Purnell and Schwitter (2022): Declarative Smart Contract Testing by Domain Experts . In: CEUR Workshop Proceedings, RuleML+RR DC, volume 3229, url: https://dblp.org/db/conf/ruleml/ruleml2022c.html . Wood (2014): Ethereum . url: https://gavwood.com/paper.pdf . Axiomatization of Aggregates: Extended Abstract Jorge Fandinno ( University of Nebraska Omaha ) Zachary Hansen ( University of Nebraska Omaha ) Yuliya Lierler ( University of Nebraska Omaha ) This paper presents semantics for logic programs with aggregates that refer to neither fixpoints nor grounding, relying instead on transformations into first and second-order theories. This characterization introduces new function symbols to represent aggregates, whose meaning can be fixed by adding appropriate axioms to the result of the proposed transformations. These semantics provide a foundation for reasoning formally about non-ground programs with aggregates in a direct manner. This is useful for the task of formally verifying logic programs, and represents a first step towards using first-order theorem provers to automatically verify properties of programs with aggregates. For programs without positive recursion through aggregates our semantics coincide with the semantics of the answer set solver Clingo. Introduction Answer set programming (ASP) is a widely-utilized logic programming paradigm encompassing a number of highly expressive modeling languages and efficient solvers. Aggregates are one of the most useful ASP language constructs, and one of the most well-studied. This is due, in part, to the difficulty of defining a universally accepted semantics for aggregates ([ 6 ]). Most approaches to defining aggregate semantics rely upon grounding, a process by which programs with variables are transformed into propositional programs. There are also several approaches to describe the semantics of aggregates that bypass the need for grounding. However, these approaches either only allow a restricted class of aggregates ([ 7 , 8 ]) or extend the language of classical logic with new constructs to deal with aggregates ([ 1 , 2 , 3 ]). Our approach uses only the language of classical logic as in [ 7 , 8 ], but it is applicable to all programs with aggregates that fit within the restrictions of the ASP-Core-2 semantics, namely, that aggregates are non-recursive. Exclusively using the language of classical logic opens the door for automated verification with tools such as Anthem ([ 4 ]). In the following section, we summarize our translation from logic programs with aggregates to second-order logic formulas. We restrict our attention to a simple subset of the Gringo input language which forbids nested aggregates and positive recursion through aggregates. We then show how the addition of second-order axioms can fix the interpretation of aggregate function symbols in a way that conforms to their behavior under the semantics implemented by the answer set solver Clingo. Finally, we demonstrate that this second-order characterization can be replaced with a first-order one when we consider only programs with finite aggregates. It is worth noting that this is not a practical restriction due to the inability of solvers to process infinite sets. Syntax of Logic Programs With Aggregates We consider a basic fragment of the Gringo input language, with program terms ranging over symbolic constants, program variables, special terms ""inf"" and ""sup"", and numerals (which have a one-to-one correspondence with integers). Atoms and comparisons are defined as usual in ASP. Basic literals are atoms and comparisons, optionally preceded by one or two occurrences of ""not"". An aggregate element has the form \begin{gather} t_1,\dots,t_k : l_1,\dots,l_m \label{eq:agel} \end{gather} where each $t_i$ ($1\leq i\leq k$) is a program term and each $l_i$ ($1\leq i\leq m$) is a basic literal. An aggregate element can be informally understood as representing the set of tuples of program terms $\langle t_1,\dots,t_k \rangle$ satisfying the list of conditions $l_1,\dots,l_m$. An aggregate atom is of form $\#\texttt{op}\{E\} \prec u$ where $\texttt{op}$ is an operation name, $E$ is an aggregate element, $\prec$ is a comparison symbol, and $u$ is a program term, called the ""guard"". We consider operation names $\texttt{count}$, $\texttt{sum}$, $\texttt{sum+}$, $\texttt{min}$, and $\texttt{max}$. Our task in this work is to formalize the intuition that these operations characterize functions on the sets of tuples represented by aggregate elements. Finally, programs are defined as a collection of basic rules (containing a single atom in the head) and constraints. Semantics of Logic Programs With Aggregates For each rule $R$ in a program $\Pi$, we obtain its many-sorted first-order formula representation by applying a translation $\tau^*_{\mathbf{Z} }$, where $\mathbf{Z} $ is the list of global variables (variables occurring in basic literals or the guards of aggregates) in $R$. Broadly speaking, this is a syntactic transformation that maps default negation into classical negation, commas into conjunctions, and the rule operator $\;\hbox{:-}\;$ into an implication from the body of the rule to the head. For an aggregate atom $A$ of form $\texttt{#op}\{E\} \prec u$, its translation $\tau^*_\mathbf{Z} $ is the atom $\mathit{op}(\mathit{set}_{|E/\mathbf{X} |}(\mathbf{X} )) \prec u$, where $\mathbf{X} $ is the list of variables in $\mathbf{Z} $ occurring in $E$. For every rule $R$, its translation $\tau^* R$ is the universal closure of the implication $$ \tau^*_\mathbf{Z} B_1 \wedge \dots \wedge \tau^*_\mathbf{Z} B_n \to \tau^*_\mathbf{Z} H, $$ where $\mathbf{Z} $ is the list of the global variables of $R$. For example, given an aggregate symbol $Y : r(X,Y,Z)/X$ named $e1$, $$\tau^*\left({s(X)} {\;\hbox{:-}\; q(X),\texttt{#sum}\{ Y : r(X,Y,Z)\}} \geq 1.\right) \quad\text{is}\quad \forall X \left(q(X) \wedge \mathit{sum}(\mathit{set}_{e1}(X)) \geq 1 \ \to \ s(X)\right).$$ Note that this is a formula over a signature of many sorts. Specifically, we consider separate domains (universes) for program terms, integers, tuples (of program terms), and sets of tuples. The second domain is a subset of the first, and the fourth domain is the powerset of the third. Assumptions about the forms of these domains and the behavior of fundamental functions and predicates such as addition and set membership are defined in our notion of standard interpretations. These assumptions do not fix the interpretation of aggregate elements or the function symbols corresponding to aggregate operations. To properly characterize the behavior of aggregates, we require our standard interpretations to additionally satisfy a set of second-order axioms $\Delta$ (introduced in the next section). Finally, we define the semantics of logic programs with aggregates using a many-sorted generalization of the SM operator ([ 5 ]). We say that a standard interpretation $I$ is a stable model of program $\Pi$ if it satisfies the second-order sentence $SM_{\mathbf{p}}[\tau^*\Pi] \wedge \Delta$ with $\mathbf{p}$ being the list of all predicate symbols occurring in $\Pi$. Axiomatization of Aggregates In this section, we will highlight a few representative axioms in set $\Delta$. In general, this set contains second-order axioms; however, assuming our aggregates are finite allows us to replace the second-order axioms with first-order ones. First, we introduce the class of ""set formation axioms"", which formally relate aggregate elements to sets of tuples. An aggregate symbol $E/\mathbf{X} $, where $E$ is an aggregate element, is associated with a unique set characterized by the sentence $$ \forall \mathbf{X} \ T \big(T \in \mathit{set}_{|E/\mathbf{X} |}(\mathbf{X} ) \leftrightarrow \exists \mathbf{Y}\ \big(T = \mathit{tuple}_{k}(t_1,\dots,t_k) \wedge l_1\wedge\cdots\wedge l_m \big)\big), $$ where $\mathbf{Y}$ is the list of all the variables occurring in $E$ that are not in $\mathbf{X} $. All variables in $\mathbf{Y}$ are of the sort program. $T$ is a variable of the sort tuple. For instance, recall the aggregate symbol $e1$ introduced earlier. The set formation axiom for this symbol has the form $$ \forall X T \big(T \in \mathit{set}_{e1}(X) \leftrightarrow \exists YZ\, \big(T = \mathit{tuple}_{2}(Y,Z) \wedge r(X,Y,Z) \big) \big) $$ Similarly, we can characterize the removal of an element from a set with function symbol ""rem"": $$ \forall S T S'\big( \mathit{rem}(S,T)=S'\leftrightarrow \forall T' \big( T' \in S' \leftrightarrow (T' \in S \wedge T' \not = T )\big)\big) $$ The $\texttt{sum}$ aggregate can be formalized for finite aggregates with the axiom $$ \forall \mathbf{X} \ S \big( \left(\forall T \left(T \in S \to T \in \mathit{set}_{|E/\mathbf{X} |}(\mathbf{X} )\right)\right) \to \mathit{FiniteSum}(S) \big) $$ where $\mathit{FiniteSum}(S)$ is shorthand for $$ \forall T \big( T \in t_{\mathit{set}} \to \exists N ( \mathit{sum}(\mathit{rem}(t_{\mathit{set}},T)) = N \wedge \mathit{sum}(t_{\mathit{set}})=N+\mathit{weight}(T))\big) $$ Finally, when $\Pi$ is tight, we can replace the second-order sentence $SM_{\mathbf{p}}[\tau^*\Pi]$ with a first-order sentence using program completion. This gives us a fully first-order characterization. Final Remarks The proposed semantics characterize logic programs with aggregates in terms of classical logic, allowing us to reason directly about the meaning of non-ground programs. This approach is highly general: the restrictions prohibiting nested aggregates and positive recursion through aggregates are less restrictive than those imposed by existing solvers and the ASP-Core-2 standard. Additionally, the assumptions made by standard interpretations, such as the assumption that the $+$ symbol behaves as addition, are relatively modest. Nevertheless, the task of encoding such assumptions within automated theorem provers is a non-trivial task, and a direction for future work. References Vernon Asuncion, Yin Chen, Yan Zhang & Yi Zhou (2015): Ordered completion for logic programs with aggregates . Artificial Intelligence 224, pp. 72-102, doi: https://doi.org/10.1016/j.artint.2015.03.007 . Michael Bartholomew, Joohyung Lee & Yunsong Meng (2011): First-Order Semantics of Aggregates in Answer Set Programming Via Modified Circumscription . In: E. Davis, P. Doherty & E. Erdem: Proceedings of the AAAI Spring Symposium on Logical Formalizations of Commonsense Reasoning. AAAI Press, pp. 16–22. Pedro Cabalar, Jorge Fandinno, Luis Farinas Del Cerro & David Pearce (2018): Functional ASP with Intensional Sets: Application to Gelfond-Zhang Aggregates . Theory and Practice of Logic Programming 18(3-4), pp. 390-405, doi: 10.1017/S1471068418000169 . Jorge Fandinno, Vladimir Lifschitz, Patrick Luhne & Torsten Schaub (2020): Verifying Tight Logic Programs with Anthem and Vampire . Theory and Practice of Logic Programming 20(5), pp. 735-750, doi: 10.1017/S1471068420000344 . Paolo Ferraris, Joohyung Lee & Vladimir Lifschitz (2011): Stable models and circumscription . Artificial Intelligence 175(1), pp. 236-263, doi: 10.1016/j.artint.2010.04.011 . Michael Gelfond & Yuanlin Zhang (2019): Vicious circle principle, aggregates, and formation of sets in ASP based languages . Artificial Intelligence 275, pp. 28-77, doi: https://doi.org/10.1016/j.artint.2019.04.004 . Joohyung Lee, Vladimir Lifschitz & Ravi Palla (2008): A Reductive Semantics for Counting and Choice in Answer Set Programming . In: D. Fox & C. Gomes: Proceedings of the Twenty-third National Conference on Artificial Intelligence (AAAI'08). AAAI Press, pp. 472–479. Vladimir Lifschitz (2022): Strong Equivalence of Logic Programs with Counting . Theory and Practice of Logic Programming 22(4), pp. 573-588, doi: 10.1017/S1471068422000278 . Visual Sensemaking Needs Both Vision and Semantics: On Logic-Based Declarative Neurosymbolism for Reasoning about Space and Motion Jakob Suchan ( DLR, Germany ) Mehul Bhatt ( Örebro University, Sweden - CoDesign Lab EU ) Srikrishna Varadarajan ( CoDesign Lab EU, Europe ) Contemporary artificial vision systems lack abilities for high-level, human-scale mental simulation, e.g., concerning perceived everyday multimodal interactions. Cognitively driven sensemaking functions such as embodied grounding for active vision, visuospatial concept formation, commonsense explanation, diagnostic introspection all remain fertile ground. We posit that developing high-level visual sensemaking capabilities requires a systematic, tight yet modular integration of (neural) visual processing techniques with high-level commonsense knowledge representation and reasoning methods pertaining to space, motion, actions, events, conceptual knowledge etc. As an exemplar of this thinking, we position recent work on deeply semantic, explainable, neurosymbolic visuospatial reasoning driven by an integration of methods in (deep learning based) vision and (KR based) semantics . The positioned work is general, but its significance is demonstrated and empirically benchmarked in the context of (active, realtime) visual sensemaking for self-driving vehicles. Visual Sensemaking: A Human-Centred Cognitive Perspective Artificial visual intelligence [ 5 ] denotes the computational capability to semantically process, interpret, and explain diverse forms of visual stimuli (typically) emanating from sensing embodied multimodal interaction of/amongst humans and other artefacts in diverse naturalistic situations of everyday life and profession. Through semantic processing, interpretation, and explanation, alluded here are a wide-spectrum of high-level human-centred sensemaking capabilities. These capabilities encompass functions such as visuospatial conception formation, commonsense/qualitative generalisation, hypothetical reasoning, analogical inference, argumentation, event based episodic maintenance & retrieval for perceptual narrativisation, counterfactual reasoning and explanation etc. In essence, in scope are all high-level commonsense visuospatial sensemaking capabilities —be it mundane, analytical, or creative in nature— that humans acquire developmentally or through specialised training, and are routinely adept at performing seamlessly in their everyday life and work. The Need for Integrated ""Vision and Semantics"" . Computational visual sensemaking requires a systematically developed general and modular integration of high-level techniques concerned with ""commonsense and semantics"" with low-level neural methods capable of computing primitive features of interest in visual data. Realising computational visual sensemaking —be it realtime or post-hoc— in view of human-centred AI concerns pertaining to explainability, ethics, regulation and requires a systematic (neurosymbolic) integration of Vision and Semantics, i.e., robust commonsense representation & inference about spacetime dynamics on the one hand, and powerful low-level visual computing capabilities, e.g., pertaining to object detection and tracking on the other. It is also critical that the semantics of formal representations, e.g., of space and motion, be rooted to counterparts in natural language [ 4 ]. Towards this, the positioned research [ 11 ] demonstrates the significance of semantically-driven methods rooted in knowledge representation and reasoning (KR) in addressing research questions pertaining to explainability and human-centred AI particularly from the viewpoint of (perceptual) sensemaking of dynamic visual imagery. This goal is pursued within the larger agenda of cognitive vision and perception [ 5 ], which is an emerging line of research bringing together a novel & unique combination of methodologies from Artificial Intelligence, Vision and Machine Learning, Cognitive Science and Psychology, Visual Perception, and Spatial Cognition and Computation (also, [ 11 , 12 , 10 , 9 ], and [ 7 ]). Research in cognitive vision and perception addresses visual, visuospatial and visuo-locomotive perception and interaction from the viewpoints of language, logic, spatial cognition and artificial intelligence [ 4 ]. Figure 1: Application Scenarios: Autonomous Systems, Minds and Media Studies, Behavioural Research in Multimodality Interaction [ 5 ]. Visuospatial Commonsense, Driven by Answer Set Programming Answer Set Programming (ASP) is now widely used as a foundational declarative language and robust methodology for a range of (non-monotonic) knowledge representation and reasoning tasks [ 6 , 8 ]. With ASP as a foundation, and motivated by requirements of semantics, commonsense and explainability, our work bridges the gap between high-level formalisms for logical visual reasoning (e.g., by abduction) and low-level visual processing 1 . by tightly integrating semantic abstractions of space and motion with their underlying numerical representations within the declarative framework of ASP. Furthermore, directly within ASP, we also address several challenges concerning epistemological and phenomenological aspects relevant to a wide range of dynamic spatial systems [ 3 , 2 , 1 ]: projection and interpolation, object identity maintenance at a semantic level, ability to make default assumptions, maintaining consistent beliefs etc. Although the work positioned herein [ 11 , 10 ] selectively focusses on the needs and challenges of active / online sensemaking in autonomous driving, the generality and modularly of the developed ASP-based neurosymbolic framework ensures foundational applicability in diverse applied contexts requiring perceptual interpretation, interaction and control functions. Of at least equal importance are the modularity and elaboration tolerance of the framework, enabling seamless integration and experimentation with advances in (fast evolving) computer vision methods, as well as experimenting with different forms of formal methods for (declarative) reasoning about space, actions, and change [ 1 ]. 1 Visual processing encompasses capabilities including but not limited to motion analysis, object detection, pose estimation, semantic segmentation, image classification. A detailed review is available in [ 5 ]. References Mehul Bhatt (2012): Reasoning about Space, Actions and Change: A Paradigm for Applications of Spatial Reasoning. In: Qualitative Spatial Representation and Reasoning: Trends and Future Directions, IGI Global, USA} doi: 10.4018/978-1-4666-4607-0.ch016 . Mehul Bhatt, Hans W. Guesgen, Stefan Wölfl & Shyamanta M. Hazarika (2011): Qualitative Spatial and Temporal Reasoning: Emerging Applications, Trends, and Directions. Spatial Cognition & Computation 11(1), pp. 1--14, doi: 10.1080/13875868.2010.548568 . Mehul Bhatt & Seng W. Loke (2008): Modelling Dynamic Spatial Systems in the Situation Calculus. Spatial Cognition & Computation 8(1-2), pp. 86--130, doi: 10.1080/13875860801926884 . Mehul Bhatt, Carl Schultz & Christian Freksa (2012): The `Space' in Spatial Assistance Systems: Conception, Formalisation and Computation. In Thora Tenbrink, Jan Wiener & Christophe Claramunt, editors: Representing space in cognition: Interrelations of behavior, language, and formal models. Series: Explorations in Language and Space, Oxford University Press, doi: 10.1093/acprof:oso/9780199679911.003.0009 . Mehul Bhatt & Jakob Suchan (2023): Artificial Visual Intelligence: Perceptual Commonsense for Human-Centred Cognitive Technologies , pp. 216--242. Springer International Publishing, Cham, doi: 10.1007/978-3-031-24349-3_12 . Gerhard Brewka, Thomas Eiter & Miroslaw Truszczyński (2011): Answer Set Programming at a Glance. Commun. ACM 54(12), pp. 92--103, doi: 10.1145/2043174.2043195 . David Marr(1982): Vision: A Computational Investigation into the Human Representation and Processing of Visual Information. Henry Holt and Co., Inc., New York, NY, USA. (Republished 2010, MIT Press, doi: 10.7551/mitpress/9780262514620.001.0001 . Torsten Schaub & Stefan Woltran (2018): Special Issue on Answer Set Programming. KI 32(2-3), pp. 101--103, doi: 10.1007/s13218-018-0554-8 . Jakob Suchan & Mehul Bhatt (2016): Semantic Question-Answering with Video and Eye-Tracking Data: AI Foundations for Human Visual Perception Driven Cognitive Film Studies. In Subbarao Kambhampati, editor: Proceedings of the Twenty-Fifth International Joint Conference on Artificial Intelligence, IJCAI 2016, New York, NY, USA, 9-15 July 2016, IJCAI/AAAI Press, pp. 2633--2639. doi: http://www.ijcai.org/Abstract/16/374 . Jakob Suchan, Mehul Bhatt & Srikrishna Varadarajan (2019): Out of Sight But Not Out of Mind: An Answer Set Programming Based Online Abduction Framework for Visual Sensemaking in Autonomous Driving. In Sarit Kraus, editor: Proceedings of the Twenty-Eighth International Joint Conference on Artificial Intelligence, IJCAI 2019, Macao, China, August 10-16, 2019, ijcai.org, pp. 1879--1885, doi: 10.24963/ijcai.2019/260 . Jakob Suchan, Mehul Bhatt & Srikrishna Varadarajan(2021): Commonsense visual sensemaking for autonomous driving - On generalised neurosymbolic online abduction integrating vision and semantics. Artif. Intell. 299, p. 103522, doi: 10.1016/j.artint.2021.103522 . Jakob Suchan, Mehul Bhatt, Przemyslaw Andrzej Walega & Carl Schultz (2018): Visual Explanation by High-Level Abduction: On Answer-Set Programming Driven Reasoning About Moving Objects. In Sheila A. McIlraith & Kilian Q. Weinberger, editors: Proceedings of the Thirty-Second AAAI Conference on Artificial Intelligence, (AAAI-18), New Orleans, Louisiana, USA, February 2-7, 2018, AAAI Press, pp. 1965--1972, doi: 10.1609/aaai.v32i1.11569 . Flexible Job-shop Scheduling for Semiconductor Manufacturing with Hybrid Answer Set Programming (Extended Abstract) Ramsha Ali ( University of Klagenfurt ) Mohammed M. S. El-Kholany ( University of Klagenfurt, Cairo University ) Martin Gebser ( University of Klagenfurt, Graz University of Technology ) Modern semiconductor manufacturing involves complex production processes with hundreds of operations from lot release to completion, which often takes several months. In contrast to abstract job-shop scheduling benchmarks, our work addresses the scheduling of realistic semiconductor manufacturing processes. We model their sophisticated requirements by hybrid Answer Set Programming and take advantage of difference logic for expressing machine processing, setup, and maintenance times. Unlike existing approaches that schedule semiconductor manufacturing processes locally by greedy heuristics or isolated optimization of specific machine groups, we explore the potential and limits of large-scale semiconductor fab scheduling. Introduction Classical and Flexible Job-shop Scheduling Problems (FJSPs) [ 17 , 6 ], focusing on the allocation of production tasks and resource planning, have been targeted bibliographystyle various local and exact search methods (see [ 7 ] for an overview). The importance of optimization in production and supply chain management has grown due to diversified technologies, product customization, quality-of-service targets, and ecological footprint. However, abstract scheduling benchmarks do not adequately represent the complex production processes found in semiconductor manufacturing, facing long production routes, product-specific machine setups, dedicated maintenance procedures, and stochastic factors. These challenges have led to the development of the recent SMT2020 simulation scenario [ 14 ], modeling modern semiconductor manufacturing processes and facilities. Currently, production management is performed locally using preconfigured dispatching rules [ 12 ] or machine-learned decision making policies [ 19 ]. Exact search and optimization frameworks like Constraint, Integer and Answer Set Programming (ASP) [ 15 ] at least in principle enable global approaches to resource allocation and operation scheduling that take the entire range of viable schedules into account and guarantee optimality to the extent feasible. For instance, ASP has been successfully applied for scheduling printing devices [ 4 ], specialist teams [ 16 ], work shifts [ 2 ], course timetables [ 5 ], medical treatments [ 8 ], and aircraft routes [ 18 ]. In particular, the hybrid framework of ASP modulo difference logic [ 13 ] specifically supports a compact representation and reasoning with quantitative resources like time, which has been exploited in domains such as lab resource [ 10 ], train connection [ 1 ], and classical job-shop [ 9 ] scheduling. In our work [ 3 ], we use ASP modulo difference logic to model the scheduling of semiconductor manufacturing processes, particularly accounting for machine processing, setup, and maintenance times present in the SMT2020 scenario. Although long-term, global optimization of production routes with hundreds of operations is prohibitive due to problem size and unpredictable stochastic factors, we lay the ground for a future integration of more informed exact scheduling techniques with simulation and reactive decision making methods, enabling globally optimized (re)scheduling for a certain time in advance. Application Scenario The recent SMT2020 simulation scenario specifies two kinds of semiconductor fab settings, one denoted High-Volume/Low-Mix (HV/LM) with two types of products and the other Low-Volume/High-Mix (LV/HM) with ten kinds of products. Both have in common that, depending on the product type, the production route of each lot includes many operations, i.e., between 300 and 600 of them. Each operation needs some machine in a given tool group to be performed, which may have to be equipped with a product-specific setup before processing the operation. Moreover, periodic maintenance procedures must be applied after a certain number of operations or accumulating some amount of processing time. The overall objective is to minimize the completion time of lots by making effective use of fab resources. We represent problem instances in terms of specific facts along with a general ASP modulo difference logic encoding. Our problem encoding supports two assignment strategies: fully flexible or fixed, the latter based on the lexicographic order of operations requiring machines in the same tool group. Setup times and maintenance procedures are also taken into account in scheduling the processing of operations. Experimental Evaluation and Conclusion We extracted test instances for scheduling from the STM2020 scenario by considering a part of the available tool groups along with their setups and maintenances. Our comparison includes the fixed and flexible machine assignment strategies, for which Table 1 reports the obtained makespan, solving time, conflicts and constraints, where `TO' stands for more than 600 seconds solving time of clingo[DL] [ 13 ]. With the fixed machine assignment, we observe that the transition from trivial runs taking less than a second to aborts is sharp when increasing the number of operations, as the number of search conflicts goes up. A similar behavior is encountered even earlier, i.e., on smaller instances, with the flexible machine assignment, where the up to one order of magnitude greater number of constraints also yields a significantly increased problem size. Our hybrid ASP encoding for semiconductor fab scheduling reflects work in progress. As future work, we target the improvement of space and search efficiency, addition of yet missing capabilities like batch processing and operation pipelining, and integration with simulation. Table 1 : Results for scheduling instances with fixed and flexible machine assignment Fixed Machine Assignment Flexible Machine Assignment OxM Makespan Time Conflicts Constraints Makespan Time Conflicts Constraints 10x2 120 <1 44 2249 120 <1 44 2258 15x3 169 <1 7910 8980 169 <1 16562 12916 20x3 224 TO 6091128 23751 204 TO 5869538 33682 20x4 120 <1 88 4569 105 15 162085 45364 25x4 171 <1 16303 15862 160 TO 2656812 89214 30x4 219 405 2626786 32872 227 TO 2868459 157258 30x5 191 93 1027764 26460 169 TO 2702824 159548 30x6 120 <1 128 6828 153 TO 2250537 158243 35x6 142 <1 925 11526 123 TO 2947938 181867 40x6 192 18 189240 30657 210 TO 1711929 387488 45x6 226 TO 3553153 49191 300 TO 1226970 554625 Acknowledgments This work, providing an extended abstract of our PADL 2023 paper [ 3 ], was partially funded by FFG project 894072 (SwarmIn) as well as KWF project 28472, cms electronics GmbH, FunderMax GmbH, Hirsch Armbänder GmbH, incubed IT GmbH, Infineon Technologies Austria AG, Isovolta AG, Kostwein Holding GmbH, and Privatstiftung Kärntner Sparkasse. References D. Abels, J. Jordi, M. Ostrowski, T. Schaub, A. Toletti & P. Wanko (2021): Train scheduling with hybrid answer set programming . TPLP 21(3), pp. 317–347, doi: 10.1017/S1471068420000046 . M. Abseher, M. Gebser, N. Musliu, T. Schaub & S. Woltran (2016): Shift design with answer set programming . Fundam. Informaticae 147(1), pp. 1–25, doi: 10.3233/FI-2016-1396 . R. Ali, M. M. S. El-Kholany & M. Gebser (2023): Flexible job-shop scheduling for semiconductor manufacturing with hybrid answer set programming (application paper) . In: PADL. Springer, pp. 85–95, doi: 10.1007/978-3-031-24841-2_6 . M. Balduccini (2011): Industrial-size scheduling with ASP+CP . In: LPNMR. Springer, pp. 284–296, doi: 10.1007/978-3-642-20895-9_33 . M. Banbara, K. Inoue, B. Kaufmann, T. Okimoto, T. Schaub, T. Soh, N. Tamura & P. Wanko (2019): teaspoon: Solving the curriculum-based course timetabling problems with answer set programming . Ann. Oper. Res. 275(1), pp. 3–37, doi: 10.1007/s10479-018-2757-7 . P. Brucker & R. Schlie (1990): Job-shop scheduling with multi-purpose machines . Computing 45(4), pp. 369–375, doi: 10.1007/BF02238804 . I. A. Chaudhry & A. A. Khan (2016): A research survey: Review of flexible job shop scheduling techniques . ITOR 23(3), pp. 551–591, doi: 10.1111/itor.12199 . C. Dodaro, G. Galatà, A. Grioni, M. Maratea, M. Mochi & I. Porro (2021): An ASP-based solution to the chemotherapy treatment scheduling problem . TPLP 21(6), pp. 835–851, doi: 10.1017/S1471068421000363 . M. M. S. El-Kholany, M. Gebser & K. Schekotihin (2022): Problem decomposition and multi-shot ASP solving for job-shop scheduling . TPLP 22(4), pp. 623–639, doi: 10.1017/S1471068422000217 . G. Francescutto, K. Schekotihin & M. M. S. El-Kholany (2021): Solving a multi-resource partial-ordering flexible variant of the job-shop scheduling problem with hybrid ASP . In: JELIA. Springer, pp. 313–328, doi: 10.1007/978-3-030-75775-5_21 . M. Gebser, R. Kaminski, B. Kaufmann, M. Lindauer, M. Ostrowski, J. Romero, T. Schaub, S. Thiele & P. Wanko (2019): Potassco user guide . https://potassco.org . O. Holthaus & C. Rajendran (1997): Efficient dispatching rules for scheduling in a job shop . Int. J. Production Economics 48(1), pp. 87–105, doi: 10.1016/S0925-5273(96)00068-0 . T. Janhunen, R. Kaminski, M. Ostrowski, S. Schellhorn, P. Wanko & T. Schaub (2017): Clingo goes linear constraints over reals and integers . TPLP 17(5-6), pp. 872–888, doi: 10.1017/S1471068417000242 . D. Kopp, M. Hassoun, A. Kalir & L. Mönch (2020): SMT2020—A semiconductor manufacturing testbed . T-SCM 33(4), pp. 522–531, doi: 10.1109/TSM.2020.3001933 . V. Lifschitz (2019): Answer set programming . Springer, doi: 10.1007/978-3-030-24658-7 . F. Ricca, G. Grasso, M. Alviano, M. Manna, V. Lio, S. Iiritano & N. Leone (2012): Team-building with answer set programming in the Gioia-Tauro seaport . TPLP 12(3), pp. 361–381, doi: 10.1017/S147106841100007X . E. Taillard (1993): Benchmarks for basic scheduling problems . Eur. J. Oper. Res. 64(2), pp. 278–285, doi: 10.1016/0377-2217(93)90182-M . P. Tassel & M. Rbaia (2021): A multi-shot ASP encoding for the aircraft routing and maintenance planning problem . In: JELIA. Springer, pp. 442–457, doi: 10.1007/978-3-030-75775-5_30 . B. Waschneck, A. Reichstaller, L. Belzner, T. Altenmüller, T. Bauernhansl, A. Knapp & A. Kyek (2018): Optimization of global production scheduling with deep reinforcement learning . Procedia CIRP 72, pp. 1264–1269, doi: 10.1016/j.procir.2018.03.212 . Body-Decoupled Grounding via Solving: A Novel Approach on the ASP Bottleneck (Extended Abstract) Viktor Besin ( TU Wien ) Markus Hecher ( Massachusetts Institute of Technology ) Stefan Woltran ( TU Wien ) This is an extended abstract of [ 1 ] that appeared at IJCAI’22. Research was funded by Vienna Science and Technology Fund (WWTF) grant ICT19-065 and Austrian Science Fund (FWF) grants J 4656 and P 32830. Answer-Set Programming (ASP) has seen tremendous progress over the last two decades and is nowadays successfully applied in many real-world domains. However, for certain problems, the well-known ASP grounding bottleneck still causes severe problems. This becomes virulent when grounding of rules, where the variables have to be replaced by constants, leads to a ground program that is too huge to be processed by the ASP solver. In this work, we tackle this problem by a novel method that decouples non-ground atoms in rules in order to delegate the evaluation of rule bodies to the solving process. Our procedure translates a non-ground normal program into a ground disjunctive program that is exponential only in the maximum predicate arity, and thus polynomial if this arity is bounded by a constant. We demonstrate the feasibility of this new method experimentally by comparing it to standard ASP technology in terms of grounding size, grounding time and runtime. 1 Body-Decoupled Grounding Motivated by the ASP [ 3 , 6 ] , the problem of traditional grounding systems resulting in exponentially large programs when instantiating non-ground rules (even for programs with bounded predicate arities), we briefly tease the concept of body-decoupled grounding. The idea of this approach is to reduce the grounding size and grounding time by decoupling dependencies between different predicates of rule bodies. The potential of this is motivated by the following example. Example 1. Assume the following non-ground program Π that decides in ( 1 ) for each edge ( e ) of a given graph, whether to pick it ( p p ). Then, in ( 2 ) it is ensured that the choice of edges does not form triangles. p ( A,B ) p ( A,B ) ← e ( A,B ) (1) ← p ( X,Y ) ,p ( Y,Z ) ,p ( X,Z ) ,X ≠ Y,Y ≠ Z,X ≠ Z. (2) The typical grounding effort of ( 2 ) is in O ( |dom (Π )| 3 ) . Our approach grounds body predicates of ( 2 ) individually, yielding groundings that are linear in the size of the ground atoms. In our example, this corresponds to O ( |dom (Π )| 2 ) due to arity 2 . [ 2 , 5 , 4 ] , we introduce a reduction-based translation from non-ground, tight (and normal) programs to ground, disjunctive programs, resulting in an alternative grounding procedure. Our encodings translate a non-ground rule by (i) guessing whether the head atom is part of the answer set, (ii) ensuring satisfiabilty of the rule and (iii) preventing unfoundedness of the guessed head atom. To lift this idea to normal programs, one can rely on encoding (iv) orderings. Since every step of the procedure instantiates at most one body predicate at a time, we intuitively deploy body-decoupling, which keeps the grounding size polynomial when assuming bounded predicate arity. Notably, our results imply that body-decoupled grounding blends-in well with existing approaches, enabling us to interleave different grounding approaches. 2 Experimental Results We implemented a software tool, called newground ( The system including supplemental material is available at https://github.com/viktorbesin/newground ), realizing body-decoupled grounding via search as described above. The system newground is written in Python3 and uses, among others, the API of clingo 5.5 and its ability to efficiently parse logic programs via syntax trees. In our implementation, we opted for partial reducability, allowing users to select program parts that shall be reduced and those being (traditionally) grounded, thereby internally relying on gringo . Figure 1: Grounding profile of S1 for gringo (left) and newground (right). The x-axis refers to the instance size; the y-axis indicates density. Circles mark instances grounded < 1800 s ; the left (right) half depicts grounding time (size), respectively. Mind the different color scales (e.g., 10000MB vs. 1600MB). Figure 2: (Left): Scatter plot of grounding size over Scenarios S1–S4 of newground (x-axis) compared to both gringo (blue) and idlv (green) on the y-axis. Those instances that could be solved are highlighted in orange. (Right): Cactus plot of overall (grounding and solving ) time over Scenarios S1-S4. In order to evaluate newground , we design a series of benchmarks. Clearly, we cannot beat highly optimized grounders in all imaginable scenarios. Instead, we discuss potential use cases, where body-decoupled grounding is preferrable, since this approach can be incorporated into every grounder. We consider these (directed) graph scenarios : (S1) 3-coloring, (S2) reachable paths, (S3) cliques, (S4) non-partition-removal colorings [ 8 ] and (S5) stable marriages (ASP comp. 2014), and compared to gringo and idlv while measuring grounding size, grounding time as well as overall time. From our experiments we crafted grounding profiles for each tool. Figure 1 depicts the grounding profile of S1 for gringo (left) and newground (right), showing grounding times and sizes, depending on the instance size (x-axis) and density (y-axis). Interestingly, for newground grounding times and sizes for a fixed instance size (column) of Figure 1 (right) are quite similar, which is in contrast to Figure 1 (left), suggesting that compared to gringo , newground is not that sensitive to instance density. In terms of pure grounding time, our experiments show that newground in fact outperforms in four of five scenarios. Interestingly, while doing so, newground also massively reduces the grounding size (cf., Figure 2 (left), almost all dots above diagonal), while keeping instances solvable where gringo and idlv output groundings beyond 30GB. For the overall (solving) performance we refer to Figure 2 (right). While newground performs best, we still see a clear difference between solving and grounding performance, which reveals that only a small amount of those grounded instances can then actually be solved by [ 1 ] . 3 Conclusion This work introduces a grounding-approach based on a reduction suggesting the body-decoupling of grounding-intense ASP rules. The reduction translates tight (normal) non-ground rules into disjunctive ground rules, thereby being exponential only in the maximum predicate arity. While our evaluation shows that body-decoupled grounding applied on crucial (tight) program parts reduces grounding size compared to state-of-the-art exact grounders, we are currently working on evaluating and tuning of an implementation for normal programs [ 7 ] . References Viktor Besin, Markus Hecher & Stefan Woltran (2022): Body-Decoupled Grounding via Solving: A Novel Approach on the ASP Bottleneck . In: IJCAI’22 , ijcai.org, pp. 2546–2552. Available at https://doi.org/10.24963/ijcai.2022/353 . Nicole Bido ít & Christine Froidevaux (1991): Negation by default and unstratifiable logic programs . Theoretical Computer Science 78(1), pp. 85–112, doi: 10. H.B 1016/ H.B 0304-3975(51)90004-7 H.B . Bernardo Cuteri, Carmine Dodaro, Francesco Ricca & Peter Sch üller (2020): Overcoming the Grounding Bottleneck Due to Constraints in ASP Solving: Constraints Become Propagators . In: IJCAI , ijcai.org, pp. 1688–1694. Thomas Eiter, Wolfgang Faber, Michael Fink & Stefan Woltran (2007): Complexity results for answer set programming with bounded predicate arities and implications . Annals of Mathematics and Artificial Intelligence 51(2-4), pp. 123–165. Wiktor Marek & Miros ław Truszczy ński (1991): Autoepistemic logic . Journal of the ACM 38(3), pp. 588–619, doi: 10. H.B 1145/ H.B 116825. H.B 116836 H.B . Efthymia Tsamoura, V íctor Guti érrez-Basulto & Angelika Kimmig (2020): Beyond the Grounding Bottleneck: Datalog Techniques for Inference in Probabilistic Logic Programs . In: AAAI’20 , AAAI Press, pp. 10284–10291. Kaan Unalan (2022): Body-Decoupled Grounding in Normal Answer Set Programs . Bachelor’s Thesis, TU Wien, Austria. Antonius Weinzierl, Richard Taupe & Gerhard Friedrich (2020): Advancing Lazy-Grounding ASP Solving Techniques - Restarts, Phase Saving, Heuristics, and More . Theory Pract. Log. Program. 20(5), pp. 609–624. Tackling the DM Challenges with cDMN: A Tight Integration of DMN and Constraint Reasoning (Extended Abstract) Simon Vandevelde ( DTAI KU Leuven ) Bram Aerts ( DTAI KU Leuven ) Joost Vennekens ( DTAI KU Leuven ) This extended abstract summarizes work published in Theory and Practice of Logic Programming [ 5 ]. Introduction The Decision Model and Notation (DMN) [ 4 ] standard, maintained by the Object Management Group, allows to represent data and decision logic in an intuitive, table-based way. It is meant to be used directly by business experts, and as such, aims to be user-friendly and low in complexity. Decisions in DMN are modelled in decision tables , which contain the in-depth business logic of the model. As an example, Fig 1 shows a table to decide a patient's BMI Level. The meaning of such a decision table is straightforward: the value of the output variable (right, in light blue) is defined by the value of the input variable(s) (left, in green). Each row of the table corresponds to a decision rule. We say that a rule fires whenever the actual value of the input variables match the values listed in its cells. The way in which the inputs define the output depends on the hit policy , denoted in the top-left corner. In the example, the U(nique) hit policy denotes that the rules may not overlap. Example of decision table cDMN: Extending DMN with constraints While DMN allows modellers to elegantly represent a deterministic decision process, it lacks the ability to specify constraints on the solution space. To address this, we present ""Constraint Decision Model and Notation"" (cDMN), an extension of DMN with constraints. It also allows for representations that are independent of domain size by supporting types, functions, relations and quantifications. Importantly, it does so in a way that retains the ease of use for domain experts. To illustrate cDMN, we will now briefly go over each type of table, and illustrate them using the graph colouring example in Fig. 2 . Glossary In logical terms, the ""variables"" of standard DMN correspond to constants (i.e., 0-ary functions). cDMN extends these by adding n -ary functions and predicates. Modellers must declare their vocabulary by means of a glossary, which consists of at most five glossary tables: Type , Function , Relation , Boolean and Constant . Logic in cDMN is typed : modellers must define types in the Type table together with a set of domain elements. For example, the types Country and Colour respectively represent the domain of countries and colours. In the Function table, symbols can be declared as functions of one or more types to another. All types that appear in the description are interpreted as arguments, and the remainder constitutes the name of the function itself. As such, colour of Country in our example corresponds to c o l o u r _ o f : C o u n t r y -> C o l o u r . In a similar manner, we can declare n -ary predicates in the Relation table, such as Country borders Country . This predicate corresponds to the 2-ary predicate b o r d e r s : C o u n t r y * C o u n t r y -> Bool . The last two glossary tables are used to introduce boolean symbols (i.e., propositions) and constants, and are not demonstrated in the example. Decision tables and constraint tables Where DMN decision tables must precisely define a symbol, our constraint tables do not have this property. Instead, each row of the table expresses a logical implication: if the conditions on the inputs are satisfied, the condition on the output must hold as well. We introduce a new hit policy, denoted as ""E*"" (Every), because it expresses that every implication must be satisfied. cDMN also extends the expressions that are allowed in the column headers. Columns of the form "" Type called var "" introduce a universally quantified variable var over the domain of Type . Each subsequent column may use this variable in the header or the cells. In this way, we introduce universal quantification in decision and constraint tables. To illustrate, the constraint table in the example introduces two variables, c1 and c2 , both of type Country . It can be read as: ""For every country c1 and c2, it must hold that if the two countries border, they do not have the same colour"". The table corresponds to the following FO formula: ! c 1, c 2[ Country ] : border ( c 1, c 2) => colour_of ( c 1) ~= colour_of ( c 2). Data tables Typically, problems can be split up into two parts: (1) the general logic of the problem, and (2) the specific problem instance to solve. In the map colouring example, the general logic consists of the constraint that two bordering countries cannot share a colour, whereas the instance of the problem is the specific map (e.g., Western Europe) to colour. cDMN extends DMN with data tables , which are used to represent the problem instances, separating them from the general logic. In terms of classical logic, a data table corresponds to the interpretation of a symbol. Goal table A standard DMN model defines a deterministic decision procedure. In cDMN, this is no longer the case: cDMN models instead have a solution space. By including a goal table, modellers can state what the specification is to be used for: generating x solutions, generating the solution with an optimal value for a variable, or deriving the consequences. Example of a cDMN model for the map colouring problem cDMN models can be executed using the cDMN solver [ 1 ]. It translates the model to First Order Logic, and then runs the IDP-Z3 reasoning engine [ 3 ] to generate solutions. Results We evaluated cDMN by implementing DM Community challenges [ 2 ], which are challenges set forth by the decision management community to test the boundaries of DMN. Of the 24 challenges we considered, cDMN could model 22, whereas state-of-the-art DMN engines could model 12. We find that our models are more robust to domain changes due to the introduction of types, quantification and data tables. Moreover, cDMN implementations are typically more concise, and do not need to rely on unconventional workarounds (as is the case in some of the DMN implementations). We feel that these benefits make cDMN models more readable and maintainable compared to the other solutions due to its increased expressiveness. References cDMN documentation . http://www.cdmn.be. DMCommunity Challenge . https://dmcommunity.org/challenge/. Pierre Carbonnelle, Simon Vandevelde, Joost Vennekens & Marc Denecker (2023): Interactive Configurator with FO(.) and IDP-Z3 . ArXiv: 2202.00343 . Object Management Group (2021-02, 2021): Decision Model and Notation v1.3 . Simon Vandevelde, Bram Aerts & Joost Vennekens (2021): Tackling the DM Challenges with cDMN: A Tight Integration of DMN and Constraint Reasoning . Theory and Practice of Logic Programming, pp. 1–24, doi: 10.1017/S1471068421000491 . FOLL-E: Teaching First Order Logic to Children (Extended Abstract) Simon Vandevelde ( DTAI KU Leuven ) Joost Vennekens ( DTAI KU Leuven ) This abstract summarizes work presented at the Thirteenth AAAI Symposium on Educational Advances in Artificial Intelligence [ 6 ] Introduction First-order logic (FO) is an important foundation of many domains, such as mathematics, philosophy, computer science and artificial intelligence. Currently, there is a growing interest in teaching computer science concepts and computational thinking to children, such as through Scratch [ 5 ], Blockly [ 3 ] or CS Unplugged [ 1 ]. One topic which appears to be curiously understudied, however, is that of teaching of FO. Indeed, FO is not only important in CS and AI, but learning FO can also help children in a variety of other disciplines by sharpening their reasoning skills. While Kowalski and colleagues already saw the potential of teaching Prolog in 1980 [ 4 ], not many tools or applications have been published for teaching any form of logic since then. This is due to a number of issues that may make teaching FO difficult: (1) logic has a steep learning curve, (2) it does not ""do"" anything, and (3) it is not fun due to the lack of graphics, animations and sounds. In our work, we overcome these objections by designing an appropriate learning environment. The focus of this environment is twofold: a child-friendly representation for FO, combined with a fun and engaging task to solve. Goals and Approach Representation of FO: The traditional way of writing logic is hard for children to understand. Our goal is therefore to introduce an alternative notation that meets four goals: (G1) avoid discouraging children with finicky syntax , (G2) make the structure of formulas clear , (G3) encourage experimentation , and (G4) encourage collaboration . To meet these goals, we designed a block-based representation for FO, inspired by languages such as Scratch and Blockly. It was designed according to a pegs-and-slots approach, in which blocks physically fit together if the connection is syntactically correct and the formulas are correctly typed. This representation, of which an example is shown in Fig. 1 , effectively eliminates syntax errors (G1), and provides a clear overview of the structure of the formulas (G2). Blocks expressing ""All blocks are red"" Laser-cut blocks (Engraving in Dutch) Block-based notation for FO Instead of implementing these blocks in a GUI, we laser cut physical blocks out of 3mm plywood, engraved with their intended meaning and, when possible, a relevant icon (Fig. 3 ). Blocks representing a colour were also painted in that colour. In this way, the bocks are low on text, with much visual stimulation. This results in a tactile, playful and almost puzzle-like experience, which stimulates experimentation (G3) and encourages experimentation between children (G4). Task to solve: Our system asks children to construct formulas in order to solve certain tasks. In designing these tasks, we focus on teaching the models-relation (R1). In addition, we also aim to: (R2) provide clear and immediate feedback , (R3) offer a gradual increase in difficulty , and (R4) make learning fun and engaging . As an application domain, we have chosen the design of simple robots, as shown on the monitor in Fig. 4 . A robot consists of six body parts, called components , which can be individually coloured in one of three colours. Additionally, a robot may also wear a hard hat. In the application, children are shown three ""good"" robots and three ""bad"" robots, and must devise a rule that distinguishes between them. In other words, they must create a formula for which the three good robots are models and the three bad ones are not (R1). By puzzling together blocks, the children can express sentences of increasing difficulty, such as ""The left leg is blue"", ""If the robot wears a helmet, it has a green body"" and ""Every component that is a limb must be coloured green"" (R3). A Raspberry Pi mini-computer continually scans the playing area, and, as soon as it detects a complete sentence, will run the IDP-Z3 reasoning system [ 2 ] to verify which robots satisfy the formula, which is shown visually on the screen. FOLL-E is ""always live"": in this way, it gives immediate feedback (R2). Moreover, the feedback is entirely visual, which makes the application more intuitive, enticing and engaging (R4). Photos taken at a FOLL-E workshop Results As a preliminary evaluation, we tested FOLL-E in workshops aimed at 8-13 year old children. During the workshop, the children are given a 5 minute introduction on FOLL-E, after which they are free to play through the levels in pairs. All students were able to complete all ten levels, but the time required varied with age: children near the upper age limit (13) finished about 15 minutes ahead of the others. The children reported that in general (a) they enjoyed their time with FOLL-E, (b) found the puzzle-like nature inviting and (c) liked the assignment. One of the older children remarked ""It's satisfying to puzzle the pieces together and see the result, especially if it's correct."" In future work, we will be teaming up with cognitive psychology researchers to measure the effectiveness of the tool. Furthermore, we will be looking at what changes can be made to make the tool more effective, such as introducing more levels, experimenting with applications besides robot design, and adding automated error explanation. References Tim Bell & Jan Vahrenhold (2018): CS UnpluggedHow Is It Used, and Does It Work? . In: Hans-Joachim Böckenhauer, Dennis Komm & Walter Unger: Adventures Between Lower Bounds and Higher Altitudes: Essays Dedicated to Juraj Hromkovič on the Occasion of His 60th Birthday. Springer International Publishing, Cham, pp. 497–521, doi: 10.1007/978-3-319-98355-4_29 . Pierre Carbonnelle, Simon Vandevelde, Joost Vennekens & Marc Denecker (2023): Interactive Configurator with FO(.) and IDP-Z3 . ArXiv: 2202.00343 . Neil Fraser (2015): Ten Things We've Learned from Blockly . In: 2015 IEEE Blocks and beyond Workshop (Blocks and Beyond), pp. 49–50, doi: 10.1109/BLOCKS.2015.7369000 . Robert A Kowalski (1982): Logic as a Computer Language for Children . In: ECAI, pp. 2–10. Mitchel Resnick, John Maloney, Andrés Monroy-Hernández, Natalie Rusk, Evelyn Eastmond, Karen Brennan, Amon Millner, Eric Rosenbaum, Jay Silver, Brian Silverman & Yasmin Kafai (2009): Scratch: Programming for All . Communications of The Acm 52(11), pp. 60–67, doi: 10.1145/1592761.1592779 . Simon Vandevelde & Joost Vennekens (2023): FOLL-E: Teaching First Order Logic to Children . In: Proceedings of the Thirteenth AAAI Symposium on Educational Advances in Artificial Intelligence, Washington, USA. Learning to Break Symmetries for Efficient Optimization in Answer Set Programming (Extended Abstract) Alice Tarzariol ( University of Klagenfurt ) Martin Gebser ( University of Klagenfurt and Graz University of Technology ) Konstantin Schekotihin ( University of Klagenfurt ) Mark Law ( ILASP Limited ) Abstract The ability to efficiently solve hard combinatorial optimization problems is a key prerequisite to various applications of declarative programming paradigms. Symmetries in solution candidates pose a significant challenge to modern optimization algorithms since the enumeration of such candidates might substantially reduce their optimization performance. The full version of this paper proposes a novel approach using Inductive Logic Programming (ILP) to lift symmetry-breaking constraints for optimization problems modeled in Answer Set Programming (ASP). Given an ASP encoding with optimization statements and a set of representative instances, our method augments ground ASP programs with auxiliary normal rules enabling the identification of symmetries by existing tools, like sbass . Then, the obtained symmetries are lifted to first-order constraints with ILP. We show the correctness of our method and evaluate it on optimization problems from the domain of automated configuration. Our experiments show significant improvements of optimization performance due to the learned first-order constraints. The full version of this paper was presented at AAAI 2023 . Introduction Combinatorial optimization problems appear in various practical applications, including transportation, manufacturing, healthcare, or power generation and distribution. An efficient and elegant approach to tackle these problems is to model them in a declarative programming paradigm such as Answer Set Programming (ASP) [ 6 ]. However, finding optimal solutions to the vast majority of real-world problems is challenging since their search spaces include many symmetric solution candidates, i.e., an isomorphic candidate can be obtained by permuting elements of a known solution. To be effective, the problem encoding must thus include Symmetry-Breaking Constraints (SBCs) that prune the search space of solution candidates by removing symmetric ones. Hence, several techniques to automatically identify and discard redundant solutions have been designed in the recent decades [ 7 , 8 , 13 ], based on embedding symmetry breaking in search algorithms or adding SBCs to a given problem encoding or instance, respectively. In the context of ASP, the system sbass [ 5 ] was designed to provide an instance-specific approach to symmetry breaking. To this end, sbass identifies symmetries of a ground ASP program by (i) representing the input program as a colored graph, (ii) finding symmetric vertex permutations in the graph using saucy [ 1 , 3 ], and (iii) constructing ground SBCs from the permutations. In previous work [ 9 ], we introduced an approach that learns first-order constraints by lifting ground SBCs of sbass by means of Inductive Logic Programming (ILP) [ 2 ]. Our method applies sbass to a set of representative problem instances and then uses the obtained permutations to define an ILP task. The subsequent learning phase determines first-order constraints that remove symmetric solutions (classified as negative examples) while preserving the representative solutions (positive examples). The main shortcoming of previously introduced methods [ 10 , 12 ] to learn constraints from SBCs of ASP programs is their inability to deal with optimization statements. That is, if a suboptimal solution happens to be lexicographically smallest and is taken as representative to discard symmetric solutions, the learned constraints might eliminate (all) optimal solutions from the search space. Example 1 Let us consider the (ground) ASP program $P_1$: 1 {a;b;c} 1. :~ a. [3] :~ b. [2] :~ c. [3] The choice rule in the first line gives rise to three answer sets: $\mathit{AS}(P_1)$ = {{a}, {b}, {c}} . Three weak constraints in the second line attribute the weight $3$ to answer sets including a or c , and $2$ to the answer set comprising b , so that the optimal answer set is {b} . When sbass is run to analyze $P_1$, i.e., the choice rule in the first line, it classifies the answer sets in $\mathit{AS}(P_1)$ as symmetric. Thus, applying the previous approach [ 12 ] yields the lexicographically smallest answer set {a} as representative solution to preserve, while {b} and {c} are considered redundant. As a consequence, the framework will learn some constraint(s), e.g., :- not a. , eliminating the optimal answer set {b} with the smallest weight $2$. Contributions In our AAAI 2023 paper [ 11 ], we extend the learning approaches of [ 10 , 12 ] to optimization problems and make the following contributions: We propose a method that augments a ground ASP program $P$ with auxiliary rules, $O_P$, that do not change the solutions but tighten the applicable symmetries for optimization problems. We show that sbass on $P \cup O_P$ partitions solutions of $P$ in a way that respects their quality determined by optimization statements. That is, each cell of the partition of answer sets computed by sbass is guaranteed to consist of symmetric solutions sharing the same optimization value. We enhance the previous learning approaches to support the learning of effective first-order constraints for optimization problems. Lastly, we test the proposed framework on combinatorial configuration problems incorporating optimization statements. Our results show that the learning performance is comparable between ILP tasks defined with or without taking optimization statements into account. Moreover, the learned first-order constraints prune the symmetries of optimization problems and thus speed up the computation of (representative) optimal solutions. Conclusion Our AAAI 2023 paper extends the previous framework [ 9 , 10 , 12 ] to support the learning of effective first-order constraints for optimization problems. The introduced auxiliary rules are crucial for sbass to identify symmetries applicable to ASP programs with optimization statements. We have shown the correctness of this approach and devised suitable methods to generate ILP tasks for optimization problems. Experiments with the new framework on optimization versions of the combinatorial problems addressed in [ 10 , 12 ] as well as on the fastfood problem [ 4 ] show that the learned constraints can help to significantly speed up the computation of (representative) optimal solutions. The implementation, benchmarks as well as settings for reproducing our experiments can be found at https://github.com/prosysscience/Symmetry_Breaking_with_ILP/tree/optimization . Acknowledgment This work was funded by KWF project 28472, cms electronics GmbH, FunderMax GmbH, Hirsch Armbänder GmbH, incubed IT GmbH, Infineon Technologies Austria AG, Isovolta AG, Kostwein Holding GmbH, and Privatstiftung Kärntner Sparkasse. References P. Codenotti, H. Katebi, K. Sakallah & I. Markov (2013): Conflict Analysis and Branching Heuristics in the Search for Graph Automorphisms . In: IEEE 25th International Conference on Tools with Artificial Intelligence. IEEE Computer Society, pp. 907–914, doi: 10.1109/ICTAI.2013.139 . A. Cropper, S. Dumančić & S. Muggleton (2020): Turning 30: New ideas in Inductive Logic Programming . In: International Joint Conference on Artificial Intelligence. ijcai.org, pp. 4833–4839, doi: 10.24963/ijcai.2020/673 . P. Darga, H. Katebi, M. Liffiton, I. Markov & K. Sakallah (2004): Saucy . http://vlsicad.eecs.umich.edu/BK/SAUCY/. Accessed: 2021-05-21. M. Denecker, J. Vennekens, S. Bond, M. Gebser & M. Truszczyński (2009): The Second Answer Set Programming Competition . In: E. Erdem, F. Lin & T. Schaub: Proceedings of the Tenth International Conference on Logic Programming and Nonmonotonic Reasoning (LPNMR'09), Lecture Notes in Artificial Intelligence 5753. Springer, pp. 637–654, doi: 10.1007/978-3-642-04238-6_75 . C. Drescher, O. Tifrea & T. Walsh (2011): Symmetry-breaking answer set solving . AI Communications 24(2), pp. 177–194, doi: 10.3233/AIC-2011-0495 . V. Lifschitz (2019): Answer Set Programming . Springer, doi: 10.1007/978-3-030-24658-7 . F. Margot (2010): Symmetry in integer linear programming . In: 50 Years of Integer Programming 1958-2008. Springer, pp. 647–686, doi: 10.1007/978-3-540-68279-0_17 . K. Sakallah (2009): Symmetry and Satisfiability . In: A. Biere, M. Heule, H. van Maaren & T. Walsh: Handbook of Satisfiability, chapter 10, Frontiers in Artificial Intelligence and Applications 185. IOS Press, pp. 289–338, doi: 10.3233/978-1-58603-929-5-289 . A. Tarzariol, M. Gebser & K. Schekotihin (2021): Lifting Symmetry Breaking Constraints with Inductive Logic Programming . In: International Joint Conference on Artificial Intelligence. ijcai.org, pp. 2062–2068, doi: 10.24963/ijcai.2021/284 . A. Tarzariol, M. Gebser & K. Schekotihin (2022): Lifting Symmetry Breaking Constraints with Inductive Logic Programming . Machine Learning 111(4), pp. 1303 – 1326, doi: 10.1007/s10994-022-06146-3 . A. Tarzariol, M. Gebser, K. Schekotihin & M. Law (2023): Learning to Break Symmetries for Efficient Optimization in Answer Set Programming . In: Proceedings of the Thirty-seventh National Conference on Artificial Intelligence (AAAI'23). AAAI Press. To appear. A. Tarzariol, K. Schekotihin, M. Gebser & M. Law (2022): Efficient Lifting of Symmetry Breaking Constraints for Complex Combinatorial Problems . Theory and Practice of Logic Programming, doi: 10.1017/S1471068422000151 . T. Walsh (2012): Symmetry breaking constraints: Recent results . In: 26th AAAI Conference on Artificial Intelligence. AAAI Press, pp. 2192–2198, doi: 10.1609/aaai.v26i1.8437 ."
Inductive Learning of Declarative Domain-Specific Heuristics for ASP.,iclp,2023,Richard Comploi-Taupe,10.4204/eptcs.385.14,4,209,"Domain-specific heuristics are a crucial technique for the efficient solving of problems that are large or computationally hard. Answer Set Programming (ASP) systems support declarative specifications of domain-specific heuristics to improve solving performance. However, such heuristics must be invented manually so far. Inventing domain-specific heuristics for answer-set programs requires expertise with the domain under consideration and familiarity with ASP syntax, semantics, and solving technology. The process of inventing useful heuristics would highly profit from automatic support. This paper presents a novel approach to the automatic learning of such heuristics. We use Inductive Logic Programming (ILP) to learn declarative domain-specific heuristics from examples stemming from (near-)optimal answer sets of small but representative problem instances. Our experimental results indicate that the learned heuristics can improve solving performance and solution quality when solving larger, harder instances of the same problem."
Qiana: A First-Order Formalism to Quantify over Contexts and Formulas.,kr,2024,"Simon Coumes, Pierre-Henri Paris, François Schwarzentruber, Fabian Suchanek",10.1613/jair.1.18402,2,148,
On Verifying and Generating Robust Plans for Planning Tasks with Exogenous Events.,kr,2024,"Lukas Chrpa, Erez Karpas",10.24963/kr.2024/26,2,472,"Planning and acting under the presence of exogenous events brings a number of challenges as events might modify the environment without the consent of the acting agent. Consequently, the agent's pl..."
Probabilistic Declarative Process Mining.,iclp,2025,"Anti Alman, Fabrizio Maria Maggi, Marco Montali, Rafael Peñaloza",10.1016/j.is.2022.102033,4,563,
Revisiting Inferential Benchmarks for Knowledge Graph Completion.,kr,2023,"Shuwen Liu, Bernardo Cuenca Grau, Ian Horrocks, Egor V. Kostylev",10.24963/kr.2023/45,4,484,Knowledge Graph (KG) completion is the problem of extending an incomplete KG with missing facts. A key feature of Machine Learning approaches for KG completion is their ability to learn inference p...
Platform for Introducing Logic Programming in Bulgarian Secondary Schools - IDEAS (Intelligent Data Educational Analysis System).,iclp,2025,"Veneta Tabakova-Komsalova, Ivan Stoyanov, George Cholakov, Magdalena Maglizhanova",10.18421/tem134-56,1,355,
Automated Planning with Ontologies Under Coherence Update Semantics.,kr,2025,"Stefan Borgwardt, Duy Nhu, Gabriele Röger",10.24963/kr.2025/72,5,277,Standard automated planning employs first-order formulas under closed-world semantics to achieve a goal with a given set of actions from an initial state. We follow a line of research that aims to ...
Blending Grounding and Compilation for Efficient ASP Solving.,kr,2024,"Carmine Dodaro, Giuseppe Mazzotta, Francesco Ricca",10.24963/kr.2024/30,4,137,"Answer Set Programming (ASP) is a widely recognized formalism for Knowledge Representation and Reasoning. Traditional ASP systems, that employ the ground and solve architecture, are subject to the ..."
Quantitative and Stream Extensions of Answer Set Programming.,iclp,2021,Rafael Kiesel,10.4204/eptcs.345.43,4,270,"Answer Set Programming has separately been extended with constraints, to the streaming domain, and with capabilities to reason over the quantities associated with answer sets. We propose the introduction and analysis of a general framework that incorporates all three directions of extension by exploiting the strengths of Here-and-There Logic and Weighted Logic."
Preference-Based Abstract Argumentation for Case-Based Reasoning.,kr,2024,"Adam Gould, Guilherme Paulino-Passos, Seema Dadhania, Matthew Williams, Francesca Toni",10.24963/kr.2024/37,3,164,"In the pursuit of enhancing the efficacy and flexibility of interpretable, data-driven classification models, this work introduces a novel incorporation of user-defined preferences with Abstract Ar..."
exp(ASPc) : Explaining ASP Programs with Choice Atoms and Constraint Rules.,iclp,2021,"Ly Ly Trieu, Tran Cao Son, Marcello Balduccini",10.4204/eptcs.345.28,5,323,"We present an enhancement of exp(ASP), a system that generates explanation graphs for a literal l - an atom a or its default negation ~a - given an answer set A of a normal logic program P, which explain why l is true (or false) given A and P. The new system, exp(ASPc), differs from exp(ASP) in that it supports choice rules and utilizes constraint rules to provide explanation graphs that include information about choices and constraints."
Symmetries and Expressive Requirements for Learning General Policies.,kr,2024,"Dominik Drexler, Simon Ståhlberg, Blai Bonet, Hector Geffner",10.24963/kr.2024/79,2,589,"State symmetries play an important role in planning and generalized planning. In the first case, state symmetries can be used to reduce the size of the search; in the second, to reduce the size of ..."
Routing and Scheduling in different ways: Abridged Preliminary Report.,iclp,2023,,10.1021/acs.iecr.8b00799.s001,1,422,
Advancing Interactive Explainable AI via Belief Change Theory.,kr,2024,"Antonio Rago, Maria Vanina Martinez",10.24963/kr.2024/87,5,229,"As AI models become ever more complex and intertwined in humansâ daily lives, greater levels of interactivity of explainable AI (XAI) methods are needed. In this paper, we propose the use of belief..."
Inconsistency Handling in Prioritized Databases with Universal Constraints: Complexity Analysis and Links with Active Integrity Constraints.,kr,2023,"Meghyn Bienvenu, Camille Bourgaux",10.24963/kr.2023/10,2,14,"This paper revisits the problem of repairing and querying inconsistent databases equipped with universal constraints. We adopt symmetric difference repairs, in which both deletions and additions of..."
Tabling Optimization for Contextual Abduction.,iclp,2020,"Ridhwan Dewoprabowo, Ari Saptawijaya",10.4204/eptcs.325.20,3,349,"Tabling for contextual abduction in logic programming has been introduced as a means to store previously obtained abductive solutions in one context to be reused in another context. This paper identifies a number of issues in the existing implementations of tabling in contextual abduction and aims to mitigate the issues. We propose a new program transformation for integrity constraints to deal with their proper application for filtering solutions while also reducing the table memory usage. We further optimize the table memory usage by selectively picking predicates to table and by pragmatically simplifying the representation of the problem. The evaluation of our proposed approach, on both artificial and real world problems, shows that they improve the scalability of tabled abduction compared to previous implementations."
Formally Explaining Decision Tree Models with Answer Set Programming.,iclp,2025,"Akihiro Takemura, Masayuki Otani, Katsumi Inoue",10.4204/eptcs.439.29,5,564,"Decision tree models, including random forests and gradient-boosted decision trees, are widely used in machine learning due to their high predictive performance. However, their complex structures often make them difficult to interpret, especially in safety-critical applications where model decisions require formal justification. Recent work has demonstrated that logical and abductive explanations can be derived through automated reasoning techniques. In this paper, we propose a method for generating various types of explanations, namely, sufficient, contrastive, majority, and tree-specific explanations, using Answer Set Programming (ASP). Compared to SAT-based approaches, our ASP-based method offers greater flexibility in encoding user preferences and supports enumeration of all possible explanations. We empirically evaluate the approach on a diverse set of datasets and demonstrate its effectiveness and limitations compared to existing methods."
On Feasibility of Declarative Diagnosis.,iclp,2023,Włodzimierz Drabent,10.4204/eptcs.385.20,2,70,"The programming language Prolog makes declarative programming possible, at least to a substantial extent. Programs may be written and reasoned about in terms of their declarative semantics. All the advantages of declarative programming are however lost when it comes to program debugging. This is because the Prolog debugger is based solely on the operational semantics. Declarative methods of diagnosis (i.e. locating errors in programs) exist, but are neglected. This paper discusses their possibly main weaknesses and shows how to overcome them. We argue that useful ways of declarative diagnosis of logic programs exist, and should be usable in actual programming."
Learning ASP Domain-specific Heuristics using Transformers.,iclp,2025,Marcello Balduccini,10.3233/aic-2011-0493,5,303,
// Efficient Declarative Solutions in Picat for Optimal Multi-Agent Pathfinding.,iclp,2017,"Roman Bartak, Neng-Fa Zhou, Roni Stern, Eli Boyarski, Pavel Surynek",10.1109/ictai.2017.00147,1,382,"The multi-agent pathfinding (MAPF) problem has attracted considerable attention because of its relation to practical applications. In this paper, we present a constraint-based declarative model for MAPF, together with its implementation in Picat, a logic-based programming language. We show experimentally that our Picat-based implementation is highly competitive and sometimes outperforms previous approaches. Importantly, the proposed Picat implementation is very versatile. We demonstrate this by showing how it can be easily adapted to optimize different MAPF objectives, such as minimizing makespan or minimizing the sum of costs, and for a range of MAPF variants. Moreover, a Picat-based model can be automatically compiled to several general-purpose solvers such as SAT solvers and Mixed Integer Programming solvers (MIP). This is particularly important for MAPF because some MAPF variants are solved more efficiently when compiled to SAT while other variants are solved more efficiently when compiled to MIP. We analyze these differences and the impact of different declarative models and encodings on empirical performance."
Tree-Like Justification Systems are Consistent.,iclp,2022,"Simon Marynissen, Bart Bogaerts",10.4204/eptcs.364.1,1,539,Justification theory is an abstract unifying formalism that captures semantics of various non-monotonic logics. One intriguing problem that has received significant attention is the consistency problem: under which conditions are justifications for a fact and justifications for its negation suitably related. Two variants of justification theory exist: one in which justifications are trees and one in which they are graphs. In this work we resolve the consistency problem once and for all for the tree-like setting by showing that all reasonable tree-like justification systems are consistent.
Depth-Bounded Epistemic Planning.,kr,2025,"Thomas Bolander, Alessandro Burigana, Marco Montali",10.24963/kr.2025/70,1,288,"We propose a novel algorithm for epistemic planning based on dynamic epistemic logic (DEL). The novelty is that we limit the depth of reasoning of the planning agent to an upper bound b, meaning th..."
Link Prediction in Knowledge Graphs with Probabilistic Logic Programming: Work in Progress.,iclp,2023,"LUIGI BELLOMARINI, ELEONORA LAURENZA, EMANUEL SALLINGER, EVGENY SHERKHONOV",10.1017/s1471068422000412,4,482,Swift Markov Logic for Probabilistic Reasoning on Knowledge Graphs - Volume 23 Issue 3
Nemo: First Glimpse of a New Rule Engine.,iclp,2023,"Alex Ivliev, Stefan Ellmauthaler, Lukas Gerlach, Maximilian Marx, Matthias Meißner, Simon Meusel, Markus Krötzsch",10.4204/eptcs.385.35,2,179,"This system demonstration presents Nemo, a new logic programming engine with a focus on reliability and performance. Nemo is built for data-centric analytic computations, modelled in a fully declarative Datalog dialect. Its scalability for these tasks matches or exceeds that of leading Datalog systems. We demonstrate uses in reasoning with knowledge graphs and ontologies with 10^5 to 10^8 input facts, all on a laptop. Nemo is written in Rust and available as a free and open source tool."
"Proceedings 39th International Conference on Logic Programming, ICLP 2023, Imperial College London, UK, 9th July 2023 - 15th July 2023.",iclp,2023,", Zhaoyang Jacopo Hu, Longrui Chen, , Yanpei Huang, , Etienne Burdet, , Ferdinando Rodriguez Y Baena, ",10.31256/hsmr2023.57,1,133,
A Low-Level Index for Distributed Logic Programming.,iclp,2020,Thomas Prokosch,10.4204/eptcs.325.40,2,191,"A distributed logic programming language with support for meta-programming and stream processing offers a variety of interesting research problems, such as: How can a versatile and stable data structure for the indexing of a large number of expressions be implemented with simple low-level data structures? Can low-level programming help to reduce the number of occur checks in Robinson's unification algorithm? This article gives the answers."
Learning and Contesting Assumption-based Argumentation Frameworks (Invited Talk).,iclp,2025,"Ofer Arieli, Jesse Heyninck",10.2139/ssrn.4850544,2,304,
Imperative Program Synthesis from Answer Set Programs.,iclp,2019,Sarat Chandra Varanasi,10.4204/eptcs.306.55,4,78,Our research concerns generating imperative programs from Answer Set Programming Specifications. ASP is highly declarative and is ideal for writing specifications. Further with negation-as-failure it is easy to succinctly represent combinatorial search problems. We are currently working on synthesizing imperative programs from ASP programs by turning the negation into useful computations. This opens up a novel way to synthesize programs from executable specifications.
Generating Local Search Neighborhood with Synthesized Logic Programs.,iclp,2019,"Mateusz Ślażyński, Salvador Abreu, Grzegorz J. Nalepa",10.4204/eptcs.306.22,5,122,"Local Search meta-heuristics have been proven a viable approach to solve difficult optimization problems. Their performance depends strongly on the search space landscape, as defined by a cost function and the selected neighborhood operators. In this paper we present a logic programming based framework, named Noodle, designed to generate bespoke Local Search neighborhoods tailored to specific discrete optimization problems. The proposed system consists of a domain specific language, which is inspired by logic programming, as well as a genetic programming solver, based on the grammar evolution algorithm. We complement the description with a preliminary experimental evaluation, where we synthesize efficient neighborhood operators for the traveling salesman problem, some of which reproduce well-known results."
A Reduct-based Approach to Skeptical Preferred Reasoning in Abstract Argumentation.,kr,2025,"Lars Bengel, Julian Sander, Matthias Thimm",10.24963/kr.2025/13,3,36,"We consider abstract argumentation frameworks and, in particular, the problem of skeptical reasoning wrt. preferred semantics, i.e., deciding whether a given argument is contained in every preferre..."
"On Conflict-free Labellings - Realizability, Construction and Patterns of Redundancy.",kr,2023,"Ringo Baumann, Anne-Marie Heine",10.24963/kr.2023/70,5,208,"The paper deals with the topic of realizability in abstract argumentation. More precisely, we consider the most basic kind of labellings, so-called conflict-free labellings. The understanding of th..."
LP-LM: No Hallucinations in Question Answering with Logic Programming.,iclp,2024,"Katherine Wu, Yanhong A. Liu",10.4204/eptcs.416.5,3,333,"Large language models (LLMs) are able to generate human-like responses to user queries. However, LLMs exhibit inherent limitations, especially because they hallucinate. This paper introduces LP-LM, a system that grounds answers to questions in known facts contained in a knowledge base (KB), facilitated through semantic parsing in Prolog, and always produces answers that are reliable. LP-LM generates a most probable constituency parse tree along with a corresponding Prolog term for an input question via Prolog definite clause grammar (DCG) parsing. The term is then executed against a KB of natural language sentences also represented as Prolog terms for question answering. By leveraging DCG and tabling, LP-LM runs in linear time in the size of input sentences for sufficiently many grammar rules. Performing experiments comparing LP-LM with current well-known LLMs in accuracy, we show that LLMs hallucinate on even simple questions, unlike LP-LM."
Order-Sorted Intensional Logic: Expressing Subtyping Polymorphism with Typing Assertions and Quantification over Concepts.,iclp,2024,"Đorđe Marković, Marc Denecker",10.4204/eptcs.416.22,1,154,"Subtyping, also known as subtype polymorphism, is a concept extensively studied in programming language theory, delineating the substitutability relation among datatypes. This property ensures that programs designed for supertype objects remain compatible with their subtypes. In this paper, we explore the capability of order-sorted logic for utilizing these ideas in the context of Knowledge Representation. We recognize two fundamental limitations: First, the inability of this logic to address the concept rather than the value of non-logical symbols, and second, the lack of language constructs for constraining the type of terms. Consequently, we propose guarded order-sorted intensional logic, where guards are language constructs for annotating typing information and intensional logic provides support for quantification over concepts."
Optimisation and Approximation in Abstract Argumentation: The Case of Admissibility.,kr,2024,"Kenneth Skiba, Matthias Thimm",10.24963/kr.2024/63,3,310,"We propose two soft notions of the notion of admissibility in abstract argumentation. The first one weakens the defence notion by allowing, to a certain degree, undefended attacks, and the second o..."
A Logic-based Multi-agent System for Ethical Monitoring and Evaluation of Dialogues.,iclp,2021,"Abeer Dyoub, Stefania Costantini, Ivan Letteri, Francesca A. Lisi",10.4204/eptcs.345.32,2,594,"Dialogue Systems are tools designed for various practical purposes concerning human-machine interaction. These systems should be built on ethical foundations because their behavior may heavily influence a user (think especially about children). The primary objective of this paper is to present the architecture and prototype implementation of a Multi Agent System (MAS) designed for ethical monitoring and evaluation of a dialogue system. A prototype application, for monitoring and evaluation of chatting agents' (human/artificial) ethical behavior in an online customer service chat point w.r.t their institution/company's codes of ethics and conduct, is developed and presented. Future work and open issues with this research are discussed."
"Strategy Logic, Imperfect Information, and Hyperproperties.",kr,2025,"Raven Beutner, Bernd Finkbeiner",10.24963/kr.2025/15,3,61,"Strategy logic (SL) is a powerful temporal logic that enables first-class reasoning over strategic behavior in multi-agent systems (MAS). In many MASs, the agents (and their strategies) cannot obse..."
Halting Recurrent GNNs and the Graded mu-Calculus.,kr,2025,"Jeroen Bollen, Jan Van den Bussche, Stijn Vansummeren, Jonni Virtema",10.24963/kr.2025/18,2,463,Graph Neural Networks (GNNs) are a class of machine-learning models that operate on graph-structured data. Their expressive power is intimately related to logics that are invariant under graded bi...
Constrained Default Logic Programming.,iclp,2022,David Poole,10.1093/oso/9780198537472.003.0004,4,494,
On the Potential of CLIP for Compositional Logical Reasoning.,iclp,2023,Justin Brody,10.4204/eptcs.385.10,2,302,"In this paper we explore the possibility of using OpenAI's CLIP to perform logically coherent grounded visual reasoning. To that end, we formalize our terms and give a geometric analysis of how embeddings in CLIP's latent space would need to be configured in order for the system to be logically coherent. Our main conclusion is that, as usually configured, CLIP cannot perform such reasoning."
Integration of Logical English and s(CASP).,iclp,2022,,10.3403/01582237,4,170,BS ISO 13584-20:1998: The Standard for Industrial automation systems and integration. Parts library - Logical resource: Logical model of expressions
Iterative ASP Pipelines: Enhancements for Robots Playing Mobile Games.,iclp,2025,,10.1201/b14610-10,4,5,We have seen the various types of actuator motors and drive systems to power the robot motion. The most prominent form of drive used in robotics is electrical
On the Translation of ASP Rules to (Controlled) Natural Language Sentences.,iclp,2025,"SIMONE CARUSO, CARMINE DODARO, MARCO MARATEA, MARCO MOCHI, FRANCESCO RICCIO",10.1017/s1471068423000388,4,375,CNL2ASP: Converting Controlled Natural Language Sentences into ASP - Volume 24 Issue 2
A Methodology for Incompleteness-Tolerant and Modular Gradual Semantics for Argumentative Statement Graphs.,kr,2025,"Antonio Rago, Stylianos Loukas Vasileiou, Son Tran, Francesca Toni, William Yeoh",10.24963/kr.2025/49,2,499,"Gradual semantics (GS) have demonstrated great potential in argumentation, in particular for deploying quantitative bipolar argumentation frameworks (QBAFs) in a number of real-world settings, f..."
Gradient-Based Supported Model Computation in Vector Spaces.,iclp,2021,"Taisuke Sato, Chiaki Sakama, Katsumi Inoue",10.5220/0009093407580765,4,6,
Abstraction in Assumption-based Argumentation.,kr,2024,"Iosif Apostolakis, Zeynep G. Saribatur, Johannes P. Wallner",10.24963/kr.2024/5,5,194,Approaches to computational argumentation provide foundational ways to reason argumentatively within Artificial Intelligence (AI). The underlying formal approaches can oftentimes be classified into...
Model Checking Linear Temporal Logic with Standpoint Modalities.,kr,2025,"Rajab Aghamov, Christel Baier, Toghrul Karimov, Rupak Majumdar, Joël Ouaknine, Jakob Piribauer, Timm Spork",10.24963/kr.2025/1,2,477,"Standpoint linear temporal logic (SLTL) is a recently introduced extension of classical linear temporal logic (LTL) with standpoint modalities. Intuitively, these modalities allow to express tha..."
Communication with Individuals with Disabilities and the Role of LLMs: Progress Report.,kr,2024,Amogh Khaparde,10.58445/rars.1653,1,546,
A Coq Formalization of Unification Modulo Exclusive-Or.,iclp,2024,"Yichi Xu, Daniel J. Dougherty, Rose Bohrer",10.4204/eptcs.416.23,1,120,"Equational Unification is a critical problem in many areas such as automated theorem proving and security protocol analysis. In this paper, we focus on XOR-Unification, that is, unification modulo the theory of exclusive-or. This theory contains an operator with the properties Associativity, Commutativity, Nilpotency, and the presence of an identity. In the proof assistant Coq, we implement an algorithm that solves XOR unification problems, whose design was inspired by Liu and Lynch, and prove it sound, complete, and terminating. Using Coq's code extraction capability we obtain an implementation in the programming language OCaml."
Axiomatic Characterisations of Argumentation Semantics.,kr,2025,Leila Amgoud,10.24963/kr.2025/4,2,73,"The evaluation of argument strength lies at the core of any argumentation system. Numerous semantics have been proposed for this purpose, along with a variety of principles (or axioms) that such se..."
From Infinite to Finite Traces and Back: Linear Temporal Logic in Sequential Decision Making.,kr,2024,"Luca Geatti, Alessandro Gianola, Nicola Gigante",10.24963/ijcai.2022/366,1,275,
Temporal Conditional Reasoning with Weighted Knowledge Bases.,iclp,2025,Christian Eichhorn,10.1007/978-3-476-04824-0_6,3,169,"Conditionals are logical entities composed from the set of propositional formulas, and conditional knowledge bases are composed from sets of conditionals. Therefore it is possible to encode information in very different and even unclear or confusing ways. Conditional..."
Reliable Natural Language Understanding with Large Language Models and Answer Set Programming.,iclp,2023,"Abhiramon Rajasekharan, Yankai Zeng, Parth Padalkar, Gopal Gupta",10.4204/eptcs.385.27,5,378,"Humans understand language by extracting information (meaning) from sentences, combining it with existing commonsense knowledge, and then performing reasoning to draw conclusions. While large language models (LLMs) such as GPT-3 and ChatGPT are able to leverage patterns in the text to solve a variety of NLP tasks, they fall short in problems that require reasoning. They also cannot reliably explain the answers generated for a given question. In order to emulate humans better, we propose STAR, a framework that combines LLMs with Answer Set Programming (ASP). We show how LLMs can be used to effectively extract knowledge -- represented as predicates -- from language. Goal-directed ASP is then employed to reliably reason over this knowledge. We apply the STAR framework to three different NLU tasks requiring reasoning: qualitative reasoning, mathematical reasoning, and goal-directed conversation. Our experiments reveal that STAR is able to bridge the gap of reasoning in NLU tasks, leading to significant performance improvements, especially for smaller LLMs, i.e., LLMs with a smaller number of parameters. NLU applications developed using the STAR framework are also explainable: along with the predicates generated, a justification in the form of a proof tree can be produced for a given output."
Neuro-Symbolic Contrastive Learning for Cross-domain Inference.,iclp,2024,"Mingyue Liu, Ryo Ueda, Zhen Wan, Katsumi Inoue, Chris G. Willcocks",10.4204/eptcs.416.6,4,107,"Pre-trained language models (PLMs) have made significant advances in natural language inference (NLI) tasks, however their sensitivity to textual perturbations and dependence on large datasets indicate an over-reliance on shallow heuristics. In contrast, inductive logic programming (ILP) excels at inferring logical relationships across diverse, sparse and limited datasets, but its discrete nature requires the inputs to be precisely specified, which limits their application. This paper proposes a bridge between the two approaches: neuro-symbolic contrastive learning. This allows for smooth and differentiable optimisation that improves logical accuracy across an otherwise discrete, noisy, and sparse topological space of logical functions. We show that abstract logical relationships can be effectively embedded within a neuro-symbolic paradigm, by representing data as logic programs and sets of logic rules. The embedding space captures highly varied textual information with similar semantic logical relations, but can also separate similar textual relations that have dissimilar logical relations. Experimental results demonstrate that our approach significantly improves the inference capabilities of the models in terms of generalisation and reasoning."
Counterfactual Scenarios for Automated Planning.,kr,2025,"Nicola Gigante, Francesco Leofante, Andrea Micheli",10.24963/kr.2025/76,2,284,Counterfactual Explanations (CEs) are a powerful technique used to explain Machine Learning models by showing how the input to a model should be minimally changed for the model to produce a diff...
Presburger Functional Synthesis: Complexity and Tractable Normal Forms.,kr,2025,"S. Akshay, A. R. Balasubramanian, Supratik Chakraborty, Georg Zetzsche",10.24963/kr.2025/2,2,325,"Given a relational specification between inputs and outputs as a logic formula, the problem of functional synthesis is to automatically synthesize a function from inputs to outputs satisfying the r..."
Justifications and Blocking Sets in a Rule-Based Answer Set Computation.,iclp,2016,,10.1017/cbo9781139342124.008,2,397,"Knowledge Representation, Reasoning, and the Design of Intelligent Agents - March 2014"
Proper Linear-time Specifications of Environment Behaviors in Nondeterministic Planning and Reactive Synthesis.,kr,2024,"Benjamin Aminof, Giuseppe De Giacomo, Sasha Rubin, Florian Zuleger",10.24963/kr.2024/4,2,531,"To help it achieve its goal, an agent exploits assumptions it has about the behavior of its environment. The common view in planning and reactive synthesis is that such assumptions are sets of trac..."
A Fixpoint Characterization of Three-Valued Disjunctive Hybrid MKNF Knowledge Bases.,iclp,2022,"Spencer Killen, Jia-Huai You",10.4204/eptcs.364.6,1,341,"The logic of hybrid MKNF (minimal knowledge and negation as failure) is a powerful knowledge representation language that elegantly pairs ASP (answer set programming) with ontologies. Disjunctive rules are a desirable extension to normal rule-based reasoning and typically semantic frameworks designed for normal knowledge bases need substantial restructuring to support disjunctive rules. Alternatively, one may lift characterizations of normal rules to support disjunctive rules by inducing a collection of normal knowledge bases, each with the same body and a single atom in its head. In this work, we refer to a set of such normal knowledge bases as a head-cut of a disjunctive knowledge base. The question arises as to whether the semantics of disjunctive hybrid MKNF knowledge bases can be characterized using fixpoint constructions with head-cuts. Earlier, we have shown that head-cuts can be paired with fixpoint operators to capture the two-valued MKNF models of disjunctive hybrid MKNF knowledge bases. Three-valued semantics extends two-valued semantics with the ability to express partial information. In this work, we present a fixpoint construction that leverages head-cuts using an operator that iteratively captures three-valued models of hybrid MKNF knowledge bases with disjunctive rules. This characterization also captures partial stable models of disjunctive logic programs since a program can be expressed as a disjunctive hybrid MKNF knowledge base with an empty ontology. We elaborate on a relationship between this characterization and approximators in AFT (approximation fixpoint theory) for normal hybrid MKNF knowledge bases."
Efficient Volume Computation for SMT Formulas.,kr,2025,"Arijit Shaw, Uddalok Sarkar, Kuldeep S. Meel",10.24963/kr.2025/53,2,116,Satisfiability Modulo Theory (SMT) has recently emerged as a powerful tool for solving various automated reasoning problems across diverse domains. Unlike traditional satisfiability methods confine...
Extended Abstract: A Reliable Common-Sense Reasoning Socialbot Built Using LLMs and Goal-Directed ASP.,iclp,2024,"YANKAI ZENG, ABHIRAMON RAJASEKHARAN, KINJAL BASU, HUADUO WANG, JOAQUÍN ARIAS, GOPAL GUPTA",10.1017/s147106842400022x,3,83,A Reliable Common-Sense Reasoning Socialbot Built Using LLMs and Goal-Directed ASP - Volume 24 Issue 4
Extending Abstract Argumentation Frameworks with Knowledge Bases.,kr,2025,"Gianvincenzo Alfano, Sergio Greco, Cristian Molinaro, Francesco Parisi, Irina Trubitsyna",10.24963/kr.2025/3,4,373,"Dung's abstract Argumentation Framework (AF) has been extended in several directions to make knowledge representation and reasoning more intuitive and expressive. In this paper, we present the Kn..."
On LLM-generated Logic Programs and their Inference Execution Methods.,iclp,2024,Paul Tarau,10.4204/eptcs.416.1,5,380,"Large Language Models (LLMs) trained on petabytes of data are highly compressed repositories of a significant proportion of the knowledge accumulated and distilled so far. In this paper we study techniques to elicit this knowledge in the form of several classes of logic programs, including propositional Horn clauses, Dual Horn clauses, relational triplets and Definite Clause Grammars. Exposing this knowledge as logic programs enables sound reasoning methods that can verify alignment of LLM outputs to their intended uses and extend their inference capabilities. We study new execution methods for the generated programs, including soft-unification of abducible facts against LLM-generated content stored in a vector database as well as GPU-based acceleration of minimal model computation that supports inference with large LLM-generated programs."
Modular Stochastic Rewritable Petri Nets.,iclp,2024,,10.1002/9781394388660.ch3,5,364,
Regular Typed Unification.,iclp,2024,"João Barbosa, Mário Florido, Vítor Santos Costa",10.4204/eptcs.416.21,1,575,"Here we define a new unification algorithm for terms interpreted in semantic domains denoted by a subclass of regular types here called deterministic regular types. This reflects our intention not to handle the semantic universe as a homogeneous collection of values, but instead, to partition it in a way that is similar to data types in programming languages. We first define the new unification algorithm which is based on constraint generation and constraint solving, and then prove its main properties: termination, soundness, and completeness with respect to the semantics. Finally, we discuss how to apply this algorithm to a dynamically typed version of Prolog."
Approximating Weakly Preferred Semantics in Abstract Argumentation through Vacuous Reduct Semantics.,kr,2023,"Lydia Blümel, Matthias Thimm",10.24963/kr.2023/11,1,71,We consider the recently introduced vacuous reduct semantics in abstract argumentation that allows the composition of arbitrary argumentation semantics through the notion of the reduct. We show tha...
