title,venue,year,authors,doi,Label,id,abstract
Tabled CLP for Reasoning Over Stream Data.,iclp,2016,"Edmond Jajaga, Lule Ahmedi",10.1109/icsc.2017.64,1,299,"Semantic technologies have been extensively used for integrating stream data applications. However, using SWRL, which has become the de facto standard rule language in Semantic Web, has never been used in stream data applications. Its open world assumption and monotonic nature makes SWRL powerless for doing continuous inference over stream data. For example, using aggregate functions on a particular window of streams cannot be expressed in SWRL. C-SPARQL is a framework which supports continuous querying over data streams. We introduce here C-SWRL, a unified Semantic Web stream reasoning system that further supports continuous reasoning over stream data. C-SWRL utilizes C-SPARQL filtering and aggregation of RDF streams to enable closed-world and time-aware reasoning with SWRL rules. Moreover, the non-monotonic behavior is supported with the use of OWLAPI constructs. The system is presented by means of examples in water quality monitoring."
"XAI-LAW: A Logic Programming Tool for Modeling, Explaining, and Learning Legal Decisions.",iclp,2025,"Agostino Dovier, Talissa Dreossi, Andrea Formisano, Benedetta Strizzolo",10.4204/eptcs.439.28,5,92,"We propose an approach to model articles of the Italian Criminal Code (ICC), using Answer Set Programming (ASP), and to semi-automatically learn legal rules from examples based on prior judicial decisions. The developed tool is intended to support legal experts during the criminal trial phase by providing reasoning and possible legal outcomes. The methodology involves analyzing and encoding articles of the ICC in ASP, including ""crimes against the person"" and property offenses. The resulting model is validated on a set of previous verdicts and refined as necessary. During the encoding process, contradictions may arise; these are properly handled by the system, which also generates possible decisions for new cases and provides explanations through a tool that leverages the ""supportedness"" of stable models. The automatic explainability offered by the tool can also be used to clarify the logic behind judicial decisions, making the decision-making process more interpretable. Furthermore, the tool integrates an inductive logic programming system for ASP, which is employed to generalize legal rules from case examples."
"Workshop Proceedings of the 40th International Conference on Logic Programming (ICLP-WS 2024) co-located with the 40th International Conference on Logic Programming (ICLP 2024), Dallas, TX, USA, October 12th and 13th, 2024.",iclp,2024,"Esteban Guerrero, Juan Carlos Nieves",10.1007/978-3-031-74209-5_21,1,311,"Traditionally, in the argumentation theory literature structured arguments are constructed from rules interpretations aiming to build well-supported deductive evidence. Different from other approaches, we emphasize the role of investigating general frameworks that..."
Probabilistic Active Goal Recognition.,kr,2025,"Chenyuan Zhang, Cristian Rojas Cardenas, Hamid Rezatofighi, Mor Vered, Buser Say",10.24963/kr.2025/85,5,136,"In multi-agent environments, effective interaction hinges on understanding the beliefs and intentions of other agents. While prior work on goal recognition has largely treated the observer as a pas..."
Heuristic Strategies for Accelerating Multi-Agent Epistemic Planning.,kr,2024,"Biqing Fang, Fangzhen Lin",10.24963/kr.2024/32,1,41,"Multi-agent epistemic planning (MEP) is about achieving an epistemic goal in a multi-agent environment using agentsâ actions that have epistemic preconditions and effects. Recently, MEP has receive..."
Succinctness and Complexity of ALC with Counting Perceptrons.,kr,2023,"Pietro Galliani, Oliver Kutz, Nicolas Troquard",10.24963/kr.2023/29,3,235,Perceptron operators have been introduced to knowledge representation languages such as description logics in order to define concepts by listing features with associated weights and by giving a th...
Action Languages and COVID-19: Lessons Learned.,iclp,2020,,10.1515/9781503629882-011,2,518,"There must be a way to put both health and care back into health care. Biomedicine is a strong imperial power. But it’s not the only power in the world.Much effort has gone into trying to put the care back in, to take people outside of the efficiency of the hospital and into a more humanized care. It’s seen as expensive. Maybe it is. But the hospital isn’t cheap. What if some of the money that is poured into long and useless hospital-izations  were  spent  on  family  leave?  Home  birth  with  back-up  medical  services  as  needed  can  be  far  cheaper  than putting everyone into hospitals. Hospice care can be cheaper than horrific, isolating, and pointless ICU stays. People in places like Finland and Canada regularly try to tell me that unlike the US they have free care. But it’s not free.  It’s  tax  money  going  to  the  Biomedical  Empire.  Money that could be spent on home care, on caring care.We are, even in the midst of globalization, still a world"
"Flexible, Lifelong, Explainable, and Robust Solutions for Multi-Agent Path Finding Problems.",iclp,2025,Aysu Bogatarkan,10.1609/aaai.v40i48.42143,4,403,"Abstract The multi-agent path finding (MAPF) problem is a combinatorial search problem that aims at finding paths for multiple agents in an environment without collisions, subject to constraints on the lengths of paths. The real-world applications of MAPF require flexible, lifelong, robust and explainable solutions. In this study, these challenges are being addressed."
Planning Domain Model Acquisition from State Traces without Action Parameters.,kr,2024,"Tomáš Balyo, Martin Suda, Lukáš Chrpa, Dominik Šafránek, Stephan Gocht, Filip Dvořák, Roman Barták, G. Michael Youngblood",10.24963/kr.2024/76,1,569,Existing planning action domain model acquisition approaches consider different types of state traces from which they learn. The differences in state traces refer to the level of observability of s...
CHRvis: Syntax and Semantics.,iclp,2018,,10.1016/s0092-4563(08)36021-8,1,342,"The year is 2002 and here we are at a symposium on Foundations and the Ontological Quest. The first thing to say is how bleak the present situation is. In foundational studies of mathematics and physics we have been stuck for seventy years; despite numerous books, articles, and meetings, there has been no real progress. Seventy years ago Gödel established his incompleteness theorem [1], destroying the foundational program of David Hilbert [2]. Just a year or two later, Gödel showed [3] that Brouwer’s intuitionism [4], advanced as a correct constructive alternative to an allegedly incorrect classical mathematics, was actually an extension of classical mathematics rather than an alternative to it. In short order Gödel dashed the hopes of the formalists and the intuitionists, seemingly leaving no choice other than blind Platonic belief. I shall say more about this later. Just over seventy years ago, Heisenberg [5] and Schrödinger [6] created quantum mechanics. There have been innumerable attempts to develop a rational understanding of this eminently successful physical theory, but not one of them has met with general acceptance. The foundations of cosmology seem to change radically every few years. It is a field in which, more than in any other science, the problem of separating observational fact from theoretical assumption is refractory. I look forward to learning about foundational problems of cognitive science. I hope there is progress there. But in mathematics and physics there has been little or none in seventy long years."
Exploring Neurosymbolic Systems in Answer Set Programming with an Application to Waste Water Monitoring.,iclp,2025,"Steffen Schieweck, Gabriele Kern-Isberner, Michael ten Hompel",10.5220/0006489300250034,5,510,"Intelligent, self-driving vehicles on public roads are widely noted in the media nowadays. In warehouse and production systems, such vehicles have been common for a number of years, even though their intelligence has only come to awareness in the recent years. Those systems are especially tailored to work in volatile environments which change (to some degree) every few weeks or months. Thus, programming is required to be as flexible as possible while still providing high efficiency. Answer set programming is a well known paradigm which has received remarkable attention in the recent years. In this paper several approaches are presented and evaluated to apply answer set programming to an order-picking system with intelligent vehicles. The interconnected planning tasks are the dispatching of vehicles to driving jobs and the assignment of customer orders to picking stations."
On Simple Expectations and Observations of Intelligent Agents: A Complexity Study.,kr,2023,"Sourav Chakraborty, Avijeet Ghosh, Sujata Ghosh, François Schwarzentruber",10.24963/kr.2023/14,4,451,Public observation logic (POL) reasons about agent expectations and agent observations in various real world situations. The expectations of agents take shape based on certain protocols about the w...
"Proceedings 38th International Conference on Logic Programming, ICLP 2022 Technical Communications / Doctoral Consortium, Haifa, Israel, 31st July 2022 - 6th August 2022.",iclp,2022,,10.1007/978-3-031-26622-5,1,29,"The DaLi 2022 proceedings deal with the field of dynamic logic, its variants and applications, e.g. quantum dynamic logic, Kleene and action algebras."
Testing of Concurrent Programs.,iclp,2016,Valerio Terragni,10.14711/thesis-b1778938,1,134,"Rapid advances in multi-core chip technology have lead to pervasive adoption of shared-memory concurrent programming, where software is jointly executed by multiple threads in a shared memory space. The inherent complexity of thread synchronization makes the evolution of concurrent programs error-prone, because code modification can affect how threads synchronize, which in turn can induce concurrent faults. Regression testing is an important activity performed to guard against faults introduced by code changes. It is often performed by re-executing those existing tests that run successfully before code modification. If these tests trigger an unexpected failure, developers know that the code modification has introduced a regression fault. However, this approach has two fundamental problems that make it inefficient and ineffective to expose regression faults: (1) Re-executing all the existing tests often requires long execution times, which can easily exceed the affordable time budget. (2) Existing tests might not be adequate to expose regression faults - in this case developers have to write additional tests, which is costly and labor intensive. This situation is aggravated for concurrent programs whose executions have non-deterministic behaviours, depending on the manifested thread interleavings. To address these problems, in this thesis, we propose first a technique to reduce the execution times of regression testing concurrent programs by exploring only those interleavings that could reveal regression faults. Further, we propose a technique to alleviate the developers's burden of writing new concurrent tests manually. We also present a combination of these two techniques to generate effective tests and oracles that expose and detect regression faults in concurrent programs."
Determining Action Reversibility in STRIPS Using Answer Set Programming.,iclp,2020,"WOLFGANG FABER, MICHAEL MORAK, LUKÁŠ CHRPA",10.1017/s1471068421000429,3,321,Determining Action Reversibility in STRIPS Using Answer Set and Epistemic Logic Programming - Volume 21 Issue 5
Domain-Independent Instance Generation for Classical Planning.,kr,2025,"Claudia Grundke, Malte Helmert, Gabriele Röger",10.24963/kr.2025/77,5,171,Learning-based planning systems learn domain-specific knowledge that helps them to solve unseen tasks from the same planning domain. For this purpose they require a diverse set of training instance...
On Teaching Constraint-based Modeling and Algorithms for Decision Support in Prolog.,iclp,2024,"Huaiqing Wang, Stephen Liao, Lejian Liao",10.1016/s0167-9236(01)00138-5,4,357,"Most existing decision support systems (DSSs) are hard to fit satisfactorily into emerging working practices or organizational environments. Decision-making is becoming more pluralistic and less hierarchical, determined not so much by position in the corporate hierarchy but much by the argumentative and evidential value. Such decision-making can only be supported by those DSSs with negotiation support facilities. Intelligent negotiation agents can be used to model many decision-making negotiation tasks. Such negotiation agents are able to interact and negotiate with users and with each other. In addition, the newly emerging constraint agent technology provides a promising solution for such negotiation agents. In this paper, we present a model by applying constraint negotiation agents for DSSs. An object-oriented constraint language for modeling constraint agents is defined. Within our model, constraint DSS agents are able to reason cooperatively with users or with other agents. Negotiation among agents and users is modeled as a process of interactive constraint satisfaction. Efficient algorithms for the implementation of negotiation-oriented constraint satisfaction are also presented. As manpower costs become more and more expensive and as the negotiation workload increases, the future DSSs will play more important roles in the negotiation process. It is expected that our work will contribute to the future DSS design and development."
Relational Graph Convolutional Networks Do Not Learn Sound Rules.,kr,2024,"Matthew Morris, David J. Tena Cucala, Bernardo Cuenca Grau, Ian Horrocks",10.24963/kr.2024/84,4,13,"Graph neural networks (GNNs) are frequently used to predict missing facts in knowledge graphs (KGs). Motivated by the lack of explainability for the outputs of these models, recent work has aimed t..."
On the Correspondence Between Monotonic Max-Sum GNNs and Datalog.,kr,2023,"David Tena Cucala, Bernardo Cuenca Grau, Boris Motik, Egor V. Kostylev",10.24963/kr.2023/64,4,417,"Although there has been significant interest in applying machine learning techniques to structured data, the expressivity (i.e., a description of what can be learned) of such techniques is still po..."
Contracted Temporal Equilibrium Logic.,kr,2024,"Pedro Cabalar, Thomas Eiter, Davide Soldà",10.24963/kr.2024/21,3,404,"The stable model semantics of logic programs has been characterized by Equilibrium Logic, which is a non-monotonic formalism that selects models from the (monotonic) intermediate logic of Here-and-..."
Improving Candidate Quality of Probabilistic Logic Models.,iclp,2018,Alex M. Andrew,10.1108/k.2000.06729iae.003,3,481,"The text presents logic and probabilistic techniques for computer modelling and analytical study of risks of losses in banks and ventures. The authors claim that in a field of credit risk evaluation the logic and probabilistic techniques may guarantee twofold more accuracy and sevenfold more robustness of credit classification than conventional methods. Namely, it is demonstrated theoretically, as well as by example, that now classical techniques of neural network based classification, using tabular representation of ""object-attribute""mapping, may lose in precision when competing with techniques offered in this book. A complex problem of quantitative evaluation of a risk of losses is linked to classification and estimation tasks. A theory of logic and probabilistic modelling of failure risks in the groups of incompatible events is introduced. Learning and identification techniques of designing reflexive logical models from statistical data are discussed. An outline of software implementation of the logic and probabilistic models is presented. The book is aimed at analysts in banks and ventures, students in business schools and postgraduate researchers, all those interested in numerical estimation and analysis of failure risks."
Extracting Policies from Quantified Answer Set Programs.,iclp,2025,"Martín Diéguez, Igor Stéphan",10.4204/eptcs.439.16,5,74,"Quantified Answer Set Programming (QASP) extends Answer Set Programming (ASP) by allowing quantification over propositional variables, similar to Quantified Boolean Formulas (QBF). In this paper, we interpret models of QASP formulas in terms of policies, which represent decision-making strategies that determine how existentially quantified variables should be assigned, given the conditions set by universally quantified variables. As a main contribution, we present an algorithm for policy extraction under QASP semantics, inspired by the Equilibrium Logic semantics for general ASP theories."
On Combining Collective Entity Resolution and Repairing (Extended Abstract).,kr,2023,"Meghyn Bienvenu, Gianluca Cima, Víctor Gutiérrez-Basulto",10.24963/ijcai.2023/349,3,361,"This paper considers the problem of querying dirty databases, which may contain both erroneous facts and multiple names for the same entity. While both of these data quality issues have been widely studied in isolation, our contribution is a holistic framework for jointly deduplicating and repairing data. Our REPLACE framework follows a declarative approach, utilizing logical rules to specify under which conditions a pair of entity references can or must be merged and logical constraints to specify consistency requirements. The semantics defines a space of solutions, each consisting of a set of merges to perform and a set of facts to delete, which can be further refined by applying optimality criteria. As there may be multiple optimal solutions, we use classical notions of possible and certain query answers to reason over the alternative solutions, and introduce a novel notion of most informative answer to obtain a more compact presentation of query results. We perform a detailed analysis of the data complexity of the central reasoning tasks of recognizing optimal solutions and (most informative) possible and certain answers, for each of the three notions of optimal solution and for both general and restricted specifications."
Navigating and Querying Answer Sets: How Hard Is It Really and Why?,kr,2024,"Dominik Rusovac, Markus Hecher, Martin Gebser, Sarah Alice Gaggl, Johannes K. Fichte",10.24963/kr.2024/60,5,409,Answer set programming is a popular declarative paradigm with countless applications for modeling and solving combinatorial problems. We can view a program as a knowledge database compactly represe...
Explanations for Unrealizability of Infinite-State Safety Shields.,kr,2025,"Andoni Rodríguez, Irfansha Shaik, Davide Corsi, Roy Fox, César Sánchez",10.24963/kr.2025/83,2,56,"Safe Reinforcement Learning focuses on developing optimal policies while ensuring safety. A popular method to address such task is shielding, in which a correct-by-construction safety component ..."
Emerson-Lei and Manna-Pnueli Games for LTLf+ and PPLTL+ Synthesis.,kr,2025,"Daniel Hausmann, Shufang Zhu, Gianmarco Parretti, Christoph Weinhuber, Giuseppe De Giacomo, Nir Piterman",10.24963/kr.2025/78,1,203,"Recently, the Manna-Pnueli Hierarchy has been used to define the temporal logics LTLf+ and PPLTL+, which allow to use finite-trace LTLf/PPLTL techniques in infinite-trace settings while achieving t..."
Commonsense Reasoning-Aided Autonomous Vehicle Systems.,iclp,2024,Keegan Kimbrell,10.4204/eptcs.416.36,1,103,"Autonomous Vehicle (AV) systems have been developed with a strong reliance on machine learning techniques. While machine learning approaches, such as deep learning, are extremely effective at tasks that involve observation and classification, they struggle when it comes to performing higher level reasoning about situations on the road. This research involves incorporating commonsense reasoning models that use image data to improve AV systems. This will allow AV systems to perform more accurate reasoning while also making them more adjustable, explainable, and ethical. This paper will discuss the findings so far and motivate its direction going forward."
Precise Exponential-Time Complexity of Non-Monotonic Reasoning.,iclp,2025,Georg Gottlob,10.7551/mitpress/4307.003.0022,3,448,"In this talk I present a selection of recent results on the complexity of different decision problerns arising in nonmonotonic reasoning and logic programming. In particular, I deal with circumscription, autoepi- stemic logic, default logic, McDermott-style nonmonotonic logics, ab- ductive reasoning, theory revision and disjunctive logic programming. It turns out that for each of these forms of reasoning, the complexity in the general case is one level harder in the polynomial hierarchy than classical propositional deduction. Most problems are complete for E2 or II"", but particular variants of nonmonotonic reasoning are complete for exotic complexity classes such as PNP[O(logn)] and 42. Many researchers believe that determining the complexity of a pro- blem P merely consists in attaching to this problem a quantitative mea- sure, namely the degree of its tractability in the worst case. In the se- cond part of the talk, I will argue that a worst case complexity analysis gives us usually far more, namely, a very good qualitative understanding of the problem P. This qualitative knowledge can be fruitfully applied for designing algorithms or for understanding the relationship between several forms of logic programming and nonmonotonic reasoning. After a discussion of some open problems, the talk is concluded with directions for further research."
Semantically Guided Scene Generation via Contextual Reasoning and Algebraic Measures.,iclp,2023,Wenhao Ding,10.1109/tits.2024.3510515/mm1,2,269,"Generating adversarial scenes that potentially fail autonomous driving systems provides an effective way to improve their robustness. Extending purely data-driven generative models, recent specialized models satisfy additional controllable requirements such as embedding a traffic sign in a driving scene by manipulating patterns implicitly at the neuron level. In this paper, we introduce a method to incorporate domain knowledge explicitly in the generation process to achieve Semantically Adversarial Generation (SAG). To be consistent with the composition of driving scenes, we first categorize the knowledge into two types, the property of objects and the relationship among objects. We then propose a tree-structured variational auto-encoder (T-VAE) to learn hierarchical scene representation. By imposing semantic rules on the properties of nodes and edges into the tree structure, explicit knowledge integration enables controllable generation. To demonstrate the advantage of structural representation, we construct a synthetic example to illustrate the controllability and explainability of our method in a succinct setting. We further extend to realistic environments for autonomous vehicles, showing that our method efficiently identifies adversarial driving scenes against different state-of-the-art 3D point cloud segmentation models and satisfies the constraints specified as explicit knowledge."
Cumulative Scoring-Based Induction of Default Theories.,iclp,2018,,10.1002/eng2.70433/v1/review2,1,3,"The participation of distributed energy resources in demand response enriches the manners of power grid dispatching. However, due to the profit-seeking behaviors of some demand response suppliers, the cleared trading volumes may not be executed as expected. Therefore, this paper proposes a deep learning-based credit scoring method for reducing profit-seeking default behaviors in demand response. First, a modified demand response model is constructed considering the default probability of DRSs to simulate the interaction between the distribution network trading coordinator and demand response suppliers. Then, to evaluate the default probability, a transaction credit and market value-based default probability evaluation model is proposed. Because of the complexity of data acquisition, the credit evaluation may be biased. Thus, a deep learning-based credit scoring method is proposed for objectively quantifying credit of the transaction stakeholders, which can be efficiently applied in a variety of complex data types. Finally, simulations on an urban area with an industrial zone, two commercial zones, and a residential zone are shown to illustrate the validity of the proposed method."
Theory Revision with Goal-directed ASP.,iclp,2021,,10.1017/cbo9781107257115.023,5,424,"This unique book provides clinicians and administrators with a comprehensive understanding of perioperative hemodynamic monitoring and goal directed therapy, emphasizing practical guidance for implementation at the bedside. Successful hemodynamic monitoring and goal directed therapy require a wide range of skills. This book will enable readers to:Detail the rationale for using perioperative hemodynamic monitoring systems and for applying goal directed therapy protocols at the bedsideUnderstand the physiological concepts underlying perioperative goal directed therapy for hemodynamic managementEvaluate hemodynamic monitoring systems in clinical practiceLearn about new techniques for achieving goal directed therapyApply goal directed therapy protocols in the perioperative environment (including emergency departments, operating rooms and intensive care units)Demonstrate clinical utility of GDT and hemodynamic optimization using case presentations.Illustrated with diagrams and case examples, this is an important resource for anesthesiologists, emergency physicians, intensivists and pneumonologists as well as nurses and administrative officers."
Lazy Stream Programming in Prolog.,iclp,2019,"Paul Tarau, Jan Wielemaker, Tom Schrijvers",10.4204/eptcs.306.26,4,263,"In recent years, stream processing has become a prominent approach for incrementally handling large amounts of data, with special support and libraries in many programming languages. Unfortunately, support in Prolog has so far been lacking and most existing approaches are ad-hoc. To remedy this situation, we present lazy stream generators as a unified Prolog interface for stateful computations on both finite and infinite sequences of data that are produced incrementally through I/O and/or algorithmically. We expose stream generators to the application programmer in two ways: 1) through an abstract sequence manipulation API, convenient for defining custom generators, and 2) as idiomatic lazy lists, compatible with many existing list predicates. We define an algebra of stream generator operations that extends Prolog via an embedded language interpreter, provides a compact notation for composing generators and supports moving between the two isomorphic representations. As a special instance, we introduce answer stream generators that encapsulate the work of coroutining first-class logic engines and support interoperation between forward recursive AND-streams and backtracking-generated OR-streams. Keywords: lazy stream generators, lazy lists, first-class logic engines, stream combinators, AND-stream / OR-stream interoperation, Prolog extensions"
ASP Chef: Draw and Expand.,kr,2024,"Mario Alviano, Luis Angel Rodriguez Reiners",10.24963/kr.2024/68,5,320,"ASP Chef is a versatile tool built upon the principles of Answer Set Programming (ASP), offering a unique approach to problem-solving through the concept of ASP recipes. In this paper, we explore ..."
Product Configuration in Answer Set Programming.,iclp,2021,Seemran Mishra,10.4204/eptcs.345.46,4,172,"This is a preliminary work on configuration knowledge representation which serves as a foundation for building interactive configuration systems in Answer Set programming (ASP). The major concepts of the product configuration problem are identified and discussed with a bike configuration example. A fact format is developed for expressing product knowledge that is domain-specific and can be mapped from other systems. Finally, a domain-independent ASP encoding is provided that represents the concepts in the configuration problem."
An Implementation of a Non-monotonic Logic in an Embedded Computer for a Motor-glider.,iclp,2019,"José Luis Vilchis Medina, Pierre Siegel, Vincent Risch, Andrei Doncescu",10.4204/eptcs.306.37,2,579,"In this article we present an implementation of non-monotonic reasoning in an embedded system. As a part of an autonomous motor-glider, it simulates piloting decisions of an airplane. A real pilot must take care not only about the information arising from the cockpit (airspeed, altitude, variometer, compass...) but also from outside the cabin. Throughout a flight, a pilot is constantly in communication with the control tower to follow orders, because there is an airspace regulation to respect. In addition, if the control tower sends orders while the pilot has an emergency, he may have to violate these orders and airspace regulations to solve his problem (e.g. emergency landing). On the other hand, climate changes constantly (wind, snow, hail..) and can affect the sensors. All these cases easily lead to contradictions. Switching to reasoning under uncertainty, a pilot must make decisions to carry out a flight. The objective of this implementation is to validate a non-monotonic model which allows to solve the question of incomplete and contradictory information. We formalize the problem using default logic, a non-monotonic logic which allows to find fixed-points in the face of contradictions. For the implementation, the Prolog language is used in an embedded computer running at 1 GHz single core with 512 Mb of RAM and 0.8 watts of energy consumption."
aspmc: An Algebraic Answer Set Counter.,iclp,2021,"Thomas Eiter, Markus Hecher, Rafael Kiesel",10.1016/j.artint.2024.104109,3,493,"In the last decade, there has been increasing interest in extensions of answer set programming (ASP) that cater for quantitative information such as weights or probabilities. A wide range of quantitative reasoning tasks for ASP and logic programming, among them probabilistic inference and parameter learning in the neuro-symbolic setting, can be expressed as algebraic answer set counting (AASC) tasks, i.e., weighted model counting for ASP with weights calculated over some semiring, which makes efficient solvers for AASC desirable. In this article, we present Image 1, a new solver for AASC that pushes the limits of efficient solvability. Notably, Image 1 provides improved performance compared to the state of the art in probabilistic inference by exploiting three insights gained from thorough theoretical investigations in our work. Namely, we consider the knowledge compilation step in the AASC pipeline, where the underlying logical theory specified by the answer set program is converted into a tractable circuit representation, on which AASC is feasible in polynomial time. First, we provide a detailed comparison of different approaches to knowledge compilation for programs, revealing that translation to propositional formulas followed by compilation to sd-DNNF seems favorable. Second, we study how the translation to propositional formulas should proceed to result in efficient compilation. This leads to the second and third insight, namely a novel way of breaking the positive cyclic dependencies in a program, called  -Unfolding, and an improvement to the Clark Completion, the procedure used to transform programs without positive cyclic dependencies into propositional formulas. Both improvements are tailored towards efficient knowledge compilation. Our empirical evaluation reveals that while all three advancements contribute to the success of Image 1,  -Unfolding improves performance significantly by allowing us to handle cyclic instances better."
A Category-Theoretic Perspective on Approximation Fixpoint Theory.,iclp,2024,Samuele Pollaci,10.4204/eptcs.416.37,4,326,"Approximation Fixpoint Theory (AFT) was founded in the early 2000s by Denecker, Marek, and Truszczyński as an abstract algebraic framework to study the semantics of non-monotonic logics. Since its early successes, the potential of AFT as a unifying semantic framework has become widely recognised, and the interest in AFT has gradually increased, with applications now ranging from foundations of database theory to abstract argumentation. The non-monotonic constructive processes that occur in many more areas of computer science, together with their associated semantic structures, can be successfully studied using AFT, which greatly simplifies their characterizations. The goal of my research is to take a step towards the lifting of AFT into a more general framework for constructive knowledge."
Dialectical Reconciliation via Structured Argumentative Dialogues.,kr,2024,"Stylianos Loukas Vasileiou, Ashwin Kumar, William Yeoh, Tran Cao Son, Francesca Toni",10.24963/kr.2024/73,1,543,"We present a novel framework designed to extend model reconciliation approaches, commonly used in human-aware planning, for enhanced human-AI interaction. By adopting a structured argumentation-bas..."
Exploring Digital Twins integration with ASP and ASP Chef.,iclp,2025,Fiona Rossette-Crake,10.4000/15c2h,4,582,"The category of digital oratory brings together numerous new speaking practices that are mediated by the digital interface. This contribution outlines a holistic approach to digital oratory, locating it with respect to more traditional (e.g., pre-digital and/or offline) formats, as well as examining some of the differences between the new digital practices. In the face of many general communication guides, the case is made here for a linguistic-informed approach to the teaching of oratory, based notably on theory developed within the framework of systemic functional linguistics. Various levels of analysis are considered, from participant framework, to lexico-grammar and multimodal resources. The focus is placed on ESP, where there has already been considerable research on specific formats. The article concludes with a discussion of four examples taken from the context of the workplace, representing the types of practices that prove pertinent in applied language business communication curricula."
Reasoning with Restricted Statistical Statements in Probabilistic Answer Set Programming: Complexity and Algorithms.,kr,2025,"Damiano Azzolini, Markus Hecher",10.24963/kr.2025/6,4,552,"Statistical statements are an expressive tool for representing statistical information of a domain of interest. Recently, these statements were given a meaning in the context of Probabilistic A..."
Fixpoint Characterizations of Disjunctive Hybrid MKNF Knowledge Bases.,iclp,2021,"Spencer Killen, Jia-Huai You",10.4204/eptcs.364.6,1,512,"The logic of hybrid MKNF (minimal knowledge and negation as failure) is a powerful knowledge representation language that elegantly pairs ASP (answer set programming) with ontologies. Disjunctive rules are a desirable extension to normal rule-based reasoning and typically semantic frameworks designed for normal knowledge bases need substantial restructuring to support disjunctive rules. Alternatively, one may lift characterizations of normal rules to support disjunctive rules by inducing a collection of normal knowledge bases, each with the same body and a single atom in its head. In this work, we refer to a set of such normal knowledge bases as a head-cut of a disjunctive knowledge base. The question arises as to whether the semantics of disjunctive hybrid MKNF knowledge bases can be characterized using fixpoint constructions with head-cuts. Earlier, we have shown that head-cuts can be paired with fixpoint operators to capture the two-valued MKNF models of disjunctive hybrid MKNF knowledge bases. Three-valued semantics extends two-valued semantics with the ability to express partial information. In this work, we present a fixpoint construction that leverages head-cuts using an operator that iteratively captures three-valued models of hybrid MKNF knowledge bases with disjunctive rules. This characterization also captures partial stable models of disjunctive logic programs since a program can be expressed as a disjunctive hybrid MKNF knowledge base with an empty ontology. We elaborate on a relationship between this characterization and approximators in AFT (approximation fixpoint theory) for normal hybrid MKNF knowledge bases."
Natural Language Generation for Non-Expert Users.,iclp,2019,"Van Duc Nguyen, Tran Cao Son, Enrico Pontelli",10.4204/eptcs.306.33,5,48,"Motivated by the difficulty in presenting computational results, especially when the results are a collection of atoms in a logical language, to users, who are not proficient in computer programming and/or the logical representation of the results, we propose a system for automatic generation of natural language descriptions for applications targeting mainstream users. Differently from many earlier systems with the same aim, the proposed system does not employ templates for the generation task. It assumes that there exist some natural language sentences in the application domain and uses this repository for the natural language description. It does not require, however, a large corpus as it is often required in machine learning approaches. The systems consist of two main components. The first one aims at analyzing the sentences and constructs a Grammatical Framework (GF) for given sentences and is implemented using the Stanford parser and an answer set program. The second component is for sentence construction and relies on GF Library. The paper includes two use cases to demostrate the capability of the system. As the sentence construction is done via GF, the paper includes a use case evaluation showing that the proposed system could also be utilized in addressing a challenge to create an abstract Wikipedia, which is recently discussed in the BlueSky session of the 2018 International Semantic Web Conference."
Treewidth in Non-Ground Answer Set Solving and Alliance Problems in Graphs.,iclp,2017,"Bernhard Bliem, Michael Morak, Marius Moldovan, Stefan Woltran",10.1613/jair.1.11515,2,376,"In this paper, we aim to study how the performance of modern answer set programming (ASP) solvers is influenced by the treewidth of the input program and to investigate the consequences of this relationship. We first perform an experimental evaluation that shows that the solving performance is heavily influenced by treewidth, given ground input programs that are otherwise uniform, both in size and construction. This observation leads to an important question for ASP, namely, how to design encodings such that the treewidth of the resulting ground program remains small. To this end, we study two classes of disjunctive programs, namely guarded and connection-guarded programs. In order to investigate these classes, we formalize the grounding process using MSO transductions. Our main results show that both classes guarantee that the treewidth of the program after grounding only depends on the treewidth (and the maximum degree, in case of connection-guarded programs) of the input instance. In terms of parameterized complexity, our findings yield corresponding FPT results for answer-set existence for bounded treewidth (and also degree, for connection-guarded programs) of the input instance. We further show that bounding treewidth alone leads to NP-hardness in the data complexity for connection-guarded programs, which indicates that the two classes are fundamentally different. Finally, we show that for both classes, the data complexity remains as hard as in the general case of ASP."
"Proceedings of the 21st International Conference on Principles of Knowledge Representation and Reasoning, KR 2024, Hanoi, Vietnam. November 2-8, 2024.",kr,2024,,10.24963/kr.2024,1,590,"Knowledge Representation and Reasoning (KR&R) is a cornerstone of Artificial Intelligence (AI) and a broad and prolific field of research with a vibrant international community. A fundamental premise in KR&R is that an intelligent agent’s knowledge can be explicitly represented in a symbolic, declarative form, suitable for processing by dedicated reasoning engines. KR&R has contributed to the theory and practice of most areas of AI, including automated planning, computer vision, machine learning, multi-agent systems, natural language understanding, and robotics. Beyond AI, its impact can be seen in fields as diverse as computational biology, cybersecurity, databases, optimization, software engineering, and verification. The International Conference Series on Principles of Knowledge Representation and Reasoning, known as KR, is the leading forum for timely in-depth presentation of progress in the theory and principles underlying the representation and computational management of knowledge. The twenty-first edition of KR was held from Saturday 2 November to Friday 8 November, 2024, in Hanoi, the ancient and lively capital city of Vietnam. The scientific program included four keynotes with an outstanding line-up of internationally renowned invited speakers, over a hundred technical talks, tutorials, workshops, software demonstrations, poster sessions, and a doctoral consortium. Social events allowed participants to experience the best of Vietnamese culture and cuisine. In the 2024 edition, we focused on heralding new approaches and developments and on stimulating reflection on the role of KR&R in the contemporary AI landscape, while maintaining the outstanding quality of the conference. We introduced new tracks that were very successful and we revised the conference subject/topic areas to make them more contemporary. The KR conference remains at the forefront of AI and has a very bright future."
Knowledge Authoring with Factual English.,iclp,2022,"Yuheng Wang, Giorgian Borca-Tasciuc, Nikhil Goel, Paul Fodor, Michael Kifer",10.4204/eptcs.364.10,3,523,"Knowledge representation and reasoning (KRR) systems represent knowledge as collections of facts and rules. Like databases, KRR systems contain information about domains of human activities like industrial enterprises, science, and business. KRRs can represent complex concepts and relations, and they can query and manipulate information in sophisticated ways. Unfortunately, the KRR technology has been hindered by the fact that specifying the requisite knowledge requires skills that most domain experts do not have, and professional knowledge engineers are hard to find. One solution could be to extract knowledge from English text, and a number of works have attempted to do so (OpenSesame, Google's Sling, etc.). Unfortunately, at present, extraction of logical facts from unrestricted natural language is still too inaccurate to be used for reasoning, while restricting the grammar of the language (so-called controlled natural language, or CNL) is hard for the users to learn and use. Nevertheless, some recent CNL-based approaches, such as the Knowledge Authoring Logic Machine (KALM), have shown to have very high accuracy compared to others, and a natural question is to what extent the CNL restrictions can be lifted. In this paper, we address this issue by transplanting the KALM framework to a neural natural language parser, mStanza. Here we limit our attention to authoring facts and queries and therefore our focus is what we call factual English statements. Authoring other types of knowledge, such as rules, will be considered in our followup work. As it turns out, neural network based parsers have problems of their own and the mistakes they make range from part-of-speech tagging to lemmatization to dependency errors. We present a number of techniques for combating these problems and test the new system, KALMFL (i.e., KALM for factual language), on a number of benchmarks, which show KALMFL achieves correctness in excess of 95%."
Explaining Image Classifiers.,kr,2024,"Hana Chockler, Joseph Y. Halpern",10.24963/kr.2024/25,5,426,"We focus on explaining image classifiers, taking the work of Mothilal et al. 2021 (MMTS) as our point of departure. We observe that, although MMTS claim to be using the definition of explanation p..."
Entity set expansion from the Web via ASP.,iclp,2017,"Weronika Adrian, Paweł Caryk",10.5220/0010715100003058,5,212,"Knowledge Representation and Reasoning (KR&R) is a cornerstone of Artificial Intelligence (AI) and a broad and prolific field of research with a vibrant international community. A fundamental premise in KR&R is that an intelligent agent’s knowledge can be explicitly represented in a symbolic, declarative form, suitable for processing by dedicated reasoning engines. KR&R has contributed to the theory and practice of most areas of AI, including automated planning, computer vision, machine learning, multi-agent systems, natural language understanding, and robotics. Beyond AI, its impact can be seen in fields as diverse as computational biology, cybersecurity, databases, optimization, software engineering, and verification. The International Conference Series on Principles of Knowledge Representation and Reasoning, known as KR, is the leading forum for timely in-depth presentation of progress in the theory and principles underlying the representation and computational management of knowledge. The twenty-first edition of KR was held from Saturday 2 November to Friday 8 November, 2024, in Hanoi, the ancient and lively capital city of Vietnam. The scientific program included four keynotes with an outstanding line-up of internationally renowned invited speakers, over a hundred technical talks, tutorials, workshops, software demonstrations, poster sessions, and a doctoral consortium. Social events allowed participants to experience the best of Vietnamese culture and cuisine. In the 2024 edition, we focused on heralding new approaches and developments and on stimulating reflection on the role of KR&R in the contemporary AI landscape, while maintaining the outstanding quality of the conference. We introduced new tracks that were very successful and we revised the conference subject/topic areas to make them more contemporary. The KR conference remains at the forefront of AI and has a very bright future."
Encoding Choice Logics in ASP.,iclp,2020,Luca Viganò,10.1007/978-1-4757-3208-5_5,4,317,We have used the generic theorem prover Isabelle [181] to implement the non-classical logis we presented. The logical basis of Isabelle is a natural deduction presentation of minimal implicational predicate logic with universal quantification over all higher-types...
"Front Matter, Table of Contents, Preface, Conference Organization.",iclp,2018,,10.1484/m.art-eb.5.138353,1,390,"Preview this chapter: Front Matter (""Preface"", ""Table of Contents""), Page 1 of 1 < Previous page | Next page > /docserver/preview/fulltext/10.1484/M.ART-EB.5.105705/M.ART-EB.5.138353-1.gif Hardbound ISBN: 978-90-70419-31-8 E-book ISBN: 978-2-503-56426-5 Book DOI : https://doi.org/10.1484/M.ART-EB.5.105705"
Generalizing Platform-Aware Mission Planning for Infinite-State Timed Transition Systems.,kr,2025,"Stefan Panjkovic, Alessandro Cimatti, Andrea Micheli, Stefano Tonetta",10.24963/kr.2025/81,2,502,"The Platform-Aware Mission Planning (PAMP) problem, formalizes the relationship between an automated temporal planning problem and an execution platform modeled as a Timed Automaton. The PAMP pr..."
Bridging Logic Programming and Deep Learning for Explainability through ILASP.,iclp,2024,Talissa Dreossi,10.4204/eptcs.416.31,5,479,"My research explores integrating deep learning and logic programming to set the basis for a new generation of AI systems. By combining neural networks with Inductive Logic Programming (ILP), the goal is to construct systems that make accurate predictions and generate comprehensible rules to validate these predictions. Deep learning models process and analyze complex data, while ILP techniques derive logical rules to prove the network's conclusions. Explainable AI methods, like eXplainable Answer Set Programming (XASP), elucidate the reasoning behind these rules and decisions. The focus is on applying ILP frameworks, specifically ILASP and FastLAS, to enhance explainability in various domains. My test cases span weather prediction, the legal field, and image recognition. In weather forecasting, the system will predict events and provides explanations using FastLAS, with plans to integrate recurrent neural networks in the future. In the legal domain, the research focuses on interpreting vague decisions and assisting legal professionals by encoding Italian legal articles and learning reasoning patterns from Court of Cassation decisions using ILASP. For biological laboratories, we will collaborate with a research group to automate spermatozoa morphology classification for Bull Breeding Soundness Evaluation using YOLO networks and ILP to explain classification outcomes. This hybrid approach aims to bridge the gap between the high performance of deep learning models and the transparency of symbolic reasoning, advancing AI by providing interpretable and trustworthy applications."
Total Preorders vs Ranking Functions under Belief Revision - the Dynamics of Empty Layers.,kr,2024,"Gabriele Kern-Isberner, Alexander Hahn, Jonas Haldimann, Christoph Beierle",10.24963/kr.2024/47,2,308,"Total preorders and Spohnâs ranking functions are most popular semantic structures in nonmonotonic reasoning and belief revision. Each ranking function uniquely induces a total preorder, while each..."
ASP Chef Creates Surveys.,iclp,2025,,10.1002/fsat.3101_6.x,3,359,"Robots cannot be considered ‘new’, but over the next 5 years they have the potential to significantly change how food is manufactured. To date, UK food manufacturing, whilst arguably the most advanced food sector in the world, has been slow to embrace robotic technologies. UK food businesses currently purchase approximately 60 robots a year [1], predominantly to case and palletise end products. To put this number in perspective, China, often cited for its manufacturing prowess due to ‘abundant, cheap labour’, is set to buy 150,000 robots across all sectors in 2018 [2]. The manufacturing ‘efficiency and control’ game is changing and the UK sector needs to move fast to catch up. Robots have the potential to deliver better value and safer, more sustainable food. OAL (Olympus Automation) and the University of Lincoln, National Centre for Food Manufacturing, have developed a new a robotic chef known as APRIL (Automated Processing Robotic Ingredient Loading). Demonstrations of APRIL are taking place at the National Centre for Food Manufacturing to allow food manufacturers to evaluate the technology for their own specific production processes. It can be daunting for a manufacturer to start this disruptive change process and the first step is education. Food manufacturers face rising costs driven by the national living wage and change is needed to deliver long term growth and profitability. As a result, businesses considering the development of a new food factory should consider using robots to play a central role in the manufacturing processes."
Answer Set Programming with Epistemic Defaults.,iclp,2021,,10.1017/cbo9781139342124.006,4,296,"Knowledge Representation, Reasoning, and the Design of Intelligent Agents - March 2014"
Dynamic Multi-Agent Path Finding based on Conflict Resolution using Answer Set Programming.,iclp,2020,"Basem Atiq, Volkan Patoglu, Esra Erdem",10.4204/eptcs.325.27,5,28,"We study a dynamic version of multi-agent path finding problem (called D-MAPF) where existing agents may leave and new agents may join the team at different times. We introduce a new method to solve D-MAPF based on conflict-resolution. The idea is, when a set of new agents joins the team and there are conflicts, instead of replanning for the whole team, to replan only for a minimal subset of agents whose plans conflict with each other. We utilize answer set programming as part of our method for planning, replanning and identifying minimal set of conflicts."
Causally Constrained Counterfactual Generation using ASP.,iclp,2024,Sopam Dasgupta,10.4204/eptcs.416.30,4,243,"This research is focused on generating achievable counterfactual explanations. Given a negative outcome computed by a machine learning model or a decision system, the novel CoGS approach generates (i) a counterfactual solution that represents a positive outcome and (ii) a path that will take us from the negative outcome to the positive one, where each node in the path represents a change in an attribute (feature) value. CoGS computes paths that respect the causal constraints among features. Thus, the counterfactuals computed by CoGS are realistic. CoGS utilizes rule-based machine learning algorithms to model causal dependencies between features. The paper discusses the current status of the research and the preliminary results obtained."
Group Responsibility for Exceeding Risk Threshold.,kr,2023,"Maksim Gladyshev, Natasha Alechina, Mehdi Dastani, Dragan Doder",10.24963/kr.2023/32,4,141,The need for tools and techniques to formally analyze and trace the responsibility for unsafe outcomes to decision-making actors is urgent. Existing formal approaches assume that the unsafe outcome...
A New Proof-Theoretical Linear Semantics for CHR.,iclp,2018,Arnon Avron,10.1016/0304-3975(88)90037-0,3,15,"Linear logic is a new logic which was recently developed by Girard in order to provide a logical basis for the study of parallelism. It is described and investigated in [9]. Girard's presentation of his logic is not so standard. In this paper we shall provide more standard proof systems and semantics. We shall also extend part of Girard's results by investigating the consequence relations associated with Linear Logic and by proving corresponding Strong completeness theorems. Finally, we shall investigate the relation between Linear Logic and previously known systems, especially Relevance Logics."
Legal Compliance Checking of Autonomous Driving with Formalized Traffic Rule Exceptions.,iclp,2023,xi zheng,10.1109/tse.2025.3569086/mm1,2,84,"Recent incidents with autonomous vehicles highlight the need for rigorous testing to ensure safety and robustness. Constructing test scenarios for autonomous driving systems (ADSs), however, is labor-intensive. We propose <sc xmlns:mml=""http://www.w3.org/1998/Math/MathML"" xmlns:xlink=""http://www.w3.org/1999/xlink"">TARGET</small>, an end-to-end framework that automatically generates test scenarios from traffic rules. To address complexity, we leverage a Large Language Model (LLM) to extract knowledge from traffic rules. To mitigate hallucinations caused by large context during input processing, we introduce a domain-specific language (DSL) designed to be syntactically simple and compositional. This design allows the LLM to learn and generate test scenarios in a modular manner while enabling syntactic and semantic validation for each component. Based on these validated representations, <sc xmlns:mml=""http://www.w3.org/1998/Math/MathML"" xmlns:xlink=""http://www.w3.org/1999/xlink"">TARGET</small> synthesizes executable scripts to render scenarios in simulation. Evaluated seven ADSs with 284 scenarios derived from 54 traffic rules, <sc xmlns:mml=""http://www.w3.org/1998/Math/MathML"" xmlns:xlink=""http://www.w3.org/1999/xlink"">TARGET</small> uncovered 610 rule violations, collisions, and other issues. For each violation, <sc xmlns:mml=""http://www.w3.org/1998/Math/MathML"" xmlns:xlink=""http://www.w3.org/1999/xlink"">TARGET</small> generates scenario recordings and detailed logs, aiding root cause analysis. Two identified issues were confirmed by ADS developers: one linked to an existing bug report and the other to limited ADS functionality."
Assumable Answer Set Programming.,iclp,2022,,10.1017/cbo9781139342124.007,5,396,"Knowledge Representation, Reasoning, and the Design of Intelligent Agents - March 2014"
Induction of Non-monotonic Logic Programs To Explain Statistical Learning Models.,iclp,2019,Farhad Shakerin,10.4204/eptcs.306.51,2,232,"We present a fast and scalable algorithm to induce non-monotonic logic programs from statistical learning models. We reduce the problem of search for best clauses to instances of the High-Utility Itemset Mining (HUIM) problem. In the HUIM problem, feature values and their importance are treated as transactions and utilities respectively. We make use of TreeExplainer, a fast and scalable implementation of the Explainable AI tool SHAP, to extract locally important features and their weights from ensemble tree models. Our experiments with UCI standard benchmarks suggest a significant improvement in terms of classification evaluation metrics and running time of the training algorithm compared to ALEPH, a state-of-the-art Inductive Logic Programming (ILP) system."
The Simple Generative Logic Grammar: A Tool for Teaching Logical Thinking Through Visual Research in Art and Design.,iclp,2025,Susanna Berger,10.23943/princeton/9780691172279.003.0002,5,586,"This chapter discusses the Descriptio, the Typus, and the Logicae universae typus (plates 1 and 2 and Fig. 12). These engravings depict entire systems of philosophical knowledge in a comprehensive manner and a hierarchical format, by showing, on a single page, how individual elements of the system relate to the whole. The analysis shows how these plural images are organized by conceptual relationships; their unity is primarily theoretical. The chapter also mentions philosophical plural images in the logic textbook of Johann Justus Winkelmann (1620–1699), which was first published in 1659 and appeared again in 1725. Winkelmann's visual representations combine details of the earlier plural images and show how this genre continued to be employed in the teaching of philosophy well into the eighteenth century. The ideas of Aristotle's logic held sway for over two thousand years, until the work of Gottlob Frege (1848–1925). Whereas much scholarship on the ‘scientific revolution’ focuses on discontinuities and ruptures. The chapter examines the prolonged and relatively stable dominance of Aristotle in the field of logic in the context of universities."
Tools and Methodologies for Verifying Answer Set Programs.,iclp,2022,Zach Hansen,10.4204/eptcs.364.36,5,192,"Answer Set Programming (ASP) is a powerful declarative programming paradigm commonly used for solving challenging search and optimization problems. The modeling languages of ASP are supported by sophisticated solving algorithms (solvers) that make the solution search efficient while enabling the programmer to model the problem at a high level of abstraction. As an approach to Knowledge Representation and Reasoning, ASP benefits from its simplicity, conciseness and rigorously defined semantics. These characteristics make ASP a straightforward way to develop formally verifiable programs. In the context of artificial intelligence (AI), the clarity of ASP programs lends itself to the construction of explainable, trustworthy AI. In support of these goals, my research is concerned with extending the theory and tools supporting the verification of ASP progams."
LAD-based Feature Selection for Optimal Decision Trees and Other Classifiers.,kr,2024,"David Ing, Said Jabbour, Lakhdar Sais, Fabien Delorme",10.24963/kr.2024/81,1,265,"The curse of dimensionality presents a significant challenge in data mining, pattern recognition, computer vision, and machine learning applications. Feature selection is a primary approach to addr..."
"International Conference on Logic Programming 2020 Workshop Proceedings co-located with 36th International Conference on Logic Programming (ICLP 2020), Rende, Italy, September 18-19, 2020.",iclp,2020,"Francesco Ricca, Alessandra Russo",10.1017/s1471068420000149,1,268,"This issue and its companion, the following one in this volume, contain the regular papers of the 36th International Conference on Logic Programming (ICLP 2020), held virtually in Rende (CS), Italy, from September 20 to September 25, 2020. This was the first time that the ICLP and its collocated events were run remotely, prompted by the COVID-19 pandemic. Since the first conference held in Marseille in 1982, ICLP has been the premier international event for presenting research in logic programming. The scope of the conference covers all areas of logic programming including: Foundations: Semantics, Formalisms, Answer-Set Programming, Non-monotonic Reasoning, Knowledge Representation. Declarative Programming: Inference engines, Analysis, Type and mode inference, Partial eval- uation, Abstract interpretation, Transformation, Validation, Verification, Debugging, Profiling, Testing, Logic-based domain-specific languages, constraint handling rules. Related Paradigms and Synergies: Inductive and Co-inductive Logic Programming, Constraint Logic Programming, Interaction with SAT, SMT and CSP solvers, Logic programming tech- niques for type inference and theorem proving, Argumentation, Probabilistic Logic Program- ming, Relations to object-oriented and Functional programming, Description logics, Neural- Symbolic Machine Learning, Hybrid Deep Learning and Symbolic Reasoning. Implementation: Concurrency and distribution, Objects, Coordination, Mobility, Virtual ma- chines, Compilation, Higher Order, Type systems, Modules, Constraint handling rules, Meta- programming, Foreign interfaces, User interfaces."
Automata Techniques for Temporal Answer Set Programming.,iclp,2021,Susana Hahn,10.4204/eptcs.345.42,5,291,"Temporal and dynamic extensions of Answer Set Programming (ASP) have played an important role in addressing dynamic problems, as they allow the use of temporal operators to reason with dynamic scenarios in a very effective way. In my Ph.D. research, I intend to exploit the relationship between automata theory and dynamic logic to add automata-based techniques to the ASP solver CLINGO helping us to deal with theses type of problems."
&quot;Would life be more interesting if I were in AI?&quot; Answering Counterfactuals based on Probabilistic Inductive Logic Programming.,iclp,2023,"Kilian Rückschloß, Felix Weitkämper",10.4204/eptcs.385.7,5,173,"Probabilistic logic programs are logic programs where some facts hold with a specified probability. Here, we investigate these programs with a causal framework that allows counterfactual queries. Learning the program structure from observational data is usually done through heuristic search relying on statistical tests. However, these statistical tests lack information about the causal mechanism generating the data, which makes it unfeasible to use the resulting programs for counterfactual reasoning. To address this, we propose a language fragment that allows reconstructing a program from its induced distribution. This further enables us to learn programs supporting counterfactual queries."
An Experiment with LLM in Contract Extraction.,kr,2024,,10.1088/2632-2153/ae2381/data7,3,96,"Supplementary Information for Bridging the Synthesizability Gap in Perovskites by Combining Computations, Literature Data, and PU Learning"
Determining Action Reversibility in STRIPS Using Epistemic Logic Programs.,iclp,2020,"WOLFGANG FABER, MICHAEL MORAK, LUKÁŠ CHRPA",10.1017/s1471068421000429,1,556,Determining Action Reversibility in STRIPS Using Answer Set and Epistemic Logic Programming - Volume 21 Issue 5
"Proceedings of the International Conference on Logic Programming 2023 Workshops co-located with the 39th International Conference on Logic Programming (ICLP 2023), London, United Kingdom, July 9th and 10th, 2023.",iclp,2023,"Ralph Butler, Ewing Lusk, William McCune, Ross Overbeek",10.1007/3-540-16492-8_88,1,195,In this paper we report on a series of experiments involving the use of various dialects of parallel logic programming to express and control parallelism. The central goal of these experiments was to explore the possibility of writing numeric code for multiprocessors...
Run-Based Semantics for RPQs.,kr,2023,"Claire David, Nadime Francis, Victor Marsault",10.24963/kr.2023/18,1,230,RPQs (regular path queries) are an important building block of most query languages for graph databases. They are generally evaluated under homomorphism semantics; in particular only the endpoints...
A Temporal Module for Logical Frameworks.,iclp,2019,"Valentina Pitoni, Stefania Costantini",10.4204/eptcs.306.40,4,588,"In artificial intelligence, multi agent systems constitute an interesting typology of society modeling, and have in this regard vast fields of application, which extend to the human sciences. Logic is often used to model such kind of systems as it is easier to verify than other approaches, and provides explainability and potential validation. In this paper we define a time module suitable to add time to many logic representations of agents."
How to Split a Logic Program.,iclp,2021,Rachel Ben-Eliyahu-Zohary,10.4204/eptcs.345.13,4,166,"Answer Set Programming (ASP) is a successful method for solving a range of real-world applications. Despite the availability of fast ASP solvers, computing answer sets demands a very large computational power, since the problem tackled is in the second level of the polynomial hierarchy. A speed-up in answer set computation may be attained, if the program can be split into two disjoint parts, bottom and top. Thus, the bottom part is evaluated independently of the top part, and the results of the bottom part evaluation are used to simplify the top part. Lifschitz and Turner have introduced the concept of a splitting set, i.e., a set of atoms that defines the splitting. In this paper, We show that the problem of computing a splitting set with some desirable properties can be reduced to a classic Search Problem and solved in polynomial time. This allows us to conduct experiments on the size of the splitting set in various programs and lead to an interesting discovery of a source of complication in stable model computation. We also show that for Head-Cycle-Free programs, the definition of splitting sets can be adjusted to allow splitting of a broader class of programs."
LTL Model Checking using Coinductive Answer Set Programming.,iclp,2022,"Lingyun Situ, Lingzhong Zhao",10.1109/apsec.2015.16,4,225,"Model checking is a mainstream method for formal verification of communicating sequential processes (CSP). Existing CSP Model Checkers are incapable of verifying multiple properties concurrently in one run of a model checker. In addition, the properties to be verified are described with CSP in most model checkers, which is good for refinement checking, but leads to limited description power and weak generality. In order to tackle the two problems, answer set programming(ASP), which is completely free of sequential dependencies, is used to construct a CSP bounded model checking framework, where the CSP model checking problem is turned into a computation problem of answer sets. CTL is extended with events to describe the properties to be verified. In addition, preprocessing technique of properties is proposed for the sake of reducing the expense spending on replicated verification of the same sub formulas. An ASP based description system is constructed for complete description of various CSP processes and automatic generation of parallel processes. We integrated all the methods into a CSP model checker - ACSPChecker. The feasibility and efficiency of our methods are illustrated by the experiments with a classic concurrency problem - dining philosophers problem."
A Dataflow Analysis for Comparing and Reordering Predicate Arguments.,iclp,2023,"Gonzague Yernaux, Wim Vanhoof",10.4204/eptcs.385.5,2,384,"In this work, which is done in the context of a (moded) logic programming language, we devise a data-flow analysis dedicated to computing what we call argument profiles. Such a profile essentially describes, for each argument of a predicate, its functionality, i.e. the operations in which the argument can be involved during an evaluation of the predicate, as well as how the argument contributes to the consumption and/or construction of data values. While the computed argument profiles can be useful for applications in the context of program understanding (as each profile essentially provides a way to better understand the role of the argument), they more importantly provide a way to discern between arguments in a manner that is more fine-grained than what can be done with other abstract characterizations such as types and modes. This is important for applications where one needs to identify correspondences between the arguments of two or more different predicates that need to be compared, such as during clone detection. Moreover, since a total order can be defined on the abstract domain of profiles, our analysis can be used for rearranging predicate arguments and order them according to their functionality, constituting as such an essential ingredient for predicate normalization techniques."
Do Repeat Yourself: Understanding Sufficient Conditions for Restricted Chase Non-Termination.,kr,2023,"Lukas Gerlach, David Carral",10.24963/kr.2023/30,2,53,"The disjunctive restricted chase is a sound and complete procedure for solving boolean conjunctive query entailment over knowledge bases of disjunctive existential rules. Alas, this procedure does ..."
Reasoning about Medical Triage Optimization with Logic Programming.,iclp,2025,"Jaikrishna Manojkumar Patil, Adam Chapman, Richard Knuszka, John Chapman, Paulo Shakarian",10.4204/eptcs.439.22,3,532,"We present a logic programming framework that orchestrates multiple variants of an optimization problem and reasons about their results to support high-stakes medical decision-making. The logic programming layer coordinates the construction and evaluation of multiple optimization formulations, translating solutions into logical facts that support further symbolic reasoning and ensure efficient resource allocation -- specifically targeting the ""right patient, right platform, right escort, right time, right destination"" principle. This capability is integrated into GuardianTwin, a decision support system for Forward Medical Evacuation (MEDEVAC), where rapid and explainable resource allocation is critical. Through a series of experiments, our framework demonstrates an average reduction in casualties by 35.75% compared to standard baselines. Additionally, we explore how users engage with the system via an intuitive interface that delivers explainable insights, ultimately enhancing decision-making in critical situations. This work demonstrates how logic programming can serve as a foundation for modular, interpretable, and operationally effective optimization in mission-critical domains."
Investigating the Grounding Bottleneck for a Large-Scale Configuration Problem: Existing Tools and Constraint-Aware Guessing.,iclp,2025,"Veronika Semmelrock, Gerhard Friedrich",10.4204/eptcs.439.33,1,345,"Answer set programming (ASP) aims to realize the AI vision: The user specifies the problem, and the computer solves it. Indeed, ASP has made this vision true in many application domains. However, will current ASP solving techniques scale up for large configuration problems? As a benchmark for such problems, we investigated the configuration of electronic systems, which may comprise more than 30,000 components. We show the potential and limits of current ASP technology, focusing on methods that address the so-called grounding bottleneck, i.e., the sharp increase of memory demands in the size of the problem instances. To push the limits, we investigated the incremental solving approach, which proved effective in practice. However, even in the incremental approach, memory demands impose significant limits. Based on an analysis of grounding, we developed the method constraint-aware guessing, which significantly reduced the memory need."
Solving Unification in the Description Logic FL_bottom.,kr,2025,"Franz Baader, Pavlos Marantidis, Alexander Okhotin",10.25368/2022.228,1,318,"Unification in description logics (DLs) has been introduced as a novel inference service that can be used to detect redundancies in ontologies, by finding different concepts that may potentially stand for the same intuitive notion. It was first investigated in detail for the DL FL₀, where unification can be reduced to solving certain language equations. In order to increase the recall of this method for finding redundancies, we introduce and investigate the notion of approximate unification, which basically finds pairs of concepts that “almost” unify. The meaning of “almost” is formalized using distance measures between concepts. We show that approximate unification in FL₀ can be reduced to approximately solving language equations, and devise algorithms for solving the latter problem for two particular distance measures."
A Comparative Study of Text Representations for French Real-Estate Classified Advertisements Information Extraction.,kr,2023,"Lien Vi Pham, Son Bao Pham",10.1109/kse.2012.27,2,54,"Advertising has appeared in almost all areas of life. The large number of advertisements, especially in real estate domain, has raised a need for an effective way to search and find useful information for users. In this paper, we propose a rule-based approach to build an Information Extraction system for Vietnamese online real estate advertisements. Experimental results shows that our approach is very promising with an overall F-measure of 91% on a collection of data collected from popular Vietnamese real estate websites."
Contestable AI Needs Computational Argumentation.,kr,2024,"Francesco Leofante, Hamed Ayoobi, Adam Dejl, Gabriel Freedman, Deniz Gorur, Junqi Jiang, Guilherme Paulino-Passos, Antonio Rago, Anna Rapberger, Fabrizio Russo, Xiang Yin, Dekai Zhang, Francesca Toni",10.24963/kr.2024/83,3,322,"AI has become pervasive in recent years, but state-of-the-art approaches predominantly neglect the need for AI systems to be contestable. Instead, contestability is advocated by AI guidelines (e.g...."
Description Logics with Abstraction and Refinement: From ALC to EL.,kr,2024,"Carsten Lutz, Lukas Schulze",10.24963/kr.2024/51,4,187,We study extensions of description logics from the widely used EL family with operators that make it possible to speak about different levels of abstraction. We analyze the computational complexity...
Sampling and probabilistic inference in D/Slps.,iclp,2023,"Adam Sanborn, Jian-Qiao Zhu, Jake Spicer, Joakim Sundh, Pablo León-Villagrá, Nick Chater",10.1093/oso/9780198862536.003.0021,4,52,"Human beings perform well in uncertain environments, matching the performance of complex probabilistic models in complex tasks such as language or physical system prediction. Yet people’s judgments about probabilities also display well-known biases. How can this be? Recently cognitive scientists have explored the possibility that the same sampling algorithms that are used in computer science to approximate complex probabilistic models are also used in the mind and the brain. We the review experimental evidence that characterises the human sampling algorithm, and discuss how such an algorithm could potentially explain apects of the movement of asset prices in financial markets. We also discuss how many of the biases that people display may be the direct result of using only a small number of samples, but using them efficiently. As human beings make successful real-time decisions using only rough estimates of uncertainty, this suggests that machine intelligence could do the same."
Distributed Answer Set Coloring: Stable Models Computation via Graph Coloring.,iclp,2019,Marco De Bortoli,10.4204/eptcs.306.60,3,401,"Answer Set Programming (ASP) is a famous logic language for knowledge representation, which has been really successful in the last years, as witnessed by the great interest into the development of efficient solvers for ASP. Yet, the great request of resources for certain types of problems, as the planning ones, still constitutes a big limitation for problem solving. Particularly, in the case the program is grounded before the resolving phase, an exponential blow up of the grounding can generate a huge ground file, infeasible for single machines with limited resources, thus preventing even the discovering of a single non-optimal solution. To address this problem, in this paper we present a distributed approach to ASP solving, exploiting distributed computation benefits in order to overcome the just explained limitations. The here presented tool, which is called Distributed Answer Set Coloring (DASC), is a pure solver based on the well-known Graph Coloring algorithm. DASC is part of a bigger project aiming to bring logic programming into a distributed system, started in 2017 by Federico Igne with mASPreduce and continued in 2018 by Pietro Totis with a distributed grounder. In this paper we present a low level implementation of the Graph Coloring algorithm, via the Boost and MPI libraries for C++. Finally, we provide a few results of the very first working version of our tool, at the moment without any strong optimization or heuristic."
Counting Solutions Under Cardinality Constraints: Structure Counts in Counting.,kr,2025,"Max Bannach, Markus Hecher",10.24963/kr.2025/8,1,97,"Model counting is a powerful extension of constraint reasoning that, instead of finding a solution to a constraint system, allows to identify the number of such solutions. Cardinality constraints a..."
Google vs IBM: A Constraint Solving Challenge on the Job-Shop Scheduling Problem.,iclp,2019,"Giacomo Da Col, Erich Teppan",10.4204/eptcs.306.30,4,252,"The job-shop scheduling is one of the most studied optimization problems from the dawn of computer era to the present day. Its combinatorial nature makes it easily expressible as a constraint satisfaction problem. In this paper, we compare the performance of two constraint solvers on the job-shop scheduling problem. The solvers in question are: OR-Tools, an open-source solver developed by Google and winner of the last MiniZinc Challenge, and CP Optimizer, a proprietary IBM constraint solver targeted at industrial scheduling problems. The comparison is based on the goodness of the solutions found and the time required to solve the problem instances. First, we target the classic benchmarks from the literature, then we carry out the comparison on a benchmark that was created with known optimal solution, with size comparable to real-world industrial problems."
An Analysis of the Role of Syntax in Inductive Inference.,kr,2025,"Jesse Heyninck, Richard Booth, Thomas Meyer, Lars-Phillip Spiegel",10.24963/kr.2025/39,3,128,Inductive inference is a well-studied form of nonmonotonic reasoning in which various inference is based on conditional belief bases rather than belief bases consisting of classical logic statem...
CE-QArg: Counterfactual Explanations for Quantitative Bipolar Argumentation Frameworks.,kr,2024,"Xiang Yin, Nico Potyka, Francesca Toni",10.24963/kr.2024/66,1,435,There is a growing interest in understanding arguments' strength in Quantitative Bipolar Argumentation Frameworks (QBAFs). Most existing studies focus on attribution-based methods that explain an a...
Introspecting Preferences in Answer Set Programming.,iclp,2018,,10.1017/cbo9781139342124.007,4,421,"Knowledge Representation, Reasoning, and the Design of Intelligent Agents - March 2014"
Modelling and Verification of Timed Systems with the Event Calculus and s(CASP).,iclp,2021,,10.1017/cbo9780511814105.011,2,319,"The model of timed automata, introduced by Alur and Dill (1990, 1994), has by now established itself as a classical formalism for modelling real-time systems with a dense representation of time. The development of the timed-automata formalism was carried out largely in parallel with – and independently of – the work on timed extensions of process algebras. Roughly speaking, whereas the development of timed process algebras was driven by their (relative) expressiveness, their revealing of new behavioural equivalences and their axiomatizations, the development of the timed-automata formalism was largely driven by the goal of obtaining decidability results for several important properties (Dill, 1989). By now, real-time model checking tools such U ppaal (Behrmann, David and Larsen, 2004) and K ronos (Bozga et al ., 1998) are based on the timed-automata formalism and on the substantial body of research on this model that has been targeted towards transforming the early decidability results into practically efficient algorithms. Motivation Timed automata are essentially nondeterministic finite automata equipped with a finite number of real-valued clocks, so that transitions can be conditioned on clock values and the performing of a particular transition can reset selected clocks. We shall now introduce the formalism intuitively, showing how the light switch from the start of the previous chapter can be described using the formalism of timed automata without recourse to assumptions such as the urgency of some actions or maximal progress. Graphically, we could model the light switch as in Figure 10.1."
APIA: An Architecture for Policy-Aware Intentional Agents.,iclp,2021,"John Meyer, Daniela Inclezan",10.4204/eptcs.345.23,1,298,"This paper introduces the APIA architecture for policy-aware intentional agents. These agents, acting in changing environments, are driven by intentions and yet abide by domain-relevant policies. This work leverages the AIA architecture for intention-driven intelligent agents by Blount, Gelfond, and Balduccini. It expands AIA with notions of policy compliance for authorization and obligation policies specified in the language AOPL by Gelfond and Lobo. APIA introduces various agent behavior modes, corresponding to different levels of adherence to policies. APIA reasoning tasks are reduced to computing answer sets using the Clingo solver and its Python API."
Design of a Solver for Multi-Agent Epistemic Planning.,iclp,2019,Francesco Fabiano,10.4204/eptcs.306.54,2,441,"As the interest in Artificial Intelligence continues to grow it is becoming more and more important to investigate formalization and tools that allow us to exploit logic to reason about the world. In particular, given the increasing number of multi-agents systems that could benefit from techniques of automated reasoning, exploring new ways to define not only the world's status but also the agents' information is constantly growing in importance. This type of reasoning, i.e., about agents' perception of the world and also about agents' knowledge of her and others' knowledge, is referred to as epistemic reasoning. In our work we will try to formalize this concept, expressed through epistemic logic, for dynamic domains. In particular we will attempt to define a new action-based language for multi-agent epistemic planning and to implement an epistemic planner based on it. This solver should provide a tool flexible enough to be able to reason on different domains, e.g., economy, security, justice and politics, where reasoning about others' beliefs could lead to winning strategies or help in changing a group of agents' view of the world."
Computational methods for Dynamic Answer Set Programming.,iclp,2024,Susana Hahn,10.4204/eptcs.416.32,5,119,"In our daily lives and industrial settings, we often encounter dynamic problems that require reasoning over time and metric constraints. These include tasks such as scheduling, routing, and production sequencing. Dynamic logics have traditionally addressed these needs but often lack the flexibility and integration required for comprehensive problem modeling. This research aims to extend Answer Set Programming (ASP), a powerful declarative problem-solving approach, to handle dynamic domains effectively. By integrating concepts from dynamic, temporal, and metric logics into ASP, we seek to develop robust systems capable of modeling complex dynamic problems and performing efficient reasoning tasks, thereby enhancing ASPs applicability in industrial contexts."
Graph Based Answer Set Programming Solver Systems.,iclp,2021,Fang Li,10.4204/eptcs.345.44,5,457,"Answer set programming (ASP) is a popular nonmonotonic-logic based paradigm for knowledge representation and solving combinatorial problems. Computing the answer set of an ASP program is NP-hard in general, and researchers have been investing significant effort to speed it up. The majority of current ASP solvers employ SAT solver-like technology to find these answer sets. As a result, justification for why a literal is in the answer set is hard to produce. There are dependency graph based approaches to find answer sets, but due to the representational limitations of dependency graphs, such approaches are limited. This paper proposes a novel dependency graph-based approach for finding answer sets in which conjunction of goals is explicitly represented as a node which allows arbitrary answer set programs to be uniformly represented. Our representation preserves causal relationships allowing for justification for each literal in the answer set to be elegantly found. In this paper, we explore two different approaches based on the graph representation: bottom-up and top-down. The bottom-up approach finds models by assigning truth values along with the topological order, while the top-down approach generates models starting from the constraints."
Splitting a Hybrid ASP Program.,iclp,2020,Alex Brik,10.4204/eptcs.325.8,5,460,"Hybrid Answer Set Programming (Hybrid ASP) is an extension of Answer Set Programming (ASP) that allows ASP-like rules to interact with outside sources. The Splitting Set Theorem is an important and extensively used result for ASP. The paper introduces the Splitting Set Theorem for Hybrid ASP, which is for Hybrid ASP the equivalent of the Splitting Set Theorem, and shows how it can be applied to simplify computing answer sets for Hybrid ASP programs most relevant for practical applications."
Logical foundations of Smart Contracts.,iclp,2024,Kalonji Kalala,10.4204/eptcs.416.35,3,488,"Nowadays, sophisticated domains are emerging which require appropriate formalisms to be specified accurately in order to reason about them. One such domain is constituted of smart contracts that have emerged in cyber physical systems as a way of enforcing formal agreements between components of these systems. Smart contracts self-execute to run and share business processes through blockchain, in decentralized systems, with many different participants. Legal contracts are in many cases complex documents, with a number of exceptions, and many subcontracts. The implementation of smart contracts based on legal contracts is a long and laborious task, that needs to include all actions, procedures, and the effects of actions related to the execution of the contract. An ongoing open problem in this area is to formally account for smart contracts using a uniform and somewhat universal formalism. This thesis proposes logical foundations to smart contracts using the Situation Calculus, a logic for reasoning about actions. Situation Calculus is one of the prominent logic-based artificial intelligence approaches that provides enough logical mechanism to specify and implement dynamic and complex systems such as contracts. Situation Calculus is suitable to show how worlds dynamically change. Smart contracts are going to be implement with Golog (written en Prolog), a Situation Calculus-based programming language for modeling complex and dynamic behaviors."
Pushdown Reward Machines for Reinforcement Learning.,kr,2025,"Giovanni Varricchione, Toryn Q. Klassen, Natasha Alechina, Mehdi Dastani, Brian Logan, Sheila A. McIlraith",10.24963/kr.2025/55,3,431,"Reward machines (RMs) are automata structures that encode (non-Markovian) reward functions for reinforcement learning (RL). RMs can reward any behaviour representable in regular languages and, when..."
Beyond Logic Programming for Legal Reasoning.,iclp,2023,Francesca Toni,10.1007/978-3-319-61660-5_4,5,369,Argumentation has gained popularity in AI in recent years to support several activities and forms of reasoning. This talk will trace back the logic programming and non-monotonic reasoning origins of two well-known argumentation formalisms in AI (namely abstract...
"Proceedings 41st International Conference on Logic Programming, ICLP 2025, Rende, Italy, 12-19th September 2025.",iclp,2026,Paul Tarau,10.1007/978-3-032-04848-6_13,1,514,"We propose an approach where human-designed logic programs guide the systematic exploration of concepts and statements using Large Language Models (LLMs). Undefined facts within these programs, (seen as abducibles), are expanded into Prolog clauses by extracting..."
Operationalizing Declarative and Procedural Knowledge: a Benchmark on Logic Programming Petri Nets (LPPNs).,iclp,2020,Guanjun Liu,10.1007/978-981-19-6309-4_6,5,290,"This chapter introduces knowledge-oriented Petri net that can represent both the interaction of multiple agents and their epistemic evolution, while the latter is closely related to the privacy and security of multi-agent systems. Some design requirements of privacy..."
Enhancing Compilation-based ASP Solving with Postponed Atom Discovery.,iclp,2025,"Andrea Cuteri, Giuseppe Mazzotta, Francesco Ricca",10.4204/eptcs.439.14,5,266,"Answer Set Programming (ASP) [6] is a logic-based formalism based on the stable model semantics [19]. Over the years, several interesting applications for ASP were found ranging from planning [25] to scheduling [11] and many others [14]. Standard ASP systems such as CLINGO [17] and DLV [2] are based on the ground & solve approach. In the grounding step variables are eliminated from non-ground programs. The result of the grounding process is a propositional-equivalent program which can be evaluated by ASP solvers. Typically, the solving step exploits a CDCL-like algorithm for evaluating variable-free programs. In many cases of practical interest computing variable-free programs might be infeasible [7, 23]. This limitation is known as the grounding bottleneck [18]. Several approaches such as hybrid formalisms [3, 16, 23, 26], compilation-based ASP solving [9, 10, 22, 12], complexity-driven rewriting [4] and lazy grounding [5, 20, 21, 24, 27] were proposed for overcoming the grounding bottleneck. Among these techniques, compilation-based ASP solving revealed to be very promising. Compilation-based solvers transform non-ground (sub)programs into ad-hoc procedures called propagators which are used to mimic inferences coming from the ground ASP program without materializing it. However, compilation-based solvers generate in advance the propositional atoms required for solving the problem (i.e., computing answer sets), and whenever this set of atoms becomes large, these systems exhibit overhead [12]. In this paper, we investigate a novel compilation-based technique that overcomes this limitation by postponing the generation of ground atoms, during the solving phase, only when they need to be included in an answer set. Such lazy atom discovery technique allows to reduce the overhead encountered by compilation-based solvers when dealing with a large number of atoms. In what follows, we describe the working principles of lazy atom discovery and report preliminary experimental findings."
Preferential Reasoning with Typicality in ASP over Weighted Argumentation Graphs in a Gradual Semantics.,iclp,2023,"Mario Alviano, Laura Giordano, Daniele Theseider Dupré",10.3233/ia-240031,2,542,"Weighted knowledge bases for description logics with typicality provide a logical interpretation of MultiLayer Perceptrons, based on a “concept-wise” multi-preferential semantics. On the one hand, in the finitely many-valued case, Answer Set Programming (ASP) has been shown to be suitable for addressing defeasible reasoning from weighted knowledge bases for the boolean fragment of  ALC . On the other hand, the semantics of weighted knowledge bases with typicality, in their different variants, have suggested some new gradual argumentation semantics, as well as an approach for defeasible reasoning over a weighted argumentation graph, building on the gradual semantics and, specifically on the φ-coherent semantics. In this paper, we explore the relationships between weighted knowledge bases and weighted argumentation graphs, to develop proof methods for defeasible reasoning over an argumentation graph under the φ-coherent semantics, in the finitely-valued case. We establish a mapping from a weighted argumentation graph to a weighted knowledge base as well as a lower bound on the complexity of the problem of verifying graded implications over an argumentation graph in the φ-coherent semantics. We also consider a mapping from weighted knowledge bases to weighted argumentation graphs, and provide an ASP implementation and some experimental results."
Adapting Approximation Fixpoint Theory to Nondeterministic Hybrid Reasoning.,iclp,2024,"Spencer Killen, Jia-Huai You, Jesse Heyninck",10.1609/aaai.v39i14.33648,1,366,"Abstract Approximation fixpoint theory (AFT) is a robust and popular mathematical framework that characterizes many nonmonotonic semantics, where the construction of stable fixpoints, called stable revision, play a central role. Nondeterministic AFT is a recent development that redefines AFT for a nondeterministic setting to capture disjunctive semantics. This theory departs from traditional AFT by introducing distinct definitions, thus raising the question of whether deterministic AFT can be adopted directly to define nondeterministic stable revision. This work proposes such an alternate theory and creates a new way to study disjunctive semantics in terms of normal (non-disjunctive) knowledge bases. To demonstrate the viability of our framework, we show how to capture stable and partial stable models for disjunctive logic programs. We then study the relationships between this alternative theory and the state-of-the-art nondeterministic AFT."
LLASP: Fine-tuning Large Language Models for Answer Set Programming.,kr,2024,"Erica Coppolillo, Francesco Calimeri, Giuseppe Manco, Simona Perri, Francesco Ricca",10.24963/kr.2024/78,5,305,"Recently, Large Language Models (LLMs) have showcased their potential in various natural language processing tasks, including code generation. However, while significant progress has been made in a..."
FastFound: Easing the ASP Bottleneck via Predicate-Decoupled Grounding.,kr,2025,"Alexander Beiser, Martin Gebser, Markus Hecher, Stefan Woltran",10.24963/kr.2025/10,1,151,The grounding bottleneck in Answer Set Programming prohibits large instances from being solved. This is caused by a combinatorial explosion in the grounding phase of standard ground&solve systems. ...
Automated Playing of Survival Video Games with Commonsense Reasoning.,iclp,2024,"Bryant Hargreaves, Dan N. Nguyen, Keegan Krimbell, Gopal Gupta",10.1007/978-3-031-84924-4_7,4,0,"Don’t Starve is a non-linear, real-time survival video game where the player’s objective is to survive as long as possible. The game is challenging because randomly generated situations and events make it hard to survive this game for a long..."
A Framework for Combining Entity Resolution and Query Answering in Knowledge Bases.,kr,2023,"Ronald Fagin, Phokion G. Kolaitis, Domenico Lembo, Lucian Popa, Federico Scafoglieri",10.24963/kr.2023/23,3,371,We propose a new framework for combining entity resolution and query answering in knowledge bases (KBs) with tuple-generating dependencies (tgds) and equality-generating dependencies (egds) as rule...
Relating Answer Set Programming and Many-sorted Logics for Formal Verification.,iclp,2024,Zachary Hansen,10.4204/eptcs.416.33,5,444,"Answer Set Programming (ASP) is an important logic programming paradigm within the field of Knowledge Representation and Reasoning. As a concise, human-readable, declarative language, ASP is an excellent tool for developing trustworthy (especially, artificially intelligent) software systems. However, formally verifying ASP programs offers some unique challenges, such as 1. a lack of modularity (the meanings of rules are difficult to define in isolation from the enclosing program), 2. the ground-and-solve semantics (the meanings of rules are dependent on the input data with which the program is grounded), and 3. limitations of existing tools. My research agenda has been focused on addressing these three issues with the intention of making ASP verification an accessible, routine task that is regularly performed alongside program development. In this vein, I have investigated alternative semantics for ASP based on translations into the logic of here-and-there and many-sorted first-order logic. These semantics promote a modular understanding of logic programs, bypass grounding, and enable us to use automated theorem provers to automatically verify properties of programs."
Methods for Solving Extremal Problems in Practice.,iclp,2016,,10.1007/978-0-585-29602-9_6,1,67,"The efficiency of the functioning of automatic control systems is directly related to an increase in the scientific-technological level of designing them. However, up till now the solution of a number of problems in the technical design of automatic control systems..."
Categorical Explaining Functors: Ensuring Coherence in Logical Explanations.,kr,2025,"Stefano Fioravanti, Francesco Giannini, Pietro Barbiero, Paolo Frazzetto, Roberto Confalonieri, Fabio Zanasi, Nicolò Navarin",10.24963/kr.2025/30,5,561,Post-hoc methods in Explainable AI (XAI) elucidate black-box models by identifying input features critical to the model's decision-making. Recent advancements in these methods have facilitated the...
Answer Set Counting and its Applications to Network Reliability and System Biology.,iclp,2025,Mohimenul Kabir,10.4204/eptcs.416.34,4,259,"We have focused on Answer Set Programming (ASP), more specifically, answer set counting, exploring both exact and approximate methodologies. We developed an exact ASP counter, sharpASP, which utilizes a compact encoding for propositional formulas, significantly enhancing efficiency compared to existing methods that often struggle with inefficient encodings. Our evaluations indicate that sharpASP outperforms current ASP counters on several benchmarks. In addition, we proposed an approximate ASP counter, named ApproxASP, a hashing-based counter integrating Gauss-Jordan elimination within the ASP solver, clingo. As a practical application, we employed ApproxASP for network reliability estimation, demonstrating superior performance over both traditional reliability estimators and #SAT-based methods."
Enhancing Linear Algebraic Computation of Logic Programs Using Sparse Representation.,iclp,2020,"Tuan Quoc Nguyen, Katsumi Inoue, Chiaki Sakama",10.1007/s00354-021-00142-2,3,80,Algebraic characterization of logic programs has received increasing attention in recent years. Researchers attempt to exploit connections between linear a
Inferring Compensatory Kinase Networks in Yeast using Prolog.,iclp,2023,"George A. Elder, Conrad Bessant",10.4204/eptcs.385.26,2,449,"Signalling pathways are conserved across different species, therefore making yeast a model organism to study these via disruption of kinase activity. Yeast has 159 genes that encode protein kinases and phosphatases, and 136 of these have counterparts in humans. Therefore any insight in this model organism could potentially offer indications of mechanisms of action in the human kinome. The study utilises a Prolog-based approach, data from a yeast kinase deletions strains study and publicly available kinase-protein associations. Prolog, a programming language that is well-suited for symbolic reasoning is used to reason over the data and infer compensatory kinase networks. This approach is based on the idea that when a kinase is knocked out, other kinases may compensate for this loss of activity. Background knowledge on kinases targeting proteins is used to guide the analysis. This knowledge is used to infer the potential compensatory interactions between kinases based on the changes in phosphorylation observed in the phosphoproteomics data from the yeast study. The results demonstrate the effectiveness of the Prolog-based approach in analysing complex cell signalling mechanisms in yeast. The inferred compensatory kinase networks provide new insights into the regulation of cell signalling in yeast and may aid in the identification of potential therapeutic targets for modulating signalling pathways in yeast and other organisms."
Automated Aggregator - Rewriting with the Counting Aggregate.,iclp,2020,"Michael Dingess, Miroslaw Truszczynski",10.4204/eptcs.325.17,1,132,"Answer set programming is a leading declarative constraint programming paradigm with wide use for complex knowledge-intensive applications. Modern answer set programming languages support many equivalent ways to model constraints and specifications in a program. However, so far answer set programming has failed to develop systematic methodologies for building representations that would uniformly lend well to automated processing. This suggests that encoding selection, in the same way as algorithm selection and portfolio solving, may be a viable direction for improving performance of answer-set solving. The necessary precondition is automating the process of generating possible alternative encodings. Here we present an automated rewriting system, the Automated Aggregator or AAgg, that given a non-ground logic program, produces a family of equivalent programs with complementary performance when run under modern answer set programming solvers. We demonstrate this behavior through experimental analysis and propose the system's use in automated answer set programming solver selection tools."
The Combined Problem of Online Task Assignment and Lifelong Path Finding in Logistics Warehouses: A Case Study.,iclp,2025,"Fengming Zhu, Weijia Xu, Yifei Guo, Fangzhen Lin",10.4204/eptcs.439.12,1,553,"We study the combined problem of online task assignment and lifelong path finding, which is crucial for the logistics industries. However, most literature either (1) focuses on lifelong path finding assuming a given task assigner, or (2) studies the offline version of this problem where tasks are known in advance. We argue that, to maximize the system throughput, the online version that integrates these two components should be tackled directly. To this end, we introduce a formal framework of the combined problem and its solution concept. Then, we design a rule-based lifelong planner under a practical robot model that works well even in environments with severe local congestion. Upon that, we automate the search for the task assigner with respect to the underlying path planner. Simulation experiments conducted in warehouse scenarios at Meituan, one of the largest shopping platforms in China, demonstrate that (a)in terms of time efficiency, our system requires only 83.77% of the execution time needed for the currently deployed system at Meituan, outperforming other SOTA algorithms by 8.09%; (b)in terms of economic efficiency, ours can achieve the same throughput with only 60% of the agents currently in use. The code and demos are available at this https URL ."
A Human-Centered Data-Driven Planner-Actor-Critic Architecture via Logic Programming.,iclp,2019,"Daoming Lyu, Fangkai Yang, Bo Liu, Steven Gustafson",10.4204/eptcs.306.23,1,79,"Recent successes of Reinforcement Learning (RL) allow an agent to learn policies that surpass human experts but suffers from being time-hungry and data-hungry. By contrast, human learning is significantly faster because prior and general knowledge and multiple information resources are utilized. In this paper, we propose a Planner-Actor-Critic architecture for huMAN-centered planning and learning (PACMAN), where an agent uses its prior, high-level, deterministic symbolic knowledge to plan for goal-directed actions, and also integrates the Actor-Critic algorithm of RL to fine-tune its behavior towards both environmental rewards and human feedback. This work is the first unified framework where knowledge-based planning, RL, and human teaching jointly contribute to the policy learning of an agent. Our experiments demonstrate that PACMAN leads to a significant jump-start at the early stage of learning, converges rapidly and with small variance, and is robust to inconsistent, infrequent, and misleading feedback."
Geometric reasoning on the Traveling Salesperson Problem: comparing Answer Set Programming and Constraint Logic Programming Approaches.,iclp,2023,"Alessandro Bertagnon, Marco Gavanelli",10.1093/logcom/exaf072,1,43,"The Travelling Salesperson Problem (TSP) is a very well-known problem in computer science. Many real-world instances belong to the class of Euclidean TSP, in which the nodes to be visited lie on the Euclidean plane, and additional information is available with respect to the generic TSP, i.e. the coordinates of the nodes to be visited are known. In previous publications, we showed that the additional available information can be exploited to speed up the search, both in Constraint Logic Programming (CLP) and in Answer Set Programming (ASP). Constraint ASP (CASP) is a framework that joins CLP and ASP, and it aims at combining the features of both languages. In this article, we address the (Euclidean) TSP in CASP, and more specifically in the clingo  language and solver. We propose new encodings for the TSP in clingo ⁠; the new encodings are applicable to the general TSP (also to instances that are not Euclidean) and show a speedup of several orders of magnitude with respect to previous encodings. A further speedup can be obtained in Euclidean instances by exploiting geometric reasoning."
Exploiting the Full Power of Pearl&apos;s Causality in Probabilistic Logic Programming.,iclp,2022,,10.1017/cbo9780511570667.009,5,153,"The only symbolic logic used in this book is a small part of propositional logic , also called sentential logic or Boolean logic . In this appendix, I review the relevant part of this simple area of logic and clarify some notation and terminology. This appendix is not an introduction to logic; various important fine points and distinctions are not be mentioned. But I hope this will suffice as an introduction to the basic ideas in the elementary part of logic used in this book, and as a clarification of the logical terminology and symbols used in this book. The basic entities of the formal propositional calculus are usually called the propositions and the propositional connectives (and the language of propositional logic usually includes punctuation marks , usually parentheses, that are used to avoid ambiguity of grouping when “propositions” are “connected” in complex ways). In this book, it is factors (or properties , or types ) that play the role of the so-called propositions of propositional logic. The abstract and formal propositional calculus can be interpreted as applying to propositions in a number of ways in which the term “proposition” could be understood. For example, we could think of propositions as sentences (which may be understood as concrete linguistic entities such as utterances or inscriptions). Or we could think of them as statements (understood in such a way that many sentences can all be used to “make” the same statement, and the same sentence, if used in different contexts, would make different statements)."
Counterexample-Guided Abstraction Refinement for Assumption-based Argumentation.,kr,2025,"Jean Marie Lagniez, Emmanuel Lonca, Jean-Guy Mailly",10.24963/kr.2025/67,2,19,"Assumption-Based Argumentation (ABA) is a prominent formalism for structured argumentation, widely applied in domains such as healthcare, law, and robotics. Despite its inherent computational comp..."
Tractable Responsibility Measures for Ontology-Mediated Query Answering.,kr,2025,"Meghyn Bienvenu, Diego Figueira, Pierre Lafourcade",10.24963/kr.2025/16,4,526,Recent work on quantitative approaches to explaining query answers employs responsibility measures to assign scores to facts in order to quantify their respective contributions to obtaining a gi...
"Demonstrating (Hybrid) Active Logic Documents and the Ciao Prolog Playground, and an Application to Verification Tutorials.",iclp,2023,"Daniela Ferreiro, José F. Morales, Salvador Abreu, Manuel V. Hermenegildo",10.4204/eptcs.385.33,3,459,"Active Logic Documents (ALD) are web pages which incorporate embedded Prolog engines that run locally within the browser. ALD offers both a very easy way to add click-to-run capabilities to any kind of teaching materials, independently of the tool used to generate them, as well as a tool-set for generating web-based materials with embedded examples and exercises. Both leverage on (components of) the Ciao Prolog Playground. We present a demonstration of the ALD approach and the Ciao Prolog Playground, as well as a recent extension to ALDs to facilitate the integration of other tools into the system for creating Hybrid Active Logic Documents (HALD). We also present a concrete application of these technologies to the creation of tutorials for a program verification tool."
Counterfactual Reasoning via Grounded Distance.,kr,2023,"Carlos Aguilera-Ventura, Andreas Herzig, Xinghan Liu, Emiliano Lorini",10.24963/kr.2023/1,2,400,"Conditional logics are usually interpreted in terms of closest world and minimal change. It relies on a measure of distance between worlds which is defined abstractly, i.e. as an element of the mod..."
Pearce&apos;s Characterisation in an Epistemic Domain.,iclp,2024,Ezgi Iraz Su,10.4204/eptcs.416.18,2,497,"Answer-set programming (ASP) is a successful problem-solving approach in logic-based AI. In ASP, problems are represented as declarative logic programs, and solutions are identified through their answer sets. Equilibrium logic (EL) is a general-purpose nonmonotonic reasoning formalism, based on a monotonic logic called here-and-there logic. EL was basically proposed by Pearce as a foundational framework of ASP. Epistemic specifications (ES) are extensions of ASP-programs with subjective literals. These new modal constructs in the ASP-language make it possible to check whether a regular literal of ASP is true in every (or some) answer-set of a program. ES-programs are interpreted by world-views, which are essentially collections of answer-sets. (Reflexive) autoepistemic logic is a nonmonotonic formalism, modeling self-belief (knowledge) of ideally rational agents. A relatively new semantics for ES is based on a combination of EL and (reflexive) autoepistemic logic. In this paper, we first propose an overarching framework in the epistemic ASP domain. We then establish a correspondence between existing (reflexive) (auto)epistemic equilibrium logics and our easily-adaptable comprehensive framework, building on Pearce's characterisation of answer-sets as equilibrium models. We achieve this by extending Ferraris' work on answer sets for propositional theories to the epistemic case and reveal the relationship between some ES-semantic proposals."
Reasoning about Qualitative Direction and Distance between Extended Objects using Answer Set Programming.,iclp,2019,Yusuf Izmirlioglu,10.4204/eptcs.306.50,4,447,"In this thesis, we introduce a novel formal framework to represent and reason about qualitative direction and distance relations between extended objects using Answer Set Programming (ASP). We take Cardinal Directional Calculus (CDC) as a starting point and extend CDC with new sorts of constraints which involve defaults, preferences and negation. We call this extended version as nCDC. Then we further extend nCDC by augmenting qualitative distance relation and name this extension as nCDC+. For CDC, nCDC, nCDC+, we introduce an ASP-based general framework to solve consistency checking problems, address composition and inversion of qualitative spatial relations, infer unknown or missing relations between objects, and find a suitable configuration of objects which fulfills a given inquiry."
Learning Effect Axioms via Probabilistic Logic Programming.,iclp,2017,Fabrizio Riguzzi,10.1201/9781003338192-2,2,495,The distribution over programs is defined by encoding random choices for clauses. Each choice generates an alternative version of the clause and the set of
On the Independencies Hidden in the Structure of a Probabilistic Logic Program.,iclp,2023,"Kilian Rückschloß, Felix Weitkämper",10.4204/eptcs.385.17,5,452,"Pearl and Verma developed d-separation as a widely used graphical criterion to reason about the conditional independencies that are implied by the causal structure of a Bayesian network. As acyclic ground probabilistic logic programs correspond to Bayesian networks on their dependency graph, we can compute conditional independencies from d-separation in the latter. In the present paper, we generalize the reasoning above to the non-ground case. First, we abstract the notion of a probabilistic logic program away from external databases and probabilities to obtain so-called program structures. We then present a correct meta-interpreter that decides whether a certain conditional independence statement is implied by a program structure on a given external database. Finally, we give a fragment of program structures for which we obtain a completeness statement of our conditional independence oracle. We close with an experimental evaluation of our approach revealing that our meta-interpreter performs significantly faster than checking the definition of independence using exact inference in ProbLog 2."
Explaining Decisions in ML Models: A Parameterized Complexity Analysis.,kr,2024,"Sebastian Ordyniak, Giacomo Paesani, Mateusz Rychlicki, Stefan Szeider",10.24963/kr.2024/53,1,513,This paper presents a comprehensive theoretical investigation into the parameterized complexity of explanation problems in various machine learning (ML) models. Contrary to the prevalent black-box ...
Repairing General Game Descriptions.,kr,2025,"Yifan He, Munyque Mittelmann, Aniello Murano, Abdallah Saffidine, Michael Thielscher",10.24963/kr.2025/38,1,20,"The Game Description Language (GDL) is a widely used formalism for specifying the rules of general games. Writing correct GDL descriptions can be challenging, especially for non-experts. Automat..."
xDNN(ASP): Explanation Generation System for Deep Neural Networks powered by Answer Set Programming.,iclp,2025,"Ly Ly Trieu, Tran Cao Son",10.4204/eptcs.439.30,5,234,"Explainable artificial intelligence (xAI) has gained significant attention in recent years. Among other things, explainablility for deep neural networks has been a topic of intensive research due to the meteoric rise in prominence of deep neural networks and their ""black-box"" nature. xAI approaches can be characterized along different dimensions such as their scope (global versus local explanations) or underlying methodologies (statistic-based versus rule-based strategies). Methods generating global explanations aim to provide reasoning process applicable to all possible output classes while local explanation methods focus only on a single, specific class. SHAP (SHapley Additive exPlanations), a well-known statistical technique, identifies important features of a network. Deep neural network rule extraction method constructs IF-THEN rules that link input conditions to a class. Another approach focuses on generating counterfactuals which help explain how small changes to an input can affect the model's predictions. However, these techniques primarily focus on the input-output relationship and thus neglect the structure of the network in explanation generation. In this work, we propose xDNN(ASP), an explanation generation system for deep neural networks that provides global explanations. Given a neural network model and its training data, xDNN(ASP) extracts a logic program under answer set semantics that-in the ideal case-represents the trained model, i.e., answer sets of the extracted program correspond one-to-one to input-output pairs of the network. We demonstrate experimentally, using two synthetic datasets, that not only the extracted logic program maintains a high-level of accuracy in the prediction task, but it also provides valuable information for the understanding of the model such as the importance of features as well as the impact of hidden nodes on the prediction. The latter can be used as a guide for reducing the number of nodes used in hidden layers, i.e., providing a means for optimizing the network."
Teaching Prolog through Grammars.,iclp,2024,"Helder Coelho, José Carlos Cotta",10.1007/978-3-642-83213-0_15,4,467,"Within this chapter we explain how to write natural language grammars expressed in clausal logic. The notion of definite clause grammars (DCG’s) is behind this as a paradigm for organizing the knowledge required in understanding, which allows efficient parsing...."
On Model Reconciliation: How to Reconcile When Robot Does not Know Human&apos;s Model?,iclp,2022,"Ho Tuan Dung, Tran Cao Son",10.4204/eptcs.364.4,2,416,"The Model Reconciliation Problem (MRP) was introduced to address issues in explainable AI planning. A solution to a MRP is an explanation for the differences between the models of the human and the planning agent (robot). Most approaches to solving MRPs assume that the robot, who needs to provide explanations, knows the human model. This assumption is not always realistic in several situations (e.g., the human might decide to update her model and the robot is unaware of the updates). In this paper, we propose a dialog-based approach for computing explanations of MRPs under the assumptions that (i) the robot does not know the human model; (ii) the human and the robot share the set of predicates of the planning domain and their exchanges are about action descriptions and fluents' values; (iii) communication between the parties is perfect; and (iv) the parties are truthful. A solution of a MRP is computed through a dialog, defined as a sequence of rounds of exchanges, between the robot and the human. In each round, the robot sends a potential explanation, called proposal, to the human who replies with her evaluation of the proposal, called response. We develop algorithms for computing proposals by the robot and responses by the human and implement these algorithms in a system that combines imperative means with answer set programming using the multi-shot feature of clingo."
Concerning Measures in a First-order Logic with Actions and Meta-beliefs.,kr,2023,"Daxin Liu, Qihui Feng, Vaishak Belle, Gerhard Lakemeyer",10.24963/kr.2023/44,2,150,"The unification of logic and probability has been seen as a long-standing concern in philosophy and mathematical logic. In this paper, we propose a new general probabilistic modal logic of belief a..."
Omega-Completeness of the Logic of Here-and-There and Strong Equivalence of Logic Programs.,kr,2023,"Jorge Fandinno, Vladimir Lifschitz",10.24963/kr.2023/24,3,158,Theory of strongly equivalent transformations is an essential part of the methodology of representing knowledge in answer set programming. Strong equivalence of two programs can be sometimes charac...
Justifications for Goal-Directed Constraint Answer Set Programming.,iclp,2020,"Joaquín Arias, Manuel Carro, Zhuo Chen, Gopal Gupta",10.4204/eptcs.325.12,5,117,"Ethical and legal concerns make it necessary for programs that may directly influence the life of people (via, e.g., legal or health counseling) to justify in human-understandable terms the advice given. Answer Set Programming has a rich semantics that makes it possible to very concisely express complex knowledge. However, justifying why an answer is a consequence from an ASP program may be non-trivial -- even more so when the user is an expert in a given domain, but not necessarily knowledgeable in ASP. Most ASP systems generate answers using SAT-solving procedures on ground rules that do not match how humans perceive reasoning. We propose using s(CASP), a query-driven, top-down execution model for predicate ASP with constraints to generate justification trees of (constrained) answer sets. The operational semantics of s(CASP) relies on backward chaining, which is intuitive to follow and lends itself to generating explanations that are easier to translate into natural language. We show how s(CASP) provides minimal justifications for, among others, relevant examples proposed in the literature, both as search trees but, more importantly, as explanations in natural language. We validate our design with real ASP applications and evaluate the cost of generating s(CASP) justification trees."
A Report on Sequential KR-Approaches as Cognitive Logic.,kr,2024,Srinivas Devadas,10.21236/ada208322,2,244,"This paper presents approaches to multi-level sequential logic synthesis-algorithms and techniques for the area and performance optimization of interconnected finite state machine descriptions. Interacting finite state machines are common in industrial chip designs. While optimization techniques for single finite state machines are relatively well developed, the problem of optimization across latch boundaries has received much less attention. Techniques to optimize pipelined combinational logic so as to improve area throughput have been proposed. However, logic cannot be straightforwardly migrated across latch boundaries when the basic blocks are sequential rather than combinational circuits. We present new techniques for the exploitation of sequential dont cares in arbitrary, interconnected sequential machine structures. Exploiting these dont care sequences can result in significant improvements in area and performance. We address the problem of migrating logic across state machine boundaries so as to make particular machines less complex at the possible expense of making others more complex. This can be useful from both an area and performance point of view. We present new optimization algorithms that incrementally modify state machine structures across latch boundaries. We discuss the use of more global state machine decomposition and factorization algorithms for area optimization. Finally, we present experimental results using these algorithms on sequential circuits."
Compactness and Preservation in Logical Argumentation Frameworks.,kr,2025,"Ofer Arieli, Christian Straßer",10.1177/19462174261418979,2,343,"This paper considers various aspects of representing arguments and logical argumentation frameworks. We investigate different approaches to address consistency and minimality within such frameworks, arguing that these properties can, and in some cases should, be omitted from the definition of an argument. We analyze the relationship between how consistency is verified and the selection of attack rules, showing that this choice should align with the underlying logic. Based on these results, we propose compact representations of logical argumentation frameworks and examine methods for transforming one framework into another (e.g., a more concise version) without losing logical entailments."
An ASP-based Approach for Attractor Enumeration in Synchronous and Asynchronous Boolean Networks.,iclp,2019,"Tarek Khaled, Belaïd Benhamou",10.4204/eptcs.306.34,4,420,"Boolean networks are conventionally used to represent and simulate gene regulatory networks. In the analysis of the dynamic of a Boolean network, the attractors are the objects of a special attention. In this work, we propose a novel approach based on Answer Set Programming (ASP) to express Boolean networks and simulate the dynamics of such networks. Our work focuses on the identification of the attractors, it relies on the exhaustive enumeration of all the attractors of synchronous and asynchronous Boolean networks. We applied and evaluated the proposed approach on real biological networks, and the obtained results indicate that this novel approach is promising."
Constructionist Co-Design for the Learning Experience: A Work-in-Progress on Engaging Teachers to Integrate Logic Programming in Primary School.,iclp,2025,"Maria Daskolia, Jaume Piera, Karen Soacha",10.21125/edulearn.2022.2414,3,336,"Current sustainability issues, such as climate change, biodiversity loss and environmental pollution affect human and ecosystem health and activity and undermine the function and cohesion of local communities. The inherent difficulty of addressing such challenges requires a range of interventions as well as their integration at various levels. Citizen science and environmental education can both address and promote sustainability by developing synergies to engage people, youths in particular, with learning about and dealing with them. In this paper, we argue that developing synergies between citizen science and environmental education is not only possible and compatible due to their many common points of reference, but also for the benefit of education and the collective efforts towards sustainability. The work presented here has been conducted in the context of the European project Cos4Cloud. The Cos4Cloud vision is to boost citizen science through the support of citizen observatories. Citizen observatories are community-based environmental monitoring and information systems that invite citizens to collect and share observations mainly of an environmental content. They are characterised as including participation of citizens in environmental monitoring, “in situ” citizen-generated observations and the use of mobile and web technologies. Among the project’s goals is to help expand the realms of current citizen science practice based on citizen observatories through their integration into school-based environmental education. The paper focuses on the co-design of 6 educational scenarios by 6 groups of Greek teachers respectively, who were given the challenge to think in terms of the synergies they needed to develop to incorporate some of the citizen observatories’ platforms participating in the project into their environmental education practices with the aim to support their students’ environmental, scientific, citizenship and digital literacy. Each scenario focused on a different theme and environmental issue, and offered a detailed description of a proposed way of implementing citizen science in schools, using the project’s citizen observatory platforms. All scenarios were accompanied by creative and pedagogically informed activities and employed a range of integrated and interdisciplinary approaches to learning, encouraging students to engage in action learning and to use the outcomes of their learning to improve their school and local environments. In this paper, we describe the co-design process and its outputs -the scenarios- and we discuss the four levels of integration they propose for integrating the Cos4Cloud citizen observatories into school-based environmental education projects and activities."
Variant-based Equational Unification under Constructor Symbols.,iclp,2020,"Damián Aparicio-Sánchez, Santiago Escobar, Julia Sapiña",10.4204/eptcs.325.10,2,149,"Equational unification of two terms consists of finding a substitution that, when applied to both terms, makes them equal modulo some equational properties. A narrowing-based equational unification algorithm relying on the concept of the variants of a term is available in the most recent version of Maude, version 3.0, which provides quite sophisticated unification features. A variant of a term t is a pair consisting of a substitution sigma and the canonical form of tsigma. Variant-based unification is decidable when the equational theory satisfies the finite variant property. However, this unification procedure does not take into account constructor symbols and, thus, may compute many more unifiers than the necessary or may not be able to stop immediately. In this paper, we integrate the notion of constructor symbol into the variant-based unification algorithm. Our experiments on positive and negative unification problems show an impressive speedup."
Formalisation of Action with Durations in Answer Set Programming.,iclp,2021,Etienne Tignon,10.4204/eptcs.345.47,5,220,"In this paper, I will discuss the work I am currently doing as a Ph.D. student at the University of Potsdam, under the tutoring of T. Schaub. I'm currently looking into action description in ASP. More precisely, my goal is to explore how to represent actions with durations in ASP, in different contexts. Right now, I'm focused on Multi-Agent Path Finding (MAPF), looking at how to represent speeds for different agents and contexts. Before tackling duration, I wanted to explore and compare different representations of action taking in ASP. For this, I started comparing different simple encodings tackling the MAPF problem. Even in simple code, choices and assumptions have been made in their creations. The objective of my work is to present the consequences of those design decisions in terms of performance and knowledge representation. As far as I know, there is no current research on this topic. Besides that, I'm also exploring different ways to represent duration and to solve related problems. I planed to compare them the same way I described before. I also want this to help me find innovative and effective ways to solve problems with duration."
Autonomous Task Completion Based on Goal-directed Answer Set Programming.,iclp,2024,Alexis R. Tudor,10.4204/eptcs.416.39,5,423,"Task planning for autonomous agents has typically been done using deep learning models and simulation-based reinforcement learning. This research proposes combining inductive learning techniques with goal-directed answer set programming to increase the explainability and reliability of systems for task breakdown and completion. Preliminary research has led to the creation of a Python harness that utilizes s(CASP) to solve task problems in a computationally efficient way. Although this research is in the early stages, we are exploring solutions to complex problems in simulated task completion."
Non-monotone Fixpoint Theory Based on the Structure of Weak Bilattices.,kr,2024,"Angelos Charalambidis, Giannos Chatziagapis, Babis Kostopoulos, Panos Rondogiannis",10.24963/kr.2024/23,1,581,"We extend the well-known representation theorem for interlaced bilattices to the broader class of weak interlaced bilattices. Based on this new theorem, we develop a fixpoint theory for non-monoton..."
Adding Circumscription to Decidable Fragments of First-Order Logic: A Complexity Rollercoaster.,kr,2024,"Carsten Lutz, Quentin Manière",10.24963/kr.2024/50,2,537,"We study extensions of expressive decidable fragments of first-order logic with circumscription, considering in particular the two-variable fragment FO^2, its extension C^2 with counting quantifier..."
Two-Variable Logic for Hierarchically Partitioned and Ordered Data.,kr,2025,"Oskar Fiuk, Emanuel Kieroński, Vincent Michielini",10.24963/kr.2025/31,2,583,"We study Two-Variable First-Order Logic, FO2, under semantic constraints that model hierarchically structured data. Our first logic extends FO2 with a linear order < and a chain of increasingly coa..."
General Game Playing - Killer App for Logic Programming.,iclp,2024,Michael Thielscher,10.1007/978-3-642-02846-5_28,3,427,"As a novel, grand AI challenge, General Game Playing is concerned with the development of systems that understand the rules of unknown games and play these games well without human intervention. In this paper, we show how Answer Set Programming can assist a general..."
Recursive Aggregates as Intensional Functions.,iclp,2023,"Jorge Fandinno, Zachary Hansen",10.1609/aaai.v39i14.33633,4,365,"Abstract This paper shows that the semantics of programs with aggregates implemented by the solvers clingo and dlv can be characterized as extended First-Order formulas with intensional functions in the logic of Here-and-There. Furthermore, this characterization can be used to study the strong equivalence of programs with aggregates under either semantics. We also present a transformation that reduces the task of checking strong equivalence to reasoning in classical First-Order logic, which serves as a foundation for automating this procedure."
Generative Logic: Teaching Prolog as Generative AI in Art and Design.,iclp,2024,Shalin Hai-Jew,10.4018/979-8-3693-0074-9.ch010,2,214,"Instructional designers often pride themselves on using the most cutting-edge commercial authoring and other tools available to achieve their work. Their creations have to meet high technical standards in order to function in a digital environment, in learning management systems, content management systems, on social media, on digital content platforms, and others. In the present moment, generative AI tools enable the making of novel texts and digital visuals, among others. A major extant question is how best to harness generative art-making AIs in instructional design work. In this case, this work explores professionally ethical (and legal) ways to use a generative art-making AIs for ID work, as an innovative approach based on a review of the literature, a year of using several free web-facing art-making generative AIs (CrAIyon, Deep Dream Generator, and others) in open or public beta, and learning from applied instructional design work (over several decades)."
Credible Models of Belief Update.,kr,2023,"Eduardo Fermé, Sébastien Konieczny, Ramón Pino Pérez, Nicolas Schwind",10.24963/kr.2023/25,1,524,"In this work, we address one important problem of Katsuno and Mendelzon update operators, that is to require that any updated belief base must entail any new input in a consistent way. This assumes..."
Geospatial Trajectory Generation via Efficient Abduction: Deployment for Independent Testing.,iclp,2024,"Divyagna Bavikadi, Dyuman Aditya, Devendra Parkar, Paulo Shakarian, Graham Mueller, Chad Parvis, Gerardo I. Simari",10.4204/eptcs.416.24,1,464,"The ability to generate artificial human movement patterns while meeting location and time constraints is an important problem in the security community, particularly as it enables the study of the analog problem of detecting such patterns while maintaining privacy. We frame this problem as an instance of abduction guided by a novel parsimony function represented as an aggregate truth value over an annotated logic program. This approach has the added benefit of affording explainability to an analyst user. By showing that any subset of such a program can provide a lower bound on this parsimony requirement, we are able to abduce movement trajectories efficiently through an informed (i.e., A*) search. We describe how our implementation was enhanced with the application of multiple techniques in order to be scaled and integrated with a cloud-based software stack that included bottom-up rule learning, geolocated knowledge graph retrieval/management, and interfaces with government systems for independently conducted government-run tests for which we provide results. We also report on our own experiments showing that we not only provide exact results but also scale to very large scenarios and provide realistic agent trajectories that can go undetected by machine learning anomaly detectors."
Streamlining Input/Output Logics with Sequent Calculi.,kr,2023,"Agata Ciabattoni, Dmitry Rozplokhas",10.24963/kr.2023/15,2,46,Input/Output (I/O) logic is a general framework for reasoning about conditional norms and/or causal relations. We streamline Bochmanâs causal I/O logics via proof-search-oriented sequent calculi. O...
Democratising Access to Logic Programming: A Web Application Design Tool for Querying Prolog Code.,iclp,2024,,10.7551/mitpress/4316.003.0026,2,240,"SICSts Prolog is a sequential Prolog implementation built around a version of the Warren Abstract Machine (WAM), For several years, SICStus has supported WAM-to-native code compilation for Sun workstations, This old scheme is neitber as portable nor as open to experiments as would be desirable. With the support of my colleagues in the SICStus group, 1 bave developed a new scheme that is more of both and performs sligbuy better too. Portabil- ity enhancement is achieved by introducing a new abstract machine, a fragment of an ideal- ized general-purpose architecture, between the WAM and native code targets. This allows most of the complexity of native code compilatioa to be in phases containing onty well- encapsulated target dependencies. Moreover, it allows the run-time library for native code to he substantially target-independent. For RISC targets, a derivative of the new abstract ma- chine allows quasi-target-independent instruction scheduling to be performed. Tuis paper ex- plains the SICStus approach to cative code compilation, presents the new scheme in detail, and evaluates it with respect to portabitity and performance."
Reliable Conversational Agents under ASP Control that Understand Natural Language.,iclp,2024,Yankai Zeng,10.4204/eptcs.416.41,1,461,"Efforts have been made to make machines converse like humans in the past few decades. The recent techniques of Large Language Models (LLMs) make it possible to have human-like conversations with machines, but LLM's flaws of lacking understanding and reliability are well documented. We believe that the best way to eliminate this problem is to use LLMs only as parsers to translate text to knowledge and vice versa and carry out the conversation by reasoning over this knowledge using the answer set programming. I have been developing a framework based on LLMs and ASP to realize reliable chatbots that ""understand"" human conversation. This framework has been used to develop task-specific chatbots as well as socialbots. My future research is focused on making these chatbots scalable and trainable."
Learning Commonsense Knowledge Through Interactive Dialogue.,iclp,2018,"Benjamin Wu, Alessandra Russo, Mark Law, Katsumi Inoue",10.29007/lrph,2,55,"One of the most difficult problems in Artificial Intelligence is related to acquiring commonsense knowledge -- to create a collection of facts and information that an ordinary person should know. In this work, we present a system that, from a limited background knowledge, is able to learn to form simple concepts through interactive dialogue with a user. We approach the problem using a syntactic parser, along with a mechanism to check for synonymy, to translate sentences into a logical formulas represented in Event Calculus using Answer Set Programming (ASP). Reasoning and learning tasks are then automatically generated for the translated text, with learning being initiated through question and answering. The system is capable of learning with no contextual knowledge prior to the dialogue. The system has been evaluated on stories inspired by the Facebook's bAbI's question-answering tasks, and through appropriate question and answering is able to respond accurately to these dialogues."
Argumentative Causal Discovery.,kr,2024,"Fabrizio Russo, Anna Rapberger, Francesca Toni",10.24963/kr.2024/88,3,346,"Causal discovery amounts to unearthing causal relationships amongst features in data. It is a crucial companion to causal inference, necessary to build scientific knowledge without resorting to ex..."
Architecture for Simulating Behavior Mode Changes in Norm-Aware Autonomous Agents.,iclp,2024,"Sean Glaze, Daniela Inclezan",10.4204/eptcs.416.7,2,27,"This paper presents an architecture for simulating the actions of a norm-aware intelligent agent whose behavior with respect to norm compliance is set, and can later be changed, by a human controller. Updating an agent's behavior mode from a norm-abiding to a riskier one may be relevant when the agent is involved in time-sensitive rescue operations, for example. We base our work on the Authorization and Obligation Policy Language AOPL designed by Gelfond and Lobo for the specification of norms. We introduce an architecture and a prototype software system that can be used to simulate an agent's plans under different behavior modes that can later be changed by the controller. We envision such software to be useful to policy makers, as they can more readily understand how agents may act in certain situations based on the agents' attitudes towards norm-compliance. Policy makers may then refine their policies if simulations show unwanted consequences."
MTLearn: Extracting Temporal Rules Using Datalog Rule Learners.,kr,2024,"Dingmin Wang, Przemysław Andrzej Wałęga, Bernardo Cuenca Grau",10.24963/kr.2024/90,1,175,"We propose a framework for temporal rule learning from datasets, which capitalises on the availability of increasingly mature Datalog rule learners. Our approach is based on the idea of splitting a..."
Solving Gossip Problems using Answer Set Programming: An Epistemic Planning Approach.,iclp,2020,"Esra Erdem, Andreas Herzig",10.4204/eptcs.325.11,4,412,"We investigate the use of Answer Set Programming to solve variations of gossip problems, by modeling them as epistemic planning problems."
Inductive First-Order Formula Synthesis by ASP: A Case Study in Invariant Inference.,iclp,2025,"Ziyi Yang, George Pîrlea, Ilya Sergey",10.4204/eptcs.439.35,3,595,"We present a framework for synthesising formulas in first-order logic (FOL) from examples, which unifies and advances state-of-the-art approaches for inference of transition system invariants. To do so, we study and categorise the existing methodologies, encoding techniques in their formula synthesis via answer set programming (ASP). Based on the derived categorisation, we propose orthogonal slices, a new technique for formula enumeration that partitions the search space into manageable chunks, enabling two approaches for incremental candidate pruning. Using a combination of existing techniques for first-order (FO) invariant synthesis and the orthogonal slices implemented in our framework FORCE, we significantly accelerate a state-of-the-art algorithm for distributed system invariant inference. We also show that our approach facilitates composition of different invariant inference frameworks, allowing for novel optimisations."
Towards Parallelising Extension Construction for Serialisable Semantics in Abstract Argumentation.,kr,2023,"Lars Bengel, Matthias Thimm",10.24963/kr.2023/72,1,470,We consider the recently proposed notion of serialisability of semantics for abstract argumentation frameworks. This notion describes a method for the serialised non-deterministic construction of...
Ontology-Based Query Answering over Datalog-Expressible Rule Sets is Undecidable.,kr,2024,"David Carral, Lucas Larroque, Michaël Thomazo",10.24963/kr.2024/22,4,162,"Ontology-based query answering is a problem that takes as input a set of facts F, an ontology R (typically expressed by existential rules), a Boolean query q , and asks whether R and F entails q. T..."
Reasoning about Study Regulations in Answer Set Programming (Preliminary Report).,iclp,2023,"SUSANA HAHN, TORSTEN SCHAUB, CEDRIC MARTENS, AMADE NEMES, HENRY OTUNUYA, JAVIER ROMERO, SEBASTIAN SCHELLHORN",10.1017/s1471068424000383,5,348,"We are interested in automating reasoning with and about study regulations, catering to various stakeholders, ranging from administrators, over faculty, to students at different stages. Our work builds on an extensive analysis of various study programs at the University of Potsdam. The conceptualization of the underlying principles provides us with a formal account of study regulations. In particular, the formalization reveals the properties of admissible study plans. With these at end, we propose an encoding of study regulations in Answer Set Programming that produces corresponding study plans. Finally, we show how this approach can be extended to a generic user interface for exploring study plans."
"Proceedings 36th International Conference on Logic Programming (Technical Communications), ICLP Technical Communications 2020, (Technical Communications) UNICAL, Rende (CS), Italy, 18-24th September 2020.",iclp,2020,,10.1109/cscc49995.2020.00008,1,330,Provides a listing of current committee members and society officers.
Reasoning About Knowledge on Regular Expressions Is 2EXPTIME-Complete.,kr,2025,"Avijeet Ghosh, Sujata Ghosh, François Schwarzentruber",10.24963/kr.2025/35,2,85,"Logics for reasoning about knowledge and actions have seen many applications in various domains of multi-agent systems, including epistemic planning. Change of knowledge based on observations about..."
"Weighted Merging Operators: Product, Utility-based Operators and Egalitarianism.",kr,2024,"Patricia Everaere, Sébastien Konieczny, Ramón Pino Pérez",10.24963/kr.2024/31,1,309,"We propose new operators for weighted propositional belief merging operators. We introduce distance-based operators that use the product as aggregation function. In social choice theory, the prod..."
Revising Boolean Logical Models of Biological Regulatory Networks.,kr,2023,"Frederico Aleixo, Matthias Knorr, João Leite",10.24963/kr.2023/2,3,167,"Boolean regulatory networks are used to represent complex biological processes, modelling the interactions of biological compounds, such as proteins or genes, with each other and with other substan..."
Can LLMs Solve ASP Problems? Insights from a Benchmarking Study.,kr,2025,"Lin Ren, Guohui Xiao, Guilin Qi, Yishuai Geng, Haohan Xue",10.24963/kr.2025/60,3,545,"Answer Set Programming (ASP) is a powerful paradigm for non-monotonic reasoning. Recently, large language models (LLMs) have demonstrated promising capabilities in logical reasoning. Despite this..."
Contractions Based on Optimal Repairs.,kr,2024,"Franz Baader, Renata Wassermann",10.25368/2024.122,1,453,"Removing unwanted consequences from a knowledge base has been investigated in belief change under the name contraction and is called repair in ontology engineering. Simple repair and contraction approaches based on removing statements from the knowledge base (respectively called belief base contractions and classical repairs) have the disadvantage that they are syntax-dependent and may remove more consequences than necessary. Belief set contractions do not have these problems, but may result in belief sets that have no finite representation if one works with logics that are not fragments of propositional logic. Similarly, optimal repairs, which are syntax-independent and maximize the retained consequences, may not exist. In this paper, we want to leverage advances in characterizing and computing optimal repairs of ontologies based on the description logics EL to obtain contraction operations that combine the advantages of belief set and belief base contractions. The basic idea is to employ, in the partial meet contraction approach, optimal repairs instead of optimal classical repairs as remainders. We introduce this new approach in a very general setting, and prove a characterization theorem that relates the obtained contractions with well-known postulates. Then, we consider several interesting instances, not only in the standard repair/contraction setting where one wants to get rid of a consequence, but also in other settings such as variants of forgetting in propositional and description logic. This is an extended version of an article accepted at KR 2024."
Early Validation of High-level Requirements on Cyber-Physical Systems.,iclp,2025,Ondřej Vašíček,10.4204/eptcs.416.40,1,112,"The overarching, broad topic of my research are advancements in the area of safety-critical, cyber-physical systems (CPS) development with emphasis on validation and verification. The particular focus of my research is the early validation of high-level requirements on CPS. My current approach for tackling this problem is transforming the requirements into Event Calculus and subsequently reasoning about them using ASP solvers such as the grounding-free s(CASP). Below, I discuss my research, its current state, and the open issues that are still left to tackle. The first results of my work will be presented in a paper that was accepted for ICLP'24, which is my first paper in this area."
Deep Inductive Logic Programming meets Reinforcement Learning.,iclp,2023,", Yushi Cao",10.32657/10356/182530,4,18,"The integration of inductive logic programming (symbolism) and deep learning (connectionism) has drawn researchers' attention and become a novel research direction toward better reasoning ability. However, the current integration is still far from perfect, especially the poor generalization and learning efficiency of the current models. In this thesis, we aim to improve the generalization of current approaches, together with the learning ability and performance. Besides, we also aim to conduct a full evaluation regarding the reasoning ability of Large Language Models with inductive logic programming tasks. First, to improve the generalization for the current logic-based deep reinforcement learning (DRL) algorithms, we propose a novel framework called GALOIS, which is capable of synthesizing white-box programs with hierarchy and definitive cause-effect logic. It utilizes a program sketch and introduces a new sketch-based programming language to guide the synthesis process. Utilizing this framework, GALOIS implements a sketch-based program synthesis approach that automatically generates white-box, interpretable programs with a generalizable cause-effect logic. Comprehensive evaluation across various complex decision-making tasks demonstrates that GALOIS outperforms mainstream DRL methods and previous state-of-the-art program-guided baselines in learning capability, generalization, interpretation, and the ability to reuse knowledge across different tasks. Then, we observe that current start-of-the-art neural inductive logic programming (ILP) models suffer from requiring a large number of training iterations and training examples for training. Besides, they are still far from perfect in terms of performance and generalization when dealing with tasks that require complex task-solving logic. To mitigate this issue, we present a novel framework named Failure Reflection Guided Regularizer (FRGR). FRGR initially identifies and summarizes error patterns dynamically when the model repeatedly makes similar mistakes during training. Subsequently, it penalties the model for making similar mistakes in future training iterations. This approach encourages the model to avoid recurring mistakes with similar error patterns, thereby facilitating faster convergence to a more optimal and higher-performing solution. Experimental results on multiple relational reasoning and decision-making tasks demonstrate the effectiveness of FRGR in improving neural ILP models' performance, generalization, and learning efficiency. Finally, in spite of the improvement the state-of-the-art neural ILP solvers can bring out, there has been a surge of interest in investigating the reasoning ability of the LLMs. Whereas the textual and numerical reasoning benchmarks adopted by previous works are rather shallow and simple, it is hard to conclude that the large language models (LLMs) possess strong reasoning ability by merely achieving positive results on these benchmarks. Recent efforts have demonstrated that LLMs are poor at solving sequential decision-making problems that require common-sense planning by evaluating their performance on the reinforcement learning benchmarks. In this work, we conduct an in-depth assessment of several state-of-the-art LLMs' reasoning ability based on the ILP benchmark, which is broadly recognized as a representative and challenging measurement for evaluating logic program induction/synthesis systems as it requires inducing strict cause-effect logic to achieve robust deduction on independent and identically distributed (IID) and out-of-distribution (OOD) test samples. Our evaluations illustrate that compared with the neural program induction systems which are much smaller in model size, the state-of-the-art LLMs are much poorer in terms of reasoning ability by achieving much lower performance and generalization using either natural language prompting or truth-value matrix prompting."
A Neurosymbolic Approach to Fraud Detection on Financial Data in the Public Administration.,iclp,2025,,10.1002/9781118936764.ch2,5,389,"Occupational fraud is hard to detect, as employees know their systems inside out. There are both fraudulent inclusions and fraudulent exclusions. This chapter discusses how to recognize the red flags of fraud and different types of anomalies. Accounting and analytic anomalies are distinguished and whether procedures are considered to be data mining or data analytics."
Value awareness and process automation: a reflection through school place allocation models.,iclp,2023,"Joaquín Arias, Mar Moreno-Rebato, Jose A. Rodriguez-García, Sascha Ossowski",10.1007/978-3-031-58202-8_16,1,379,"Value-aware systems need to explicitly represent and reason with norms and values applicable to a problem domain. To this respect, a key question is to determine as to how far a particular legal model is aligned with a certain value system. In this paper, we apply..."
Advancing Algorithmic Approaches to Probabilistic Argumentation under the Constellation Approach.,kr,2024,"Andrei Popescu, Johannes P. Wallner",10.24963/kr.2024/55,2,571,Reasoning with defeasible and conflicting knowledge in an argumentative form is a key research field in computational argumentation. Reasoning under various forms of uncertainty is both a key featu...
Early Validation of High-level Requirements on Cyber-Physical Systems.,iclp,2024,Ondřej Vašíček,10.4204/eptcs.416.40,1,287,"The overarching, broad topic of my research are advancements in the area of safety-critical, cyber-physical systems (CPS) development with emphasis on validation and verification. The particular focus of my research is the early validation of high-level requirements on CPS. My current approach for tackling this problem is transforming the requirements into Event Calculus and subsequently reasoning about them using ASP solvers such as the grounding-free s(CASP). Below, I discuss my research, its current state, and the open issues that are still left to tackle. The first results of my work will be presented in a paper that was accepted for ICLP'24, which is my first paper in this area."
Reasoning about Probability via Continuous Functions.,kr,2023,"Tommaso Flaminio, Sandro Preto, Sara Ugolini",10.24963/kr.2023/28,4,218,For functional representation in an algebraizable logic we mean a representation of the algebras of formulas of the logic by means of (possibly real-valued) functions. Functional representations ...
Propositional Abduction via Only-Knowing: A Non-Monotonic Approach.,iclp,2025,"Sanderson Molick, Vaishak Belle",10.4204/eptcs.439.2,3,363,"The paper introduces a basic logic of knowledge and abduction by extending Levesque logic of only-knowing with an abduction modal operator defined via the combination of basic epistemic concepts. The upshot is an alternative approach to abduction that employs a modal vocabulary and explores the relation between abductive reasoning and epistemic states of only knowing. Furthermore, by incorporating a preferential relation into modal frames, we provide a non-monotonic extension of our basic framework capable of expressing different selection methods for abductive explanations. Core metatheoretic properties of non-monotonic consequence relations are explored within this setting and shown to provide a well-behaved foundation for abductive reasoning."
Visual Graph Question Answering with ASP and LLMs for Language Parsing.,iclp,2024,"Jakob Johannes Bauer, Thomas Eiter, Nelson Higuera Ruiz, Johannes Oetsch",10.4204/eptcs.416.2,5,306,"Visual Question Answering (VQA) is a challenging problem that requires to process multimodal input. Answer-Set Programming (ASP) has shown great potential in this regard to add interpretability and explainability to modular VQA architectures. In this work, we address the problem of how to integrate ASP with modules for vision and natural language processing to solve a new and demanding VQA variant that is concerned with images of graphs (not graphs in symbolic form). Images containing graph-based structures are an ubiquitous and popular form of visualisation. Here, we deal with the particular problem of graphs inspired by transit networks, and we introduce a novel dataset that amends an existing one by adding images of graphs that resemble metro lines. Our modular neuro-symbolic approach combines optical graph recognition for graph parsing, a pretrained optical character recognition neural network for parsing labels, Large Language Models (LLMs) for language processing, and ASP for reasoning. This method serves as a first baseline and achieves an overall average accuracy of 73% on the dataset. Our evaluation provides further evidence of the potential of modular neuro-symbolic systems, in particular with pretrained models that do not involve any further training and logic programming for reasoning, to solve complex VQA tasks."
How to Manage a Budget with ATL+.,kr,2023,"Stéphane Demri, Raine Rönnholm",10.24963/kr.2023/19,5,245,We study the alternating-time temporal logic ATL+ enriched with one resource (written ATL+(1)) extending ATL+ with the possibility to manage a budget. We propose a game-theoretic semantics via the...
Automating Disease Management Using Answer Set Programming.,iclp,2016,,10.1017/cbo9781139342124.007,5,163,"Knowledge Representation, Reasoning, and the Design of Intelligent Agents - March 2014"
Natural Language Generation From Ontologies Using Grammatical Framework.,iclp,2018,Dan Moldovan,10.21236/ada512325,3,233,"During the Phase I period, Lymba studied the feasibility of an automated system that exposes a folksonomys semantic structure. We developed a prototype system that implements our proposed design and exposes a folksonomys semantic structure by building an ontology of tags which can be improve various folksonomy-related applications, such as automatic generation of user, document, or tag recommendations or collaborative tagging across multiple social bookmarking applications in addition to a folksonomy visualization, browsing and search application."
Explanations Generation For Web Service Workflow.,iclp,2018,"Shifeng Yan, Ying Li, Shuiguang Deng, Zhaohui Wu",10.1109/nwesp.2005.12,2,16,"With the quick development of the Web service technologies, more opportunities and challenges are brought into the area of workflow. Service based workflow, which integrates and manages Web services distributed in the Internet, has grown to be one of the hottest topics in the workflow research areas. The high dynamic and heterogeneous nature of the Internet brings uncontrolled factors while integrating and invoking outside Web services in workflow. So the failed execution in service based workflow system occurs more often than that in the traditional workflow system. Thus transaction management is a key to ensure the successful execution of service based workflow. Based on a detailed analysis of the characteristics of service based workflow, it proposed a transaction management framework to maintain the integrity of workflow transactions. Using this framework, a workflow management system can improve its ability in processing transaction issues while managing service based workflow."
Incentive Design for Rational Agents.,kr,2024,"David Hyland, Munyque Mittelmann, Aniello Murano, Giuseppe Perelli, Michael Wooldridge",10.24963/kr.2024/44,2,405,"We introduce Incentive Design: a new class of problems for equilibrium verification in multi-agent systems. In our model, agents attempt to maximize their utility functions, which are expressed as ..."
Semantics for Hybrid Probabilistic Logic Programs with Function Symbols: Technical Summary.,iclp,2022,Fabrizio Riguzzi,10.1201/9781003427421-5,4,72,"In this chapter we prove that the semantics of PCLP given in Section 4.5 is well-defined also when function symbols are present, i.e., that each query can be"
neXSim: A System for Explaining Nexus of Similarities.,iclp,2025,,10.18356/7a3e9edf-en,4,540,"As the United Nations Committee for Development Policy (CDP) defines LDCs as low-income countries facing the most severe impediments to sustainable development, countries become candidates for graduation when their structural impediments become significantly less severe and/ or their income increases rapidly. For purposes of the LDC criteria, income is measured by gross national income (GNI) per capita. The CDP determined a low human asset base and a high vulnerability to economic and environmental shocks as the main structural impediments. As shown in Figure 2, these impediments are measured through two composite indices, the human asset index (HAI) and the economic vulnerability index (EVI).19 Countries may be recommended for graduation by the CDP if a country passes the graduation thresholds for at least two criteria in two consecutive triennial reviews. As an alternative, a country may also be recommended if its income passes the far higher income-only threshold in two consecutive reviews, even if its human assets remain low and its vulnerability to economic and environmental shocks high. CDP believes that such countries could overcome their impediments primarily by relying on their own means. There are strong linkages between expanding productive capacity and progress towards graduation, but also notable differences. First, increasing productive capacity for sustainable development could lead to increased production, which in turn increases income. However, production can be increased without necessarily expanding productive capacity for sustainable development as defined by the CDP. Production could, for example, be increased by exploiting natural resources through mining activities. Similarly, income can increase without production by increasing proceeds from licenses granted to other countries to exploit natural resources, such as fish stocks.20"
Unified Foundations of Team Semantics via Semirings.,kr,2023,"Timon Barlag, Miika Hannula, Juha Kontinen, Nina Pardal, Jonni Virtema",10.24963/kr.2023/8,1,98,Semiring semantics for first-order logic provides a way to trace how facts represented by a model are used to deduce satisfaction of a formula. Team semantics is a framework for studying logics of ...
A Query Evaluation Method for ASP with Abduction.,iclp,2022,"Gerhard Wetzel, Francesca Toni",10.1007/bfb0056017,4,521,The use of integrity constraints to perform Semantic Query-Optimization (SQO) in deductive databases can be formalized in a way similar to the use of integrity constraints in Abductive Logic Programming (ALP) and the use of Constraint Handling Rules in Constraint...
Modelling Cyber Defenses using s(CASP).,iclp,2023,,10.1057/9781137476180.0009,1,94,"While the deterrence of cyber attacks is one of the most important issues facing the United States and other nations, the application of deterrence theory to the cyber realm is problematic. This study introduces cyber warfare and reviews the challenges associated with deterring cyber attacks, offering key recommendations to aid the deterrence of major cyber attacks."
Explaining Reasoning Results for OWL Ontologies with Evee.,kr,2024,"Christian Alrabbaa, Stefan Borgwardt, Tom Friese, Anke Hirsch, Nina Knieriemen, Patrick Koopmann, Alisa Kovtunova, Antonio Krüger, Alexej Popovič, Ida Siahaan",10.24963/kr.2024/67,5,111,"One of the advantages of formalizing domain knowledge in OWL ontologies is that one can use reasoning systems to infer implicit information automatically. However, it is not always straightforward ..."
Consistent Query Answering over SHACL Constraints.,kr,2024,"Shqiponja Ahmetaj, Timo Camillo Merkl, Reinhard Pichler",10.24963/kr.2024/1,1,40,The Shapes Constraint Language (SHACL) was standardized by the World Wide Web as a constraint language to describe and validate RDF data graphs. SHACL uses the notion of shapes graph to describe a ...
Data2Concept2Text: An Explainable Multilingual Framework for Data Analysis Narration.,iclp,2024,"Flavio Bertini, Alessandro Dal Palù, Federica Zaglio, Francesco Fabiano, Andrea Formisano",10.4204/eptcs.416.13,4,559,"This paper presents a complete explainable system that interprets a set of data, abstracts the underlying features and describes them in a natural language of choice. The system relies on two crucial stages: (i) identifying emerging properties from data and transforming them into abstract concepts, and (ii) converting these concepts into natural language. Despite the impressive natural language generation capabilities demonstrated by Large Language Models, their statistical nature and the intricacy of their internal mechanism still force us to employ these techniques as black boxes, forgoing trustworthiness. Developing an explainable pipeline for data interpretation would allow facilitating its use in safety-critical environments like processing medical information and allowing non-experts and visually impaired people to access narrated information. To this end, we believe that the fields of knowledge representation and automated reasoning research could present a valid alternative. Expanding on prior research that tackled the first stage (i), we focus on the second stage, named Concept2Text. Being explainable, data translation is easily modeled through logic-based rules, once again emphasizing the role of declarative programming in achieving AI explainability. This paper explores a Prolog/CLP-based rewriting system to interpret concepts-articulated in terms of classes and relations, plus common knowledge-derived from a generic ontology, generating natural language text. Its main features include hierarchical tree rewritings, modular multilingual generation, support for equivalent variants across semantic, grammar, and lexical levels, and a transparent rule-based system. We outline the architecture and demonstrate its flexibility through some examples capable of generating numerous diverse and equivalent rewritings based on the input concept."
Argument analysis using Answer Set Programming and Semantics-guided Large Language Models.,iclp,2023,Fabrizio Riguzzi,10.1201/9781003427421-6,1,237,"In Section 2.2 we considered only sound programs, those for which every world has a two-valued WFM. In this way, we avoid non-monotonic aspects of the program"
Answer Set Solving with Generalized Learned Constraints.,iclp,2016,Ivor Uhliarik,10.5220/0006518303670372,5,370,"In recent years, foundations have been laid for a turn in logic programming paradigms in continuous domains. Fuzzy answer set programming (FASP) has emerged as a combination of a tool for non-monotonic reasoning and solving combinatorial problems (ASP) and a knowledge representation formalism that allows for modeling partial truth (fuzzy logic). There have been various attempts at designing a solver for FASP, but they either make use of transformations into optimization programs with scaling problems, operate only on finite-valued Łukasiewicz logic, or yield only approximate answer sets. Moreover, there has been no research focused on the product logic semantics in FASP. In this work we investigate the methods used in state-of-the-art classical ASP solvers with the aim of designing a FASP solver for product propositional logic. In particular, we base our approach on the conversion into fuzzy SAT (satisfiability problem) and the fuzzy generalization of the DPLL algorithm. Since both Łukasiewicz and (extended) Gödel logic can be embedded into product logic, the resulting system should be able to operate on all three logics uniformly."
Visualizing Kripke Models in LogiKEy: the Case of SDL.,iclp,2025,"N. Mansurov, D. Zhukov",10.1016/b978-044450228-5/50016-3,3,200,"Formal description techniques (FDT’s) supported by computer-aided software engineering (CASE) tools are rapidly evolving as a response to the new challenges of the telecommunications industry, especially the need to improve “time-to-market” of software products. In this paper we summarize our experience in using automatic synthesis of formal models in ITU-T standard Specification and Description Language (SDL) to speed-up the software development process. Suggested accelerated methodology requires formalization of functional scenarios (use cases) using another ITU-T standard - Message Sequence Charts (MSC) extended with data operations. Our Moscow Synthesizer Tool (MOST-SDL) provides a bridge from MSC models to SDL executable specifications which can be simulated using SDL tools to provide an early feedback for the phases of requirements analysis, system analysis or system design. We present our synthesis algorithm, provide comparison with related work and discuss the results of a few case studies where the Moscow Synthesizer Tool was used together with Telelogic SDL tools for an accelerated MSC-based prototyping which involved incremental synthesis, validation and simulation of the formal model."
s(CASP) for SWI-Prolog.,iclp,2021,Matthias Gondan,10.32614/cran.package.rswipl,1,437,"Interface to 'SWI'-'Prolog', &lt;<a href=""https://www.swi-prolog.org/"" target=""_top"">https://www.swi-prolog.org/</a>&gt;. This package is normally not loaded directly, please refer to package 'rolog' instead. The purpose of this package is to provide the 'Prolog' runtime on systems that do not have a software installation of 'SWI'-'Prolog'."
A Preliminary Evaluation of Open-Source LLMs for Datalog-Based Semantic Parsing in the ASVIN Project.,iclp,2025,"Amad Atiq, George Ubakanma, Muddesar Iqbal",10.1109/es64449.2025.11136269,1,446,"Accurate extraction and categorization of detailed resume information are critical for talent acquisition and workforce analytics, yet the diverse formats and terminologies of resumes create significant challenges for automated processing. This study addresses the problem of effective resume parsing by investigating the potential of Large Language Models (LLMs) and embedding techniques. We evaluate various state-of-the-art open-source LLMs to determine their performance in extracting and categorizing essential sections of resumes, such as education, work experience, technical skills, and personal statements. The research aims to identify the optimal combination of LLMs and embedding techniques that achieve high accuracy and efficiency in the extraction process. Additionally, the study explores the strengths and weaknesses of these models in handling complex, nonstandard, and industry-specific terminologies. Ultimately, our goal is to develop a systematic framework to automate the processing of resume information into a structured database, enhancing talent management and recruitment strategies. Our findings reveal that the llama3-8b-8192 LLM outperforms other models regarding correctness and relevance in resume parsing, contributing to advancements in natural language processing within human resource management. This research paves the way for more effective and efficient strategies in recruitment, skills analysis, and workforce planning."
Fixpoint Semantics for DatalogMTL with Negation.,iclp,2025,Samuele Pollaci,10.4204/eptcs.439.19,2,95,"DatalogMTL with negation is an extension of Datalog with metric temporal operators enriched with unstratifiable negation. In this paper, we define the stable, well-founded, Kripke-Kleene, and supported model semantics for DatalogMTL with negation in a very simple and straightforward way, by using the solid mathematical formalism of Approximation Fixpoint Theory (AFT). Moreover, we prove that the stable model semantics obtained via AFT coincides with the one defined in previous work, through the employment of pairs of interpretations stemming from the logic of here-and-there."
When is a Program an Actual Cause?,iclp,2021,,10.1017/cbo9780511803161.012,4,127,"And now remains That we find out the cause of this effect, Or rather say, the cause of this defect, For this effect defective comes by cause. Shakespeare (Hamlet II.ii. 100–4) Preface This chapter offers a formal explication of the notion of “actual cause,” an event recognized as responsible for the production of a given outcome in a specific scenario, as in: “Socrates drinking hemlock was the actual cause of Socrates death.” Human intuition is extremely keen in detecting and ascertaining this type of causation and hence is considered the key to constructing explanations (Section 7.2.3) and the ultimate criterion (known as “cause in fact”) for determining legal responsibility. Yet despite its ubiquity in natural thoughts, actual causation is not an easy concept to formulate. A typical example (introduced by Wright 1988) considers two fires advancing toward a house. If fire A burned the house before fire B , we (and many juries nationwide) would surely consider fire A “ the actual cause” of the damage, though either fire alone is sufficient (and neither one was necessary) for burning the house. Clearly, actual causation requires information beyond that of necessity and sufficiency; the actual process mediating between the cause and the effect must enter into consideration. But what precisely is a “process” in the language of structural models? What aspects of causal processes define actual causation? How do we piece together evidence about the uncertain aspects of a scenario and so compute probabilities of actual causation? In this chapter we propose a plausible account of actual causation that can be formulated in structural model semantics. The account is based on the notion of sustenance, to be defined in Section 10.2, which combines aspects of necessity and sufficiency to measure the capacity of the cause to maintain the effect despite certain structural changes in the model. We show by examples how this account avoids problems associated with the counterfactual dependence account of Lewis (1986) and how it can be used both in generating explanations of specific scenarios and in computing the probabilities that such explanations are in fact correct."
Resource Allocation with Cooperative Agents.,iclp,2025,,10.1017/cbo9780511619748.013,2,327,"Introduction Recently, cooperative communications have gained attention as an emerging transmit strategy for future wireless networks. Cooperative communications efficiently take advantage of the broadcasting nature of wireless networks. The basic idea is that users or nodes in a wireless network share their information and transmit cooperatively as a virtual antenna array, thus providing diversity that can significantly improve system performance. In cooperative transmission, relays are assigned to help a sender in forwarding its information to its receiver. Thus the receiver gets several copies of the same information via independent channels. The pioneer work on cooperative transmission can be found, e.g., in [53], where a general information theoretical framework about relaying channels is established. In [272, 273], a CDMA-based two-user cooperative modulation scheme has been proposed. The main idea is to allow each user to retransmit estimates of their partner's received information such that each user's information is transmitted to the receiver at the highest possible rate. This work is extended in [175], where the outage and the ergodic capacity behavior of various cooperative protocols, e.g., decode-and-forward (DF) and amplify-and-forward (AF) cooperative protocols, are analyzed for a three-user case under quasi-static fading channels. In [298], the authors provided SER performance analysis and optimum power allocation for DF cooperative systems in a narrowband Rayleigh fading environment. The work in [138] analyzes the schemes based on the same channel without fading, but with more complicated transmitter cooperative schemes involving dirty paper coding. In [199], a cooperative broadcast strategy was proposed with an objective of maximizing the network lifetime."
A Causal Perspective on AI Deception in Games.,iclp,2022,,10.4135/9781483306902.n155,4,395,"<p>The <span class=""hi-bold"">Encyclopedia of Deception</span> examines lying from multiple perspectives drawn from the disciplines of social psychology, sociolo"
Queries With Exact Truth Values in Paraconsistent Description Logics.,kr,2024,"Meghyn Bienvenu, Camille Bourgaux, Daniil Kozhemiachenko",10.1613/jair.1.18676,3,538,"We present a novel approach to querying classically inconsistent description logic (DL) knowledge bases by adopting a paraconsistent semantics with the four 'Belnapian' values: exactly true (T), exactly false (F), both (B), and neither (N). In contrast to prior studies on paraconsistent DLs, we allow truth value operators in the query language over concept and role atoms, which can be used to differentiate between answers obtained from contradictory evidence and those based upon only positive evidence. We present a reduction to classical DL query answering that allows us to pinpoint the precise combined and data complexity of answering queries with values in paraconsistent ALCHI with two- and four-valued roles and their sublogics. Notably, we show that tractable data complexity is retained for Horn DLs. We also present a comparison with repair-based inconsistency-tolerant semantics, showing that the two approaches are incomparable: if we consider queries with the T (exactly true) operator, then we neither over-approximate the most cautious repair-based semantics, nor under-approximate the least cautious ones."
"Proceedings 40th International Conference on Logic Programming, ICLP 2024, University of Texas at Dallas, Dallas Texas, USA, October 14-17 2024.",iclp,2025,", Naif Alatrush, Sultan Alsarra, , Afraa Alshammari, , Luay Abdeljaber, , Niamat Zawad, , Latifur Khan, , Patrick T. Brandt, , Javier Osorio, , Vito J. D’Orazio, ",10.26615/978-954-452-098-4-007,1,222,"Active learning (AL) reduces annotation costs by selecting the most informative samples for labeling. However, traditional AL methods rely on a single heuristic, limiting data exploration and annotation efficiency. This paper introduces two ensemble-based AL methods: Ensemble Union, which combines multiple heuristics to improve dataset exploration, and Ensemble Intersection, which applies majority voting for robust sample selection. We evaluate these approaches on the United Nations Parallel Corpus in both English and Spanish using domain-specific models such as ConfliBERT. Our results show that ensemble-based AL strategies outperform individual heuristics, achieving classification performance comparable to full dataset training while using significantly fewer labeled examples. Although focused on political texts, the proposed methods are applicable to broader NLP annotation tasks where labeling costs are hig"
SHACL Validation under the Well-founded Semantics.,kr,2024,"Cem Okulmus, Mantas Šimkus",10.24963/kr.2024/52,2,572,"W3C has recently introduced SHACL as a new standard for writing integrity constraints on graph-structured data (specifically, on RDF graphs). Unfortunately, the standard defines the semantics of no..."
Logical Judges Challenge Human Judges on the Strange Case of B.C.-Valjean.,iclp,2020,"Viviana Mascardi, Domenico Pellegrini",10.4204/eptcs.325.32,1,544,"On May 12th, 2020, during the course entitled Artificial Intelligence and Jurisdiction Practice organized by the Italian School of Magistracy, more than 70 magistrates followed our demonstration of a Prolog logical judge reasoning on an armed robbery case. Although the implemented logical judge is just an exercise of knowledge representation and simple deductive reasoning, a practical demonstration of an automated reasoning tool to such a large audience of potential end-users represents a first and unique attempt in Italy and, to the best of our knowledge, in the international panorama. In this paper we present the case addressed by the logical judge - a real case already addressed by a human judge in 2015 - and the feedback on the demonstration collected from the attendees."
The Pyglaf Argumentation Reasoner.,iclp,2017,Mario Alviano,10.3233/fi-2019-1808,1,550,"The fundamental mechanism that humans use in argumentation can be formalized in abstract argumentation frameworks. Many semantics are associated with abstract argumentation frameworks, each one consisting of a set of extensions, that is, a set of sets of arguments. Some of these semantics are based on preference relations that essentially impose to maximize or minimize some property. This paper presents the argumentation reasoner PYGLAF, which provides a uniform view of many semantics for abstract argumentation frameworks in terms of circumscription. Specifically, several computational problems of abstract argumentation frameworks are reduced to circumscription by means of linear encodings, and a few others are solved by means of a sequence of calls to an oracle for circumscription. Finally, grounded extensions are obtained in polynomial time by unit propagation, and acceptance problems are addressed by first checking cardinality optimal models of circumscribed theories, so that the naive extension enumeration is possibly avoided."
Decomposition Strategies for Solving Scheduling Problems in Industrial Applications.,iclp,2022,Mohammed M. S. El-Kholany,10.4204/eptcs.364.39,3,184,"This article presents an overview of a research study of a crucial optimization problem in the Computer Science/Operations research field: The Job-shop Scheduling Problem (JSP). The JSP is a challenging task in which a set of operations must be processed using a set of scarce machines to optimize a particular objective. The main purpose of the JSP is to determine the execution order of the processes assigned to each machine to optimize an objective. Our main interest in this study is to investigate developing decomposition strategies using logic programming to solve the JSP. We split our goal into two main phases. The first phase is to apply the decomposition approach and evaluate the proposed model by solving a set of known benchmark instances. The second phase is to apply the successful decomposition methods obtained from the first phase to solve a scheduling problem in the real-life application. In the current state, we finished the first phase and started the second one aiming to have a model that can provide a schedule of a factory for a short-time period."
Explanations for Answer Set Programming.,iclp,2023,,10.1017/cbo9781139342124.007,5,190,"Knowledge Representation, Reasoning, and the Design of Intelligent Agents - March 2014"
A Neurosymbolic Framework for Bias Correction in Convolutional Neural Networks.,iclp,2024,"PARTH PADALKAR, NATALIA ŚLUSARZ, EKATERINA KOMENDANTSKAYA, GOPAL GUPTA",10.1017/s1471068424000322,3,176,A Neurosymbolic Framework for Bias Correction in Convolutional Neural Networks - Volume 24 Issue 4
DMAPF: A Decentralized and Distributed Solver for Multi-Agent Path Finding Problem with Obstacles.,iclp,2021,"Poom Pianpak, Tran Cao Son",10.4204/eptcs.345.24,1,407,"Multi-Agent Path Finding (MAPF) is a problem of finding a sequence of movements for agents to reach their assigned location without collision. Centralized algorithms usually give optimal solutions, but have difficulties to scale without employing various techniques - usually with a sacrifice of optimality; but solving MAPF problems with the number of agents greater than a thousand remains a challenge nevertheless. To tackle the scalability issue, we present DMAPF - a decentralized and distributed MAPF solver, which is a continuation of our recently published work, ros-dmapf. We address the issues of ros-dmapf where it (i) only works in maps without obstacles; and (ii) has a low success rate with dense maps. Given a MAPF problem, both ros-dmapf and DMAPF divide the map spatially into subproblems, but the latter further divides each subproblem into disconnected regions called areas. Each subproblem is assigned to a distributed solver, which then individually creates an abstract plan - a sequence of areas that an agent needs to visit - for each agent in it, and interleaves agent migration with movement planning. Answer Set Programming, which is known for its performance in small but complex problems, is used in many parts including problem division, abstract planning, border assignment for the migration, and movement planning. Robot Operating System is used to facilitate communication between the solvers and to enable the opportunity to integrate with robotic systems. DMAPF introduces a new interaction protocol between the solvers, and mechanisms that together result in a higher success rate and better solution quality without sacrificing much of the performance. We implement and experimentally validate DMAPF by comparing it with other state-of-the-art MAPF solvers and the results show that our system achieves better scalability."
A Prolog Program for Bottom-up Evaluation.,iclp,2024,David S. Warren,10.4204/eptcs.416.20,5,186,"This short paper describes a simple and intuitive Prolog program, a metainterpreter, that computes the bottom up meaning of a simple positive Horn clause definition. It involves a simple transformation of the object program rules into metarules, which are then used by a metainterpreter to compute bottom up the model of the original program. The resulting algorithm is a form of semi-naive bottom-up evaluation. We discuss various reasons why this Prolog program is particularly interesting. In particular, this is perhaps the only Prolog program for which I find the use of Prolog's assert/1 to be intrinsic, easily understood, and the best, most perspicuous, way to program an algorithm. This short paper might be best characterized as a Prolog programming pearl."
Computing Diverse Optimal Stable Models.,iclp,2016,,10.7551/mitpress/4316.003.0016,1,285,"In analogy to the Davis-Putnam procedure we develop a new procedure for computing stable models of propositional normal disjunctive logic programs, using case analysis and simplification. Our procedure enumerates all stable models without repetition and without the need for a minimality check. Since it is not necessary to store the set of stable models explicitly, the procedure runs in polynomial space. We allow clauses with empty heads, in order to represent truth or falsity of a proposition as a one-literal clause. In particular, a clause of form ~ A - expresses that A is constrained to be true, without providing a justification for A. Adding this clause to a program restricts its stable models to those containing A, without introducing new stable models. Together with A - this provides the basis for case analysis. We present our procedure as a set of rules which transform a program into a set of solved forms, which resembles the standard method for presenting unification algorithms. Rules are sound in the sense that they preserve the set of stable models. A subset of the rules is shown to be complete in the sense that for each stable model a solved form can be obtained. The method allows for concise presentation, flexible choice of a control strategy and simple correctness proofs."
From Vision to Execution: Enabling Knowledge Representation and Reasoning in Hybrid Intelligent Robots Playing Mobile Games.,kr,2023,"Denise Angilica, Mario Avolio, Giovanni Beraldi, Giovambattista Ianni, Francesco Pacenza",10.24963/kr.2023/5,2,102,"Automating acts on touch surfaces opens a range of possibilities for researching and experimenting with hybrid AI approaches. In this paper, we propose a delta robot capable of playing match-3 gam..."
Machine Learning Model Integration with Open World Temporal Logic for Process Automation.,iclp,2025,"Dyuman Aditya, Colton Payne, Mario Leiva, Paulo Shakarian",10.4204/eptcs.439.4,2,253,"Recent advances in Machine Learning (ML) have produced models that extract structured information from complex data. However, a significant challenge lies in translating these perceptual or extractive outputs into actionable and explainable decisions within complex operational workflows. To address these challenges, this paper introduces a novel approach that integrates the outputs of various machine learning models directly with the PyReason framework, an open-world temporal logic programming reasoning engine. PyReason's foundation in generalized annotated logic allows for the incorporation of real-valued outputs (e.g., probabilities, confidence scores) from a diverse set of ML models, treating them as truth intervals within its logical framework. Crucially, PyReason provides mechanisms, implemented in Python, to continuously poll ML model outputs, convert them into logical facts, and dynamically recompute the minimal model to enable decision-making in real-time. Furthermore, its native support for temporal reasoning, knowledge graph integration, and fully explainable interface traces enables an analysis of time-sensitive process data and existing organizational knowledge. By combining the strengths of perception and extraction from ML models with the logical deduction and transparency of PyReason, we aim to create a powerful system for automating complex processes. This integration is well suited for use cases in numerous domains, including manufacturing, healthcare, and business operations."
First Order Logic and Commonsense Reasoning: A Path Less Travelled.,iclp,2022,,10.1302/3114-230258,2,362,"In this presentation, Ashish Upadhyay discusses a prevalent issue in healthcare: back pain, particularly focusing on sacroiliac (SI) joint problems. He reflects on the challenges patients face, especially those…"
Representing and Evaluating SBVR Specification via ASP.,iclp,2025,"Murali Mohanan, Imran Sarwar Bajwa",10.4018/ijossp.2019040104,4,584,"A user’s software requirements are represented in natural language or a speech such as English. Translating these requirements into the object-oriented models is a tough process for designers. This article proposes a neoteric approach to generate Unified Modeling Language (UML) class models instantly from software requirement specifications (SRS). Here the authors make use of the Open Natural language processing tool (OpenNLP) for lexical analysis and to generate the necessary parts of speech (POS) tags from these requirement specifications. Then, the Semantics of Business Vocabulary and Rules (SBVR) standard is used to extract the object-oriented elements from the natural language (NL) processed SRS. From this, the authors generate UML class models. The prototype tool can generate accurate models in less time. This automated system for designing object-oriented models from SRS reduces the cost and budget for both the designers and the users."
A Planning Compilation to Reason About Goal Achievement at Planning Time.,kr,2025,"Alberto Pozanco, Marianela Morales, Daniel Borrajo, Manuela Veloso",10.24963/kr.2025/82,1,316,"Identifying the specific actions that achieve goals when solving a planning task might be beneficial for various planning applications. Traditionally, this identification occurs post-search, as ..."
Cost-Optimal Delete-Free Classical Planning via Maximum Satisfiability.,kr,2025,"Masood Feyzbakhsh Rankooh, Andreas Niskanen, Matti Järvisalo",10.24963/kr.2025/75,1,198,"We propose a maximum satisfiability (MaxSAT) based approach to cost-optimal delete-free planning, also known as optimal relaxed planning. Relaxed planning is a central subclass of classical plannin..."
Verification of General Games with Imperfect Information Using Strategy Logic.,kr,2024,"Yifan He, Munyque Mittelmann, Aniello Murano, Abdallah Saffidine, Michael Thielscher",10.24963/kr.2024/40,2,33,"The Game Description Language with Imperfect Information (GDL-II) is a lightweight formalism for representing the rules of arbitrary games, including those where players have private information. I..."
Conflict Handling in Product Configuration using Answer Set Programming.,iclp,2022,Seemran Mishra,10.4204/eptcs.345.46,4,197,"This is a preliminary work on configuration knowledge representation which serves as a foundation for building interactive configuration systems in Answer Set programming (ASP). The major concepts of the product configuration problem are identified and discussed with a bike configuration example. A fact format is developed for expressing product knowledge that is domain-specific and can be mapped from other systems. Finally, a domain-independent ASP encoding is provided that represents the concepts in the configuration problem."
LLM+Reasoning+Planning for supporting incomplete user queries in presence of APIs.,iclp,2024,"Sudhir Agarwal, Anu Sreepathy, David H. Alonso, Prarit Lamba",10.4204/eptcs.416.3,2,489,"Recent availability of Large Language Models (LLMs) has led to the development of numerous LLM-based approaches aimed at providing natural language interfaces for various end-user tasks. These end-user tasks in turn can typically be accomplished by orchestrating a given set of APIs. In practice, natural language task requests (user queries) are often incomplete, i.e., they may not contain all the information required by the APIs. While LLMs excel at natural language processing (NLP) tasks, they frequently hallucinate on missing information or struggle with orchestrating the APIs. The key idea behind our proposed approach is to leverage logical reasoning and classical AI planning along with an LLM for accurately answering user queries including identification and gathering of any missing information in these queries. Our approach uses an LLM and ASP (Answer Set Programming) solver to translate a user query to a representation in Planning Domain Definition Language (PDDL) via an intermediate representation in ASP. We introduce a special API ""get_info_api"" for gathering missing information. We model all the APIs as PDDL actions in a way that supports dataflow between the APIs. Our approach then uses a classical AI planner to generate an orchestration of API calls (including calls to get_info_api) to answer the user query. Our evaluation results show that our approach significantly outperforms a pure LLM based approach by achieving over 95% success rate in most cases on a dataset containing complete and incomplete single goal and multi-goal queries where the multi-goal queries may or may not require dataflow among the APIs."
Neuro-Symbolic Agent with ASP for Robust Exception Learning in Text-Based Games.,iclp,2024,"Vinod Mishra, Julian Briseno, Mani Srivastava",10.21236/ad1230960,4,434,"Robotic agents have been developed to perform a number of tasks under human command and sometimes independently as well. Human-agent teams can extend the capabilities of both humans and robots. Multi-Agent Reinforcement Learning (MARL) is a natural approach for such teams. The interaction within a team composed of human and robot agents considered so far ignores the role of physical context in MARL. Here, we present a distributed online MARL in such a scenario incorporating wireless communication and physical movement supplemented with intra-team communication. We present the system, its mathematical analysis, and some initial experimental results herein"
Causes for Changing Profiles (Preliminary Report).,kr,2023,,10.3133/b333,3,292,"The general supervision of the work of the coal-mine inspectors in New Mexico and Indian Territory was transferred on June 10, 1907, by the Secretary of the Interior to the Geological Survey in aletter from which the following paragraphs are extracted: I have to request that from and including the 1st day of July, 1907, you will take up the practical administration of the act for the protection of the lives of miners in the Territories, approved March 3, 1891, and the act amendatory thereof, approved July 1, 1902, and the supervision of the work of the coal-mine inspectors in New Mexico and the Indian Territory appointed pursuant to said statute, and those who may here- after be appointed in such Territories in which the aggregate annual output, is in excess of 1,000 tons of coal. In this connection it is suggested that the officers of the Geological Survey having the matter in charge should not only investigate the general mining conditions in the Territories, but also the nature and extent of the mine accidents, particularly those resulting from explosions, and report to the Department the results of such investiga- tions. These reports should contain also suggestions as to how the mining conditions may be improved and accidents prevented, without undue hardship to the operators. In a letter dated June 14, 1907, this supervision of the work of the coal-mine inspectors was placed by the Director of the Survey under the technologic branch of that organization. In endeavoring to carry out the suggestions of the Secretary relative to the improve- ment of the mining conditions and prevention of mine accidents in the coal mines of the Territories, a number of examinations of the more dangerous coal mines of the Indian Territory were made by Clarence Hall, Samuel Sanford, Rollin T. Chamberlin, and the expert in charge of the technologic branch. Other and more extended examinations of the coal mines of both Indian Territory (Oklahoma) and New Mexico have been planned. Meanwhile Mr. Hall and his associates have been investigating the nature, extent, causes, and results of a number of disastrous coal-mine explosions in several of the States. These studies have been carried on in connection with the general investigation of the waste and destruction of coal in mining operations. In connection with all these investigations, and with a view to determining the practicability of preventing coal-mine explosions and improving mining conditions, a general inquiry was begun by Mr. Hall, with the assistance of Walter O. Snelling and under the advice of Prof. Charles E. Munroe, concerning the nature and extent of such explosions and the methods employed in the United States or in foreign countries to prevent their occurrence. In response to numerous requests for information on this subject, a brief summary of the results of these inquiries has been prepared for immediate publication as the present bulletin. Later bulletins . will deal with other phases of this subject and also embody the results of the investigations of coal mining and coal-mine accidents in the Territories. The figures given in this report indicate that during the year 1906 nearly 7,000 men were killed or injured in the coal mines of this. country, and that the number of these accidents caused directly or indirectly by mine explosions has been steadily increasing. It is also indicated that this increase has been due in part to the lack of proper and enforceable mine regulations; in part to the lack of reli- able information concerning the explosives used in mining, and the conditions under which they can be used safely in the presence of the gas and dust encountered in the mines; and in part to the fact that in the development of coal mining not only is the number of miners increasing, but many areas from which coal is being taken are either deeper or farther from the entrance, where good ventilation is more difficult and the dangerous accumulations of explosive gas more frequent. The increase both in the number and in the seriousness of mine explosions in the United States during past years may be expected to continue unless, through investigations made in the United States. such as have proved effective in other coal-producing countries, in- formation can be obtained and published concerning the explosives used, the conditions under which they may be used safely in the presence of coal dust or gas, and the general conditions which make for health and safety in coal-mining operations. Such information, obtained through comprehensive and impartial investigations, may serve-in this, as in other countries, as an intelligent basis both for legislative enactments and for agreements among persons associated with mining operations. One after another of these terrible underground disasters awakens the sympathies of the nation and arouses an earnest desire that they may be entirely prevented. Experience in the deeper and more dan- gerous coal mines of Belgium and other countries not only indicates that these mine accidents may be reduced to less than one-third their present number in the United States, but also gives promise of results which in the future may at least approach complete prevention."
Prolog Coding Guidelines: Status and Tool Support.,iclp,2019,"Falco Nogatz, Philipp Körner, Sebastian Krings",10.4204/eptcs.306.8,5,555,"The importance of coding guidelines is generally accepted throughout developers of every programming language. Naturally, Prolog makes no exception. However, establishing coding guidelines is fraught with obstacles: Finding common ground on kind and selection of rules is matter of debate; once found, adhering to or enforcing rules is complicated as well, not least because of Prolog's flexible syntax without keywords. In this paper, we evaluate the status of coding guidelines in the Prolog community and discuss to what extent they can be automatically verified. We implemented a linter for Prolog and applied it to several packages to get a hold on the current state of the community."
An LLM + ASP Workflow for Joint Entity-Relation Extraction.,iclp,2025,"Trang Tran, Trung Hoang Le, Huiping Cao, Tran Cao Son",10.4204/eptcs.439.6,4,182,"Joint entity-relation extraction (JERE) identifies both entities and their relationships simultaneously. Traditional machine-learning based approaches to performing this task require a large corpus of annotated data and lack the ability to easily incorporate domain specific information in the construction of the model. Therefore, creating a model for JERE is often labor intensive, time consuming, and elaboration intolerant. In this paper, we propose harnessing the capabilities of generative pre-trained large language models (LLMs) and the knowledge representation and reasoning capabilities of Answer Set Programming (ASP) to perform JERE. We present a generic workflow for JERE using LLMs and ASP. The workflow is generic in the sense that it can be applied for JERE in any domain. It takes advantage of LLM's capability in natural language understanding in that it works directly with unannotated text. It exploits the elaboration tolerant feature of ASP in that no modification of its core program is required when additional domain specific knowledge, in the form of type specifications, is found and needs to be used. We demonstrate the usefulness of the proposed workflow through experiments with limited training data on three well-known benchmarks for JERE. The results of our experiments show that the LLM + ASP workflow is better than state-of-the-art JERE systems in several categories with only 10% of training data. It is able to achieve a 2.5 times (35% over 15%) improvement in the Relation Extraction task for the SciERC corpus, one of the most difficult benchmarks."
Comprehensive Multi-Agent Epistemic Planning.,iclp,2021,Francesco Fabiano,10.4204/eptcs.345.41,3,351,"Over the last few years, the concept of Artificial Intelligence has become central in different tasks concerning both our daily life and several working scenarios. Among these tasks automated planning has always been central in the AI research community. In particular, this manuscript is focused on a specialized kind of planning known as Multi-agent Epistemic Planning (MEP). Epistemic Planning (EP) refers to an automated planning setting where the agent reasons in the space of knowledge/beliefs states and tries to find a plan to reach a desirable state from a starting one. Its general form, the MEP problem, involves multiple agents who need to reason about both the state of the world and the information flows between agents. To tackle the MEP problem several tools have been developed and, while the diversity of approaches has led to a deeper understanding of the problem space, each proposed tool lacks some abilities and does not allow for a comprehensive investigation of the information flows. That is why, the objective of our work is to formalize an environment where a complete characterization of the agents' knowledge/beliefs interaction and update is possible. In particular, we aim to achieve such goal by defining a new action-based language for multi-agent epistemic planning and to implement an epistemic planner based on it. This solver should provide a tool flexible enough to reason on different domains, e.g., economy, security, justice and politics, where considering others' knowledge/beliefs could lead to winning strategies."
"Front Matter, Table of Contents, Preface, Conference Organization.",iclp,2017,,10.1484/m.art-eb.5.138353,1,157,"Preview this chapter: Front Matter (""Preface"", ""Table of Contents""), Page 1 of 1 < Previous page | Next page > /docserver/preview/fulltext/10.1484/M.ART-EB.5.105705/M.ART-EB.5.138353-1.gif Hardbound ISBN: 978-90-70419-31-8 E-book ISBN: 978-2-503-56426-5 Book DOI : https://doi.org/10.1484/M.ART-EB.5.105705"
Constraint CNF: SAT and CSP Language Under One Roof.,iclp,2016,Justyna Petke,10.1007/978-3-319-21810-6_6,3,86,"In CSP-solver competitions [vDLR09, vDLR08] in the last few years one SAT-based constraint solver, called Sugar [TTKB09], was exceptionally efficient and even won in a few categories. Surprisingly, it outperformed standard constraint solvers on many..."
A Scalable Approach to Probabilistic Compliance in Declarative Process Mining.,iclp,2025,"Christian Sturm, Stefan Schönig, Stefan Jablonski",10.5220/0006710305850595,3,506,"Automated process discovery aims at generating a process model from an event log. Such models can be represented as a set of declarative constraints where temporal coherencies can also be intertwined with dependencies upon value ranges of data parameters and resource characteristics. Existing mining tools do not support multi-perspective constraint discovery or are not efficient enough. In this paper, we propose an efficient mining framework for discovering multi-perspective declarative models that builds upon the distributed processing method MapReduce. Mining performance and effectiveness have been tested on several real-life event logs."
Reasoning in SHIQ with Axiom- and Concept-Level Standpoint Modalities.,kr,2024,"Lucía Gómez Álvarez, Sebastian Rudolph",10.24963/kr.2024/36,2,42,"Standpoint logic is a recently proposed modal logic framework that is well-suited for multiperspective reasoning and ontology integration. For this reason, combinations of standpoint logic with des..."
Bringing Logic Programming to primary school: a teacher training course.,iclp,2024,Tom Donohoe,10.12968/prtu.2012.1.4.38,4,352,Bringing the Olympic spirit to school…
On the Strong Equivalences of LPMLN Programs.,iclp,2019,"Bin Wang, Jun Shen, Shutao Zhang, Zhizheng Zhang",10.23638/lmcs-17(1:4)2021,1,419,"LPMLN is a powerful knowledge representation and reasoning tool that combines the non-monotonic reasoning ability of Answer Set Programming (ASP) and the probabilistic reasoning ability of Markov Logic Networks (MLN). In this paper, we study the strong equivalence for LPMLN programs, which is an important tool for program rewriting and theoretical investigations in the field of logic programming. First of all, we present the notion of p-strong equivalence for LPMLN and present a model-theoretical characterization for the notion. And we investigate the relationships among the p-strong equivalence and other existing notions of strong equivalences for LPMLN. Then, we investigate several properties of the p-strong equivalence from the following four aspects. Firstly, we investigate two relaxed notions of the p-strong equivalence according to practical scenarios of program rewriting, and present corresponding characterizations for the notions. Secondly, we analyze the computational complexities of deciding strong equivalences for LPMLN programs. Thirdly, we investigate the relationships among the strong equivalences of LPMLN and two extensions of ASP: ASP with weak constraints and ordered disjunctions. Finally, we investigate LPMLN program simplification via the p-strong equivalence and present some syntactic conditions that decide the p-strong equivalence between a single LPMLN rule and the empty program. The contributions of the paper are as follows. Firstly, all of the results presented in this paper provide a better understanding of LPMLN programming, which helps us further explore the properties of LPMLN. Secondly, the relationships among the strong equivalences open a way to study the strong equivalences for some logic formalisms by translating into LPMLN. Thirdly, the program simplification can be used to enhance the implementations of the LPMLN solvers ..."
Pruning with Belief Traps in Multi-agent Epistemic Planning.,kr,2025,"Biqing Fang, Fangzhen Lin",10.24963/kr.2025/74,4,68,"Multi-agent epistemic planning (MEP) addresses planning problems involving multiple agents with epistemic reasoning, often requiring the consideration of nested beliefs. In this paper, we extend th..."
Deontic Paradoxes in ASP with Weak Constraints.,iclp,2023,"Christian Hatschka, Agata Ciabattoni, Thomas Eiter",10.4204/eptcs.385.39,3,188,"The rise of powerful AI technology for a range of applications that are sensitive to legal, social, and ethical norms demands decision-making support in presence of norms and regulations. Normative reasoning is the realm of deontic logics, that are challenged by well-known benchmark problems (deontic paradoxes), and lack efficient computational tools. In this paper, we use Answer Set Programming (ASP) for addressing these shortcomings and showcase how to encode and resolve several well-known deontic paradoxes utilizing weak constraints. By abstracting and generalizing this encoding, we present a methodology for translating normative systems in ASP with weak constraints. This methodology is applied to ""ethical"" versions of Pac-man, where we obtain a comparable performance with related works, but ethically preferable results."
"Joint Proceedings of the Joint Workshop on Knowledge Diversity and Cognitive Aspects of KR and the Workshop on Symbolic and Neuro-Symbolic Architectures for Intelligent Robotics Technology (KoDis-CAKR-SYNERGY 2024) co-located with the 21st International Conference on Principles of Knowledge Representation and Reasoning (KR 2024), Hanoi, Vietnam, November 2-8, 2024.",kr,2024,"Yi Zeng, Spyros Kotoulas, Zhisheng Huang",10.1145/2505515.2505819,1,332,"As a continuous effort for organizing discussions and providing possible theories and techniques to deal with the barriers for knowledge processing at Web scale, the 2013 International Workshop on Web-scale Knowledge Representation, Retrieval and Reasoning (Web-KR 2013) was held in conjunction with the 2013 ACM International Conference on Information and Knowledge Management (CIKM 2013) on November 1st, 2013 at Burlingame, CA, United States. This is the 4th version of the Web-KR workshop. As in previous workshops under the same title, accepted papers of this workshop cover many important topics in the field. This year, the contributions focus on multi-faceted understanding of Web knowledge sources, Web entity linking, deep Web knowledge acquisition, and Web-scale stream reasoning. Many new approaches are proposed to deal with these problems in the context of large scale Web resources. This summary introduces the major contributions of accepted papers in the Web-KR 2013 workshop."
Guarded Fragments Meet Dynamic Logic: The Story of Regular Guards.,kr,2025,"Bartosz Bednarczyk, Emanuel Kieroński",10.24963/kr.2025/9,3,105,We study the Guarded Fragment with Regular Guards RGF which combines the expressive power of the Guarded Fragment (GF) with Propositional Dynamic Logic with Intersection and Converse (ICPDL). O...
Correct Causal Inference in Probabilistic Logic Programming.,iclp,2022,,10.1098/rsos.230785/v1/review1,5,60,"Probabilistic planning attempts to incorporate stochastic models directly into the planning process, which is the problem of synthesizing a sequence of actions that achieves some objective for a putative agent. Probabilistic programming has rapidly emerged as a key paradigm to integrate probabilistic concepts with programming languages, which allows one to specify complex probabilistic models using programming primitives like recursion and loops. Probabilistic logic programming aims to further ease the specification of structured probability distributions using first-order logical artefacts. In this article, we briefly discuss the modelling of probabilistic planning through the lens of probabilistic (logic) programming. Although many flavours for such an integration are possible, we focus on two representative examples. The first is an extension to the popular probabilistic logic programming language PROBLOG, which permits the decoration of probabilities on Horn clauses-that is, prolog programs. The second is an extension to the popular agent programming language GOLOG, which permits the logical specification of dynamical systems via actions, effects and observations. The probabilistic extensions thereof emphasize different strengths of probabilistic programming that are particularly useful for non-trivial modelling issues raised in probabilistic planning. Among other things, one can instantiate planning problems with growing and shrinking state spaces, discrete and continuous probability distributions, and non-unique prior distributions in a first-order setting."
Some Enhancements to the Prolog Playground and ALD Notebooks for the Modern Prolog Classroom.,iclp,2025,,10.1515/9783110850451.5,3,224,Chapter 2. Some elements of Prolog was published in Functional Grammar in Prolog on page 5.
Cost-Based Semantics for Querying Inconsistent Weighted Knowledge Bases.,kr,2024,"Meghyn Bienvenu, Camille Bourgaux, Robin Jean",10.24963/kr.2024/16,1,381,"In this paper, we explore a quantitative approach to querying inconsistent description logic knowledge bases. We consider weighted knowledge bases in which both axioms and assertions have (possibly..."
A Hitchhiker&apos;s Guide to Reinventing a Prolog Machine.,iclp,2017,Jesús Castillo,10.17398/2605-5686.37.1.1,4,30,"What has category theory to offer to Banach spacers? In this second part survey-like paper we will focus on very much needed advanced categorical and homological elements, such as Kan extensions, derived category and derived functor or Abelian hearts of Banach spaces."
Agentified Argumentative Learning (short paper).,iclp,2025,,10.1075/aic.20.c10,1,69,"Argumentative Style discusses the various ways in which the defence of a standpoint is given shape in argumentative discourse. In this innovative study the new notion – ‘argumentative style’ – introduced for this purpose is situated in the theoretical framework of the pragma-dialectical approach to argumentation. This means that the choices involved in utilising a particular argumentative style do not only concern the presentational dimension, but also the topical selection and the audience adaptation of the strategic manoeuvring taking place in the discourse. In identifying the functional variety of the argumentative styles utilised in the political, the diplomatic, the legal, the facilitatory, the academic, and the medical domain, the point of departure is that these argumentative styles manifest themselves in the discourse in the argumentative moves that are made, the dialectical routes that are chosen and the strategic considerations that are brought to bear."
Leveraging Decision-DNNF Compilation for Enumerating Disjoint Partial Models.,kr,2024,"Jean-Marie Lagniez, Emmanuel Lonca",10.24963/kr.2024/48,1,174,"The All-Solution Satisfiability Problem (AllSAT) extends SAT by requiring the identification of all possible solutions for a propositional formula. In practice, enumerating all complete models is o..."
"Proceedings 35th International Conference on Logic Programming (Technical Communications), ICLP 2019 Technical Communications, Las Cruces, NM, USA, September 20-25, 2019.",iclp,2019,Serdar Kadioglu,10.4204/eptcs.306.6,1,271,"Resource allocation poses unique challenges ranging from load balancing in heterogeneous environments to privacy concerns and various service-level agreements. In this tutorial, we highlight industrial applications from distinct problem domains that span both extremes of the optimization landscape; operational decision making in real-time and resource provisioning for future considerations. Motivated by real-world business requirements, we will walk through how Constraint Programming delivers effective solutions in both settings and compare & contrast it with alternative approaches such as heuristics and mathematical programming. While solving large-scale problems is of great practical importance, there is a need for solutions that are not only efficient but also flexible, easy to update, and maintain. We show how Constraint Programming neatly suits the needs of such dynamic environments with continually changing requirements."
Tackling the Air Traffic Flow and Capacity Management Problem with Explainable Answer Set Programming.,iclp,2025,"Gładyś Sylwester, Malarski Marek, Jasiński Sławomir, Skorupski Jacek",10.1007/978-3-642-48417-9_8,5,491,Civil aviation air traffic undergoes many random disturbances. Air traffic controllers watch the real traffic and ensure that it is free from collision hazards in the whole airspace — the ATC sector — under their control. The ATFM service takes care that...
The Sticky Path to Expressive Querying: Decidability of Navigational Queries under Existential Rules.,kr,2024,"Piotr Ostropolski-Nalewaja, Sebastian Rudolph",10.24963/kr.2024/54,2,159,Extensive research in the field of ontology-based query answering has led to the identification of numerous fragments of existential rules (also known as tuple-generating dependencies) that exhibit...
Diagnosis for Post Concept Drift Decision Trees Repair.,kr,2023,"Shaked Almog, Meir Kalech",10.24963/kr.2023/3,1,574,"Decision trees are commonly used in machine learning since they are accurate and robust classifiers. After a decision tree is built, the data can change over time, causing the classification perfor..."
Neurosymbolic AI in Digital Forensics: Commonsense and Qualitative Reasoning.,iclp,2025,"Son Tran, Edjard Mota, Artur d'Avila Garcez",10.1002/9781394302406.ch02,5,517,"Knowledge representation and reasoning in neural networks have been a long-standing endeavor, which has attracted much attention recently. The principled integration of reasoning and learning in neural networks is a main objective of the area of neurosymbolic Artificial Intelligence (AI). In this chapter, a simple energy-based neurosymbolic AI system is described that can represent and reason formally about any propositional logic formula. This creates a powerful combination of learning from data and knowledge and logical reasoning. We start by positioning neurosymbolic AI in the context of the current AI landscape that is unsurprisingly dominated by Large Language Models (LLMs). We identify important challenges of data efficiency, fairness, and safety of LLMs that might be addressed by neurosymbolic reasoning systems with formal reasoning capabilities. We then discuss the representation of logic by the specific energy-based system, including illustrative examples and empirical evaluation of the correspondence between logical reasoning and energy minimization using Restricted Boltzmann Machines (RBM). The system, called Logical Boltzmann Machine (LBM), can find all satisfying assignments of a class of logical formulae by searching through a very small percentage of the possible truth-value assignments. Learning from data and knowledge in LBM is also evaluated empirically and compared with a purely symbolic, a purely neural, and a state-of-the-art neurosymbolic system, achieving better learning performance in five out of seven datasets. Results reported in this chapter in an accessible way are expected to reignite the research on the use of neural networks as massively parallel models for logical reasoning and to promote the principled integration of reasoning and learning in deep networks. LBM is also evaluated in the role of an interpretable neural module that can be added on top of complex neural networks such as convolutional networks and encoder–decoder networks to implement any given set of logical constraints, e.g., fairness or safety requirements. LBM is further evaluated when deployed in the solution of the connectionist Boolean satisfiability (SAT) problem, maximum satisfiability (MaxSAT), and approximate optimization problems when certain logical rules may be given a higher priority or a penalty according to a confidence value . We conclude the chapter with a discussion of the importance of positioning neurosymbolic AI within a broader framework of formal reasoning and accountability in AI, discussing the challenges for neurosymbolic AI to tackle the various known problems of reliability of deep learning. We close with an opinion on the risks of AI and future opportunities for neurosymbolic AI."
Capturing Non-flat Assumption-based Argumentation with Bipolar SETAFs.,kr,2024,"Matti Berthold, Anna Rapberger, Markus Ulbricht",10.24963/kr.2024/12,1,121,"While the flat fragment of assumption-based argumentation (ABA) is widely studied in the literature, the general, non-flat case has mostly been neglected so far. Until recently, there was no possib..."
An Iterative Fixpoint Semantics for MKNF Hybrid Knowledge Bases with Function Symbols.,iclp,2022,"Marco Alberti, Riccardo Zese, Fabrizio Riguzzi, Evelina Lamma",10.4204/eptcs.364.7,1,196,"Hybrid Knowledge Bases based on Lifschitz's logic of Minimal Knowledge with Negation as Failure are a successful approach to combine the expressivity of Description Logics and Logic Programming in a single language. Their syntax, defined by Motik and Rosati, disallows function symbols. In order to define a well-founded semantics for MKNF HKBs, Knorr et al. define a partition of the modal atoms occurring in it, called the alternating fixpoint partition. In this paper, we propose an iterated fixpoint semantics for HKBs with function symbols. We prove that our semantics extends Knorr et al.'s, in that, for a function-free HKBs, it coincides with its alternating fixpoint partition. The proposed semantics lends itself well to a probabilistic extension with a distribution semantic approach, which is the subject of future work."
Inference in Probabilistic Logic Programs Using Lifted Explanations.,iclp,2016,Fabrizio Riguzzi,10.1201/9781003427421-9,3,462,"Reasoning with real-world models is often very expensive due to their complexity. Lifted inference was initially proposed by Poole. Since then, many techniques"
Refining the Semantics of Epistemic Specifications.,iclp,2021,Ezgi Iraz Su,10.4204/eptcs.345.25,1,8,"Answer set programming (ASP) is an efficient problem-solving approach, which has been strongly supported both scientifically and technologically by several solvers, ongoing active research, and implementations in many different fields. However, although researchers acknowledged long ago the necessity of epistemic operators in the language of ASP for better introspective reasoning, this research venue did not attract much attention until recently. Moreover, the existing epistemic extensions of ASP in the literature are not widely approved either, due to the fact that some propose unintended results even for some simple acyclic epistemic programs, new unexpected results may possibly be found, and more importantly, researchers have different reasonings for some critical programs. To that end, Cabalar et al. have recently identified some structural properties of epistemic programs to formally support a possible semantics proposal of such programs and standardise their results. Nonetheless, the soundness of these properties is still under debate, and they are not widely accepted either by the ASP community. Thus, it seems that there is still time to really understand the paradigm, have a mature formalism, and determine the principles providing formal justification of their understandable models. In this paper, we mainly focus on the existing semantics approaches, the criteria that a satisfactory semantics is supposed to satisfy, and the ways to improve them. We also extend some well-known propositions of here-and-there logic (HT) into epistemic HT so as to reveal the real behaviour of programs. Finally, we propose a slightly novel semantics for epistemic ASP, which can be considered as a reflexive extension of Cabalar et al.'s recent formalism called autoepistemic ASP."
Proportional dependencies and asymptotics of probabilistic representations.,iclp,2020,Darren Bradley,10.1093/obo/9780195396577-0393,2,335,"Formal epistemology is epistemology that uses mathematical tools. Foremost among them is probability theory. We can represent the strength of a belief by assigning it a number between zero and one, with one representing belief with maximal strength, and zero with minimal strength. Using these, and other, formal tools, we can investigate a range of epistemological questions, such as: What justifies beliefs? How should evidence inform belief? How should we update our beliefs over time?"
Natlog: a Lightweight Logic Programming Language with a Neuro-symbolic Touch.,iclp,2021,Paul Tarau,10.4204/eptcs.345.27,4,505,"We introduce Natlog, a lightweight Logic Programming language, sharing Prolog's unification-driven execution model, but with a simplified syntax and semantics. Our proof-of-concept Natlog implementation is tightly embedded in the Python-based deep-learning ecosystem with focus on content-driven indexing of ground term datasets. As an overriding of our symbolic indexing algorithm, the same function can be delegated to a neural network, serving ground facts to Natlog's resolution engine. Our open-source implementation is available as a Python package at this https URL ."
On the Effects of Adding Assignments in Linear-Time Temporal Logics Modulo Theories.,kr,2025,"Stéphane Demri, Raul Fervari",10.24963/kr.2025/26,4,289,We introduce linear-time temporal logics with past operators featuring a simple assignment modality that performs local changes on the models. Such structures are infinite sequences of valuation...
"Mind the Gaps: Logical English, Prolog, and Multi-agent Systems for Autonomous Vehicles.",iclp,2024,"Galileo Sartor, Adam Wyner, Giuseppe Contissa",10.4204/eptcs.416.9,3,257,"In this paper, we present a modular system for representing and reasoning with legal aspects of traffic rules for autonomous vehicles. We focus on a subset of the United Kingdom's Highway Code (HC) related to junctions. As human drivers and automated vehicles (AVs) will interact on the roads, especially in urban environments, we claim that an accessible, unitary, high-level computational model should exist and be applicable to both users. Autonomous vehicles introduce a shift in liability that should not bring disadvantages or increased burden on human drivers. We develop a system ""in silico"" of the model. The proposed system is built of three main components: a natural language interface, using Logical English, which encodes the rules; an internal representation of the rules in Prolog; and an multi-agent-based simulation environment, built in NetLogo. The three components interact: Logical English is translated into and out of Prolog (along with some support code); Prolog and NetLogo interface via predicates. Such a modular approach enables the different components to carry different ""burdens"" in the overall system; it also allows swapping of modules. Given NetLogo, we can visualize the effect of the modeled rules as well as validate the system with a simple dynamic running scenario. Designated agents monitor the behaviour of the vehicles for compliance and record potential violations where they occur. The information on potential violations is then utilized by Validators, to determine whether the violation is punishable, differentiating between exceptions and cases."
Automata for Dynamic Answer Set Solving: Preliminary Report.,iclp,2021,Ivor Uhliarik,10.5220/0006518303670372,4,231,"In recent years, foundations have been laid for a turn in logic programming paradigms in continuous domains. Fuzzy answer set programming (FASP) has emerged as a combination of a tool for non-monotonic reasoning and solving combinatorial problems (ASP) and a knowledge representation formalism that allows for modeling partial truth (fuzzy logic). There have been various attempts at designing a solver for FASP, but they either make use of transformations into optimization programs with scaling problems, operate only on finite-valued Łukasiewicz logic, or yield only approximate answer sets. Moreover, there has been no research focused on the product logic semantics in FASP. In this work we investigate the methods used in state-of-the-art classical ASP solvers with the aim of designing a FASP solver for product propositional logic. In particular, we base our approach on the conversion into fuzzy SAT (satisfiability problem) and the fuzzy generalization of the DPLL algorithm. Since both Łukasiewicz and (extended) Gödel logic can be embedded into product logic, the resulting system should be able to operate on all three logics uniformly."
Scalable and Ethical Medical Scheduling: An ASP-Based Framework with Patient-Centered Experimental Validation.,iclp,2025,Hongnan Ye,10.1016/j.jfma.2025.09.032,4,560,"Wang et al. elucidate the ethical possibility whereby a doctor's strike evolves from a mere “right” into an “obligation” under specific circumstances [1]. However, current negotiation models often become trapped in zero-sum dilemmas, where patients' rights to life and health are commoditized as bargaining chips [2,3]. This paper aims to extend the discussion by raising a core concern: in all strikes and negotiations, how can the interests of patients be safeguarded and represented? Preventing the Absence of Patient Interest Representation. Although international medical organizations emphasize that strikes must ensure continuity of essential healthcare services, these guidelines largely rely on the self-discipline of doctors. In practice, the negotiating table lacks an independent voice genuinely representing patients. I propose an ethical restructuring of negotiation mechanisms, mandating the incorporation of patient advocacy organizations, or medical ethicists as independent third-party participants. This measure to ensure the interests of the most vulnerable and voiceless patient groups are “heard” and ‘seen’. ‘Virtual Strike’: Navigating the Path of Least Harm Between Protest and Safeguarding. Wang et al. referenced ‘non-disruptive advocacy methods’, which I concretize as the ‘virtual strike'model. During labor negotiations, under the supervision of an independent third party (such as a public health authority), doctors commit to maintaining all emergency and critical care services. Simultaneously, they exert pressure through collective petitioning, wearing distinctive insignia, delivering public addresses during non-working hours, and disclosing data. The core of this model lies in directing protest efforts towards policy and institutional reform, rather than threatening patient care as leverage. Focusing on Junior Doctors: A Governance Shift from Reactive Response to Proactive Prevention. The main force behind South Korea's strikes comprises junior doctors such as hospital residents, revealing this group's unique professional vulnerability and discontent [4]. Healthcare administrators should not engage with them only after crises erupt, but establish routine communication channels—such as a standing Junior Doctor Advisory Committee—to regularly assess their workload, training quality, and career prospects. This practice of ‘preventive ethics’ aims to proactively identify and mitigate systemic risks, resolving conflicts before they escalate. By constructing a new ethical framework that incorporates patient representatives, adopts the principle of minimal harm, and prioritizes preventative communication, we can transcend the simplistic debate over whether to strike and move towards a more resilient healthcare community."
Generating Explainable Rule Sets from Tree-Ensemble Learning Methods by Answer Set Programming.,iclp,2021,"Akihiro Takemura, Katsumi Inoue",10.4204/eptcs.345.26,5,522,"We propose a method for generating explainable rule sets from tree-ensemble learners using Answer Set Programming (ASP). To this end, we adopt a decompositional approach where the split structures of the base decision trees are exploited in the construction of rules, which in turn are assessed using pattern mining methods encoded in ASP to extract interesting rules. We show how user-defined constraints and preferences can be represented declaratively in ASP to allow for transparent and flexible rule set generation, and how rules can be used as explanations to help the user better understand the models. Experimental evaluation with real-world datasets and popular tree-ensemble algorithms demonstrates that our approach is applicable to a wide range of classification tasks."
A Uniform Language to Explain Decision Trees.,kr,2024,"Marcelo Arenas, Pablo Barceló, Diego Bustamante, Jose Caraball, Bernardo Subercaseaux",10.24963/kr.2024/6,5,593,"The formal XAI community has studied a plethora of interpretability queries aiming to understand the classifications made by decision trees. However, a more uniform understanding of what questions ..."
From Probabilistic Programming to Probabilistic Argumentation.,iclp,2021,"Rolf Haenni, Jan-Willem Romeijn, Gregory Wheeler, Jon Williamson",10.1007/978-94-007-0008-6_3,3,337,"Degrees of support and possibility are the central formal concepts in the theory of probabilistic argumentation Probabilistic argumentation (Haenni, 2005a, 2009; Haenni et al., 2000; Kohlas, 2003). This theory is..."
An Epistemic Logic for Reasoning about Strategies in General Auctions.,iclp,2020,Jaakko Hintikka,10.1016/b978-0-934613-04-0.50007-7,4,533,"Theories of knowledge representation and reasoning about knowledge in philosophy are considered from the vantage point of epistemic logic. This logic is primarily a logic of knowing that, and its semantics can be considered an explication of the well-known idea that “information means elimination of uncertainty”. A number of other theories are discussed as further developments of epistemic logic. They include: 1 theory of questions and answers. 2 interplay of quantifiers and epistemic concepts. 3 representations of other kinds of knowledge than knowing that, especially those expressed by knows + an indirect wh-question and by knows + direct grammatical object. 4 the problem of cross-identification; the coexistence of different cross-identification methods. 5 the problem of logical omniscience. 6 informational independence in epistemic logic and its manifestations, including the de dicto - de re contrast and wh-questions with outside quantifiers. 7 an interrogative model of inquiry and its applications, especially the conceptualization of tacit knowledge and of range of attention."
A refined operational semantics for FreeCHR.,iclp,2025,"Sascha Rechenberger, Thom Frühwirth",10.4204/eptcs.439.20,1,504,"Constraint Handling Rules (CHR) is a rule-based programming language which is typically embedded into a general-purpose language. There exists a plethora of implementations for numerous host languages. However, the existing implementations often re-invent the way to embed CHR, which impedes maintenance and weakens assertions of correctness. To formalize and thereby standardize the embedding into arbitrary host languages, we introduced the framework FreeCHR and proved it to be a valid representation of classical ground CHR. Until now, this framework only includes a translation of the very abstract operational semantics which, due to its abstract nature, is not a sufficient base for practical implementations. In this paper we present a translation of the refined operational semantics for FreeCHR and prove it to be both a valid concretization of the very abstract semantics of FreeCHR, and an equivalent representation of the refined semantics of CHR. This will establish implementations of FreeCHR as equivalent in behavior and expressiveness to existing implementations of CHR."
An xAI Approach for Data-to-Text Processing with ASP.,iclp,2023,"Alessandro Dal Palù, Agostino Dovier, Andrea Formisano",10.4204/eptcs.385.38,5,248,"The generation of natural language text from data series gained renewed interest among AI research goals. Not surprisingly, the few proposals in the state of the art are based on training some system, in order to produce a text that describes and that is coherent to the data provided as input. Main challenges of such approaches are the proper identification of ""what"" to say (the key descriptive elements to be addressed in the data) and ""how"" to say: the correspondence and accuracy between data and text, the presence of contradictions/redundancy in the text, the control of the amount of synthesis. This paper presents a framework that is compliant with xAI requirements. In particular we model ASP/Python programs that enable an explicit control of accuracy errors and amount of synthesis, with proven optimal solutions. The text description is hierarchically organized, in a top-down structure where text is enriched with further details, according to logic rules. The generation of natural language descriptions' structure is also managed by logic rules."
Deontic Reasoning Based on Inconsistency Measures.,kr,2024,"Ofer Arieli, Kees van Berkel, Badran Raddaoui, Christian Strasser",10.24963/kr.2024/7,1,492,"Conflicts are inherent to normative systems. In this paper, we explore a novel approach to normative reasoning by quantifying the amount of conflicts within normative systems. We refine the idea fr..."
Default Logic as a Species of Causal Reasoning.,kr,2023,Alexander Bochman,10.24963/kr.2023/12,4,557,We will show that Reiter's default logic can be viewed as a particular instantiation of causal reasoning. This will be demonstrated by establishing back and forth translations between default theor...
ASPEN: ASP-Based System for Collective Entity Resolution.,kr,2024,"Zhiliang Xiang, Meghyn Bienvenu, Gianluca Cima, Víctor Gutiérrez Basulto, Yazmín Ibáñez García",10.24963/kr.2024/74,3,152,"In this paper, we present ASPEN, an answer set programming (ASP) implementation of a recently proposed declarative framework for collective entity resolution (ER). While an ASP encoding had been pr..."
Boolean Nearest Neighbor Language in the Knowledge Compilation Map.,kr,2025,"Ondřej Čepek, Jelena Glišić",10.24963/kr.2025/24,4,168,"The Boolean Nearest Neighbor (BNN) representation of Boolean functions was recently introduced by Hajnal, Liu and Turan. A BNN representation of function f is a pair (P,N) of sets of Boolean vec..."
Lost in the Crowd: k-unmatchability in Anonymized Knowledge Graphs.,kr,2024,"Piero Andrea Bonatti, Francesco Magliocca, Luigi Sauro",10.24963/kr.2024/18,1,1,"This paper introduces and investigates k-unmatchability, a counterpart of k-anonymity for knowledge graphs. Like k-anonimity, k-unmatchability enhances privacy by ensuring that any individual in ..."
Learning General Policies from Examples.,kr,2025,"Blai Bonet, Hector Geffner",10.24963/kr.2025/71,5,90,"Combinatorial methods for learning general policies that solve large collections of planning problems have been recently developed. One of their strengths, in relation to deep learning approaches, ..."
"Joint Proceedings of the Workshops and Doctoral Consortium of the 41st International Conference on Logic Programming (ICLP-WS-DC 2025) co-located with 41st International Conference on Logic Programming (ICLP 2025), Rende, Italy, September 9-13, 2025.",iclp,2025,Rémy Haemmerlé,10.1007/11562931_50,1,24,"The Concurrent Constraint (CC) [8] languages allow to model a large number of constraint programming systems, form Prolog coroutinings to constraints propagation mechanisms such these implemented in the Finite Domain (FD) solver of GNU-Prolog [2]. These languages are..."
The Realizability of Revision and Contraction Operators in Epistemic Spaces.,kr,2024,"Kai Sauerwald, Matthias Thimm",10.24963/kr.2024/62,2,282,This paper studies the realizability of belief revision and belief contraction operators in epistemic spaces. We observe that AGM revision and AGM contraction operators for epistemic spaces are onl...
Complexity Results and Algorithms for Preferential Argumentative Reasoning in ASPIC+.,kr,2024,"Tuomo Lehtonen, Daphne Odekerken, Johannes P. Wallner, Matti Järvisalo",10.24963/kr.2024/49,3,239,We provide complexity results and algorithms for reasoning in the central structured argumentation formalism of ASPIC+. Considering ASPIC+ accommodated with preferences under the last-link principl...
Minimal Model Reasoning in Description Logics: Don&apos;t Try This at Home!,kr,2025,"Federica Di Stefano, Quentin Manière, Magdalena Ortiz, Mantas Šimkus",10.24963/kr.2025/27,2,261,"Reasoning with minimal models has always been at the core of many knowledge representation techniques, but we still have only a limited understanding of this problem in Description Logics (DLs). Mi..."
Benchmarking for Integrating Logic Rules with Everything Else.,iclp,2023,"Yanhong A. Liu, Scott D. Stoller, Yi Tong, K. Tuncay Tekle",10.4204/eptcs.385.3,4,34,"Integrating logic rules with other language features is increasingly sought after for advanced applications that require knowledge-base capabilities. To address this demand, increasingly more languages and extensions for such integration have been developed. How to evaluate such languages? This paper describes a set of programming and performance benchmarks for evaluating languages supporting integrated use of rules and other features, and the results of evaluating such an integrated language together with logic languages and languages not supporting logic rules."
When Prolog Meets Generative Models: a New Approach for Managing Knowledge and Planning in Robotic Applications - Abstract.,iclp,2025,"Enrico Saccon, Ahmet Tikna, Davide De Martini, Edoardo Lamon, Luigi Palopoli, Marco Roveri",10.1109/icra57147.2024.10610800,5,507,"In this paper, we propose a robot oriented knowledge representation system based on the use of the Prolog language. Our framework hinges on a special organisation of Knowledge Base (KB) that enables: 1) its efficient population from natural language texts using semi-automated procedures based on Large Language Models (LLMs); 2) the seamless generation of temporal parallel plans for multi-robot systems through a sequence of transformations; 3) the automated translation of the plan into an executable formalism. The framework is supported by a set of open source tools and its functionality is shown with a realistic application."
Abductive Reasoning in a Paraconsistent Framework.,kr,2024,"Meghyn Bienvenu, Katsumi Inoue, Daniil Kozhemiachenko",10.24963/kr.2024/13,5,66,We explore the problem of explaining observations starting from a classically inconsistent theory by adopting a paraconsistent framework. We consider two expansions of the well-known Belnap-Dunn pa...
About the Multi-Head Linear Restricted Chase Termination.,kr,2025,"Lukas Gerlach, Lucas Larroque, Jerzy Marcinkowski, Piotr Ostropolski-Nalewaja",10.24963/kr.2025/34,2,530,"The chase is a ubiquitous algorithm in database theory. However, for existential rules (aka tuple-generating dependencies), its termination is not guaranteed, and even undecidable in general. The p..."
A Preliminary Data-driven Analysis of Common Errors Encountered by Novice SPARC Programmers.,iclp,2022,"Zach Hansen, Hanxiang Du, Wanli Xing, Rory Eckel, Justin Lugo, Yuanlin Zhang",10.4204/eptcs.364.2,2,238,"Answer Set Programming (ASP), a modern development of Logic Programming, enables a natural integration of Computing with STEM subjects. This integration addresses a widely acknowledged challenge in K-12 education, and early empirical results on ASP-based integration are promising. Although ASP is considered a simple language when compared with imperative programming languages, programming errors can still be a significant barrier for students. This is particularly true for K-12 students who are novice users of ASP. Categorizing errors and measuring their difficulty has yielded insights into imperative languages like Java. However, little is known about the types and difficulty of errors encountered by K-12 students using ASP. To address this, we collected high school student programs submitted during a 4-session seminar teaching an ASP language known as SPARC. From error messages in this dataset, we identify a collection of error classes, and measure how frequently each class occurs and how difficult it is to resolve."
Expressive Description Logics with Rich Yet Affordable Numeric Constraints.,kr,2025,"Federica Di Stefano, Sanja Lukumbuzya, Magdalena Ortiz, Mantas Šimkus",10.24963/kr.2025/66,3,410,"Description Logics (DLs) excel at representing structured knowledge in several application domains, but fall very short when it comes to reasoning about their numeric aspects. We consider the expre..."
Representing Perfect Saturated Cost Partitioning Heuristics in Classical Planning.,kr,2025,"Paul Höft, David Speck, Jendrik Seipp",10.24963/kr.2025/79,1,23,Saturated cost partitioning (SCP) is one of the strongest methods for admissibly combining heuristics for optimal classical planning. The quality of an SCP heuristic depends heavily on the order...
On the Subtlety of Causal Reasoning in Probabilistic Logic Programming: A Bug Report about the Causal Interpretation of Annotated Disjunctions.,iclp,2023,,10.1098/rsos.230785/v1/review1,4,374,"Probabilistic planning attempts to incorporate stochastic models directly into the planning process, which is the problem of synthesizing a sequence of actions that achieves some objective for a putative agent. Probabilistic programming has rapidly emerged as a key paradigm to integrate probabilistic concepts with programming languages, which allows one to specify complex probabilistic models using programming primitives like recursion and loops. Probabilistic logic programming aims to further ease the specification of structured probability distributions using first-order logical artefacts. In this article, we briefly discuss the modelling of probabilistic planning through the lens of probabilistic (logic) programming. Although many flavours for such an integration are possible, we focus on two representative examples. The first is an extension to the popular probabilistic logic programming language PROBLOG, which permits the decoration of probabilities on Horn clauses-that is, prolog programs. The second is an extension to the popular agent programming language GOLOG, which permits the logical specification of dynamical systems via actions, effects and observations. The probabilistic extensions thereof emphasize different strengths of probabilistic programming that are particularly useful for non-trivial modelling issues raised in probabilistic planning. Among other things, one can instantiate planning problems with growing and shrinking state spaces, discrete and continuous probability distributions, and non-unique prior distributions in a first-order setting."
Advances in Big Data Bio Analytics.,iclp,2019,Yong Shi,10.1007/978-981-16-3607-3_1,1,565,"Big data now is a common term. However, the evolution of big data comes from twofold. The creation of the computer in the 1940s gradually provides tools for human beings to collect massive data, while the term “big data” becomes a popular slogan to..."
Pushing the Envelope in Numeric Pattern Planning.,kr,2025,"Matteo Cardellini, Enrico Giunchiglia",10.24963/kr.2025/73,3,228,"In this paper, we present a symbolic search-based procedure for numeric planning based on Symbolic Pattern Planning (SPP). In SPP, a pattern is a sequence of actions used to define a logic formula ..."
A Representation Theorem for Causal Decision Making.,kr,2024,,10.1017/cbo9780511498497.009,5,314,"Having come to grips with the concept of a conditional belief we now return to the problem of proving a representation theorem for causal decision theory. No decision theory is complete until it has been supplemented with a representation theorem that shows how its “global” requirement to maximize expected utility theory will be reflected at the “local” level as constraints on individual beliefs and desires. The main foundational shortcoming of causal decision theory has always been its lack of an adequate representation result. Evidential decision theory can be underwritten by Bolker's theorem and the generalization of it that was established at the end of Chapter 4. This seems to militate strongly in favor of the evidential approach. In this chapter I remove this apparent advantage by proving a Bolker-styled representation result for an abstract conditional decision theory whose two primitives are probability under a supposition and preference under a supposition. This theorem is, I believe, the most widely applicable and intuitively satisfying representation result yet attained. We will see that, with proper qualifications, it can be used as a common foundation for both causal decision theory and evidential decision theory. Its existence cements one of the basic theses of this work."
Global Type Inference for Java using Answer Set Programming.,iclp,2025,Fabrizio Riguzzi,10.1201/9781003427421-6,4,301,"In Section 2.2 we considered only sound programs, those for which every world has a two-valued WFM. In this way, we avoid non-monotonic aspects of the program"
Reasoning in Assumption-Based Argumentation via SAT.,kr,2025,"Andreas Niskanen, Masood Feyzbakhsh Rankooh, Tuomo Lehtonen, Matti Järvisalo",10.24963/kr.2025/68,4,62,"The dominant approaches for solving NP-hard reasoning problems in computational argumentation are declarativeânamely, Boolean satisfiability (SAT) in the case of abstract argumentation and answer s..."
Bottom-Up Stratified Probabilistic Logic Programming with Fusemate.,iclp,2023,"Peter Baumgartner, Elena Tartaglia",10.4204/eptcs.385.11,3,258,"This paper introduces the Fusemate probabilistic logic programming system. Fusemate's inference engine comprises a grounding component and a variable elimination method for probabilistic inference. Fusemate differs from most other systems by grounding the program in a bottom-up way instead of the common top-down way. While bottom-up grounding is attractive for a number of reasons, e.g., for dynamically creating distributions of varying support sizes, it makes it harder to control the amount of ground clauses generated. We address this problem by interleaving grounding with a query-guided relevance test which prunes rules whose bodies are inconsistent with the query. % This is done We present our method in detail and demonstrate it with examples that involve ""time"", such as (hidden) Markov models. Our experiments demonstrate competitive or better performance compared to a state-of-the art probabilistic logic programming system, in particular for high branching problems."
Constraint Propagation and Explanation over Novel Types by Abstract Compilation.,iclp,2016,Krinke Andreas,10.51202/9783186474209-21,4,38,"While the design of digital integrated circuits (ICs) is largely automated, the design of analog/ mixed-signal (AMS) ICs is still dominated by manual tasks. One of the biggest obstacles to further automation is the large number of constraints that have to be taken into account during AMS IC design. They are derived both from the specifcation and during the actual design process and must be fulflled before production of the IC can begin. The aim of this work is to present our fndings regarding the formalization of constraints and their propagation within the design hierarchy in order to make them visible and verifable in all relevant cells. Constraints are integrated into the AMS IC design process so that they can be considered at all stages of the design. Our research enables the integration and consideration of constraints in all types of design tools—not only for AMS IC design, but after generalization for any design process."
færdXel: An Expert System for Danish Traffic Law.,iclp,2025,"Luís Cruz-Filipe, Jonas Vistrup",10.4204/eptcs.439.26,1,558,"We present FÆRDXEL, a tool for symbolic reasoning in the domain of Danish traffic law. FÆRDXEL combines techniques from logic programming with a novel interface that allows users to navigate through its reasoning process, thereby ensuring the system's explainability. Towards the goal of better understanding the value of FÆRDXEL, two evaluations of the system have been performed: (1) An empirical evaluation showing that for a selection of court cases, the conclusions of FÆRDXEL align with those of Danish judges. (2) A qualitative evaluation from legal experts indicating that this work has potential to become a foundation for real-world AI tools supporting professionals in the Danish legal sector."
Logic Tensor Network-Enhanced Generative Adversarial Network.,iclp,2025,"Nijesh Upreti, Vaishak Belle",10.4204/eptcs.439.8,3,31,"In this paper, we introduce Logic Tensor Network-Enhanced Generative Adversarial Network (LTN-GAN), a novel framework that enhances Generative Adversarial Networks (GANs) by incorporating Logic Tensor Networks (LTNs) to enforce domain-specific logical constraints during the sample generation process. Although GANs have shown remarkable success in generating realistic data, they often lack mechanisms to incorporate prior knowledge or enforce logical consistency, limiting their applicability in domains requiring rule adherence. LTNs provide a principled way to integrate first-order logic with neural networks, enabling models to reason over and satisfy logical constraints. By combining the strengths of GANs for realistic data synthesis with LTNs for logical reasoning, we gain valuable insights into how logical constraints influence the generative process while improving both the diversity and logical consistency of the generated samples. We evaluate LTN-GAN across multiple datasets, including synthetic datasets (gaussian, grid, rings) and the MNIST dataset, demonstrating that our model significantly outperforms traditional GANs in terms of adherence to predefined logical constraints while maintaining the quality and diversity of generated samples. This work highlights the potential of neuro-symbolic approaches to enhance generative modeling in knowledge-intensive domains."
Towards Incremental and Modular Context-Sensitive Analysis.,iclp,2018,"ISABEL GARCIA-CONTRERAS, JOSÉ F. MORALES, MANUEL V. HERMENEGILDO",10.1017/s1471068420000496,2,356,"Context-sensitive global analysis of large code bases can be expensive, which can make its use impractical during software development. However, there are many situations in which modifications are small and isolated within a few components, and it is desirable to reuse as much as possible previous analysis results. This has been achieved to date through incremental global analysis fixpoint algorithms that achieve cost reductions at fine levels of granularity, such as changes in program lines. However, these fine-grained techniques are neither directly applicable to modular programs nor are they designed to take advantage of modular structures. This paper describes, implements, and evaluates an algorithm that performs efficient context-sensitive analysis incrementally on modular partitions of programs. The experimental results show that the proposed modular algorithm shows significant improvements, in both time and memory consumption, when compared to existing non-modular, fine-grain incremental analysis techniques. Furthermore, thanks to the proposed intermodular propagation of analysis information, our algorithm also outperforms traditional modular analysis even when analyzing from scratch."
Implementing the First-Order Logic of Here and There.,iclp,2025,"Jens Otten, Torsten Schaub",10.4204/eptcs.439.31,2,580,"We present automated theorem provers for the first-order logic of here and there (HT). They are based on a native sequent calculus for the logic of HT and an axiomatic embedding of the logic of HT into intuitionistic logic. The analytic proof search in the sequent calculus is optimized by using free variables and skolemization. The embedding is used in combination with sequent, tableau and connection calculi for intuitionistic first-order logic. All provers are evaluated on a large benchmark set of first-order formulas, providing a foundation for the development of more efficient HT provers."
Automating Defeasible Reasoning in Law with Answer Set Programming.,iclp,2022,Guido Governatori,10.31219/osf.io/bgtk6,3,433,We present a brief overview of the Domain Specific Language L4 and provide a defeasible semantics of it based on the Answer Set Programming encoding of Defeasible Deontic Logic.
Quantification and aggregation over concepts of the ontology.,iclp,2023,"Pierre Carbonnelle, Matthias Van der Hallen, Marc Denecker",10.4204/eptcs.385.22,4,104,"We argue that in some KR applications, we want to quantify over sets of concepts formally represented by symbols in the vocabulary. We show that this quantification should be distinguished from second-order quantification and meta-programming quantification. We also investigate the relationship with concepts in intensional logic. We present an extension of first-order logic to support such abstractions, and show that it allows writing expressions of knowledge that are elaboration tolerant. To avoid nonsensical sentences in this formalism, we refine the concept of well-formed sentences, and propose a method to verify well-formedness with a complexity that is linear with the number of tokens in the formula. We have extended FO(.), a Knowledge Representation language, and IDP-Z3, a reasoning engine for FO(.), accordingly. We show that this extension was essential in accurately modelling various problem domains in an elaboration-tolerant way, i.e., without reification."
Intelligent Instantiation and Supersafe Rules.,iclp,2016,"Gi Hyun Lim, Il Hong Suh",10.1007/s11370-010-0063-6,1,353,"Robot knowledge is considered to endow service robots with intelligence. In the real environments, robot knowledge needs to represent dynamically changing"
Knowledge-Based Stable Roommates Problems.,iclp,2025,Müge Fidan,10.1609/aaai.v40i48.42148,4,75,"Abstract The PhD studies of the author focus on a human-centered and computationally-challenging interdisciplinary problem of the Stable Roommates problem and its variations. Motivated by real-world applications, and by the fact that the Stable Roommates problem does not always admit a stable solution, the goal is to develop novel computational methods to solve these problems, that are not only computationally efficient but also yield solutions that are fair, personalized, and applicable in real-world to benefit humans."
Fixpoint Semantics for Recursive SHACL.,iclp,2021,"Bart Bogaerts, Maxime Jakubowski",10.4204/eptcs.345.14,1,4,"SHACL is a W3C-proposed language for expressing structural constraints on RDF graphs. The recommendation only specifies semantics for non-recursive SHACL; recently, some efforts have been made to allow recursive SHACL schemas. In this paper, we argue that for defining and studying semantics of recursive SHACL, lessons can be learned from years of research in non-monotonic reasoning. We show that from a SHACL schema, a three-valued semantic operator can directly be obtained. Building on Approximation Fixpoint Theory (AFT), this operator immediately induces a wide variety of semantics, including a supported, stable, and well-founded semantics, related in the expected ways. By building on AFT, a rich body of theoretical results becomes directly available for SHACL. As such, the main contribution of this short paper is providing theoretical foundations for the study of recursive SHACL, which can later enable an informed decision for an extension of the W3C recommendation."
Logic Programming with Extensible Types.,iclp,2025,"Ivan Perez, Angel Herranz",10.4204/eptcs.439.18,3,350,"Logic programming languages present clear advantages in terms of declarativeness and conciseness. However, the ideas of logic programming have been met with resistance in other programming communities, and have not generally been adopted by other paradigms and languages. This paper proposes a novel way to incorporate logic programming in an existing codebase in a typed functional programming language. Our approach integrates with the host language without sacrificing static typing, and leverages strengths of typed functional programming such as polymorphism and higher-order. We do so by combining three ideas. First, we use the extensible types technique to allow values of the host language to contain logic variables. Second, we implement a unification algorithm that works for any data structure that supports certain this http URL , we introduce a domain-specific language to define and query predicates. We demonstrate our proposal via a series of examples, and provide aids to make the notation convenient for users, showing that the proposed approach is not just technically possible but also practical. Our ideas have been implemented in the language Haskell with very good results."
"Graphical Conditions for the Existence, Unicity and Number of Regular Models.",iclp,2024,"Van-Giang Trinh, Belaid Benhamou, Sylvain Soliman, François Fages",10.4204/eptcs.416.16,1,135,"The regular models of a normal logic program are a particular type of partial (i.e. 3-valued) models which correspond to stable partial models with minimal undefinedness. In this paper, we explore graphical conditions on the dependency graph of a finite ground normal logic program to analyze the existence, unicity and number of regular models for the program. We show three main results: 1) a necessary condition for the existence of non-trivial (i.e. non-2-valued) regular models, 2) a sufficient condition for the unicity of regular models, and 3) two upper bounds for the number of regular models based on positive feedback vertex sets. The first two conditions generalize the finite cases of the two existing results obtained by You and Yuan (1994) for normal logic programs with well-founded stratification. The third result is also new to the best of our knowledge. Key to our proofs is a connection that we establish between finite ground normal logic programs and Boolean network theory."
Logic-based Composition of Business Process Models.,kr,2023,"Valeria Fionda, Antonio Ielo, Francesco Ricca",10.24963/kr.2023/27,2,585,"Process Mining is a family of techniques that exploit data collected from process execution to analyze and improve process efficiency, quality, and security. Over the years, many modeling languages..."
An Answer Set Programming Framework for Reasoning About Truthfulness of Statements by Agents.,iclp,2016,"Marcello Balduccini, Michael Gelfond, Enrico Pontelli, Tran Cao Son",10.24963/kr.2020/8,3,466,The paper proposes a framework for capturing how an agentâs beliefs evolve over time in response to observations and for answering the question of whether statements made by a third party can be ...
(Re)Integration of Logical English and s(CASP).,iclp,2023,,10.3403/01582237,4,10,BS ISO 13584-20:1998: The Standard for Industrial automation systems and integration. Parts library - Logical resource: Logical model of expressions
On the Trap Space Semantics of Normal Logic Programs.,iclp,2025,"Van-Giang Trinh, Sylvain Soliman, François Fages, Belaid Benhamou",10.4204/eptcs.439.21,4,528,"The logical semantics of normal logic programs has traditionally been based on the notions of Clark's completion and two-valued or three-valued canonical models, including supported, stable, regular, and well-founded models. Two-valued interpretations can also be seen as states evolving under a program's update operator, producing a transition graph whose fixed points and cycles capture stable and oscillatory behaviors, respectively. We refer to this view as dynamical semantics since it characterizes the program's meaning in terms of state-space trajectories, as first introduced in the stable (supported) class semantics. Recently, we have established a formal connection between Datalog^\neg programs (i.e., normal logic programs without function symbols) and Boolean networks, leading to the introduction of the trap space concept for Datalog^\neg programs. In this paper, we generalize the trap space concept to arbitrary normal logic programs, introducing trap space semantics as a new approach to their interpretation. This new semantics admits both model-theoretic and dynamical characterizations, providing a comprehensive approach to understanding program behavior. We establish the foundational properties of the trap space semantics and systematically relate it to the established model-theoretic semantics, including the stable (supported), stable (supported) partial, regular, and L-stable model semantics, as well as to the dynamical stable (supported) class semantics. Our results demonstrate that the trap space semantics offers a unified and precise framework for proving the existence of supported classes, strict stable (supported) classes, and regular models, in addition to uncovering and formalizing deeper relationships among the existing semantics of normal logic programs."
A Principle-based Framework for Analyzing Dialogue Game-based Semantics.,kr,2025,"Yamil O. Soto, Andrea Cohen, Cristhian Ariel D. Deagustini, Maria Vanina Martinez, Gerardo I. Simari",10.24963/kr.2025/54,3,283,"The dialogue game-based approach to argumentation semantics proposes to determine the acceptance status of arguments through two-party zero-sum dialogue games. Furthermore, by selecting different s..."
Compilation of Aggregates in ASP.,iclp,2021,Giuseppe Mazzotta,10.4204/eptcs.345.45,2,430,"Answer Set Programming (ASP) is a well-known problem-solving formalism in computational logic. Nowadays, ASP is used in many real world scenarios thanks to ASP solvers. Standard evaluation of ASP programs suffers from an intrinsic limitation, knows as Grounding Bottleneck, due to the grounding of some rules that could fit all the available memory. As a result, there exist instances of real world problems that are untractable using the standard Ground and Solve approach. In order to tackle this problem, different strategies have been proposed. Among them we focus on a recent approach based on compilation of problematic constraints as propagators, which revealed to be very promising but is currently limited to constraints without aggregates. Since aggregates are widely used in ASP, in this paper we extend such an approach also to constraints containing aggregates. Good results, that proof the effectiveness of the proposed approach, have been reached."
Exploring Desirable Configurations in Global Logistics with Heuristic Search in Answer Set Programming.,kr,2025,"Olcay Altay-Kern, Emmanuelle Dietz, Isabelle Kuhlmann, Matthias Thimm",10.24963/kr.2025/56,5,440,"In the design of global logistics problems, the solution spaces are typically extremely large. To demonstrate how these challenges can be addressed in Answer Set Programming (ASP), this work inves..."
Translating Definitions into the Language of Logic Programming: A Case Study.,iclp,2022,Christopher John Hogger,10.1093/oso/9780198538202.003.0010,5,202,"A literal is either an atomic formula or a negated atomic formula, as in theseThe first kind is called a positive literal and the second kind is called a negative literal. The use of the word atom in many Edinburgh Prolog texts refers there to what we are calling a constant, not to what we are calling an atomic formula; this confusion of terminology is the fault of certain-persons-who­shall-not-be-named who sought to import LISP terminology into Prolog."
Context-Based Belief Revision.,kr,2025,Bernhard Nebel,10.1017/cbo9780511526664.003,1,49,"Belief revision is the process of incorporating new information into a knowledge base while preserving consistency. Recently, belief revision has received a lot of attention in AI, which led to a number of different proposals for different applications (Ginsberg 1986; Ginsberg, Smith 1987; Dalal 1988; Gärdenfors, Makinson 1988; Winslett 1988; Myers, Smith 1988; Rao, Foo 1989; Nebel 1989; Winslett 1989; Katsuno, Mendelzon 1989; Katsuno, Mendelzon 1991; Doyle 1990). Most of this research has been considerably influenced by approaches in philosophical logic, in particular by Gärdenfors and his colleagues (Alchourrón, Gärdenfors, Makinson 1985; Gärdenfors 1988), who developed the logic of theory change, also called theory of epistemic change. This theory formalizes epistemic states as deductively closed theories and defines different change operations on such epistemic states."
A Family of Decidable Bi-intuitionistic Modal Logics.,kr,2023,"David Fernández-Duque, Brett McLean, Lukas Zenger",10.24963/kr.2023/26,1,490,We investigate intuitionistic logics extended both with the co-implication connective of Hilbert-Brouwer logic and with diamond and box modalities. We use a Kripke semantics based on frames with tw...
Picat Through the Lens of Advent of Code.,iclp,2025,"Neng-Fa Zhou, Cristian Grozea, Håkan Kjellerstrand, Oisín Mac Fhearaí",10.4204/eptcs.439.36,1,393,"Picat is a logic-based, multi-paradigm programming language that integrates features from logic, functional, constraint, and imperative programming paradigms. This paper presents solutions to several problems from the 2024 Advent of Code (AoC). While AoC problems are not designed for any specific programming language, certain problem types, such as reverse engineering and path-finding, are particularly well-suited to Picat due to its built-in constraint solving, pattern matching, backtracking, and dynamic programming with tabling. This paper demonstrates that Picat's features, especially its SAT-based constraint solving and tabling, enable concise, declarative, and highly efficient implementations of problems that would require significantly more effort in imperative languages."
Tutorial: Automating Commonsense Reasoning.,iclp,2022,,10.1016/b978-0-12-801416-5.09988-5,5,516,"A comprehensive exposition of reasoning about actions and change using the circumscription-based Event Calculus. The book has an excellent up-to-date bibliography on actions and change. Chitta Baral, Arizona State University Central to the idea of Artificial Intelligence is getting computers to understand simple facts about people and everyday life-what we call Common Sense. Amid the technical discussions about inference algorithms and knowledge representation, a larger question arises: What have we actually learned in the past 30 years about how to put Commonsense knowledge in computers? Look no further than Erik Mueller’s Commonsense Reasoning for a deep and insightful survey of the state of the art in this topic. Some say that Commonsense defies logic; here Mueller shows that logic, at least, can put up a good fight. Henry Lieberman, MIT Media Laboratory Erik Mueller has given the most thorough treatment of commonsense knowledge and reasoning yet to appear. John McCarthy, Stanford University The strength of this book is that it uses a uniform representation formalism, the event calculus, to solve a variety of commonsense reasoning problems. Researchers will find the book an inspiring tool which provides many ideas for applications of action formalisms. Thanks to both the exemplary presentation style and numerous examples, the book is also well-suited for teachers and students alike. Michael Thielscher, Dresden University of Technology Developing systems that can perform actions and deal with change is a major challenge in intelligent system design, because it requires the construction of sophisticated models for knowledge representation and reasoning. This book provides important ideas and methods which can be used to model commonsense reasoning about events in complex and dynamic environments. The content is well thought out, and difficult topics are presented in highly accessible ways. The author tells a compelling story that highlights the utility of event calculus for applications that require commonsense models of action and change. Mary-Anne Williams, University of Technology, Sydney, and Knowledge Representation and Reasoning Inc."
Probabilistic HTN Planning: Formalization and Computational Complexity Analysis.,kr,2025,"Mohammad Yousefi, Johannes Schmalz, Patrik Haslum, Pascal Bercher",10.24963/kr.2025/84,2,250,"Hierarchical Task Network (HTN) planning is an approach to sequential decision making that allows expressing complex grammar-like path constraints. In this paper, we first introduce an extension to..."
A Simple Complete Search for Logic Programming.,iclp,2017,"Jason Hemann, Daniel P. Friedman, William E. Byrd, Matthew Might",10.1145/2989225.2989230,5,392,"We present a straightforward, call-by-value embedding of a small logic programming language with a simple complete search. We construct the entire language in 54 lines of Racket---half of which implement unification. We then layer over it, in 43 lines, a reconstruction of an existing logic programming language, miniKanren, and attest to our implementation's pedagogical value. Evidence suggests our combination of expressiveness, concision, and elegance is compelling: since microKanren's release, it has spawned over 50 embeddings in over two dozen host languages, including Go, Haskell, Prolog and Smalltalk."
Formalizing Informal Logic and Natural Language Deductivism.,iclp,2021,"Douglas Walton, Thomas F. Gordon",10.22329/il.v35i4.4335,3,206,"Abstract This paper presents a formalization of informal logic using the Carneades Argumentation System (CAS), a formal, computational model of argument that consists of a formal model of argument graphs and audiences. Conflicts between pro and con arguments are resolved using proof standards, such as preponderance of the evidence. CAS also formalizes argumentation schemes. Schemes can be used to check whether a given argument instantiates the types of argument deemed normatively appropriate for the type of dialogue."
Counterfactual Explanations as Plans.,iclp,2024,Vaishak Belle,10.4204/eptcs.416.14,1,483,"There has been considerable recent interest in explainability in AI, especially with black-box machine learning models. As correctly observed by the planning community, when the application at hand is not a single-shot decision or prediction, but a sequence of actions that depend on observations, a richer notion of explanations are desirable. In this paper, we look to provide a formal account of ``counterfactual explanations,"" based in terms of action sequences. We then show that this naturally leads to an account of model reconciliation, which might take the form of the user correcting the agent's model, or suggesting actions to the agent's plan. For this, we will need to articulate what is true versus what is known, and we appeal to a modal fragment of the situation calculus to formalise these intuitions. We consider various settings: the agent knowing partial truths, weakened truths and having false beliefs, and show that our definitions easily generalize to these different settings."
Declarative Algorithms in Datalog with Extrema: Their Formal Semantics Simplified.,iclp,2018,"Jin Wang, Jiacheng Wu, Mingda Li, Jiaqi Gu, Ariyam Das, Carlo Zaniolo",10.1007/s00778-021-00665-6,3,508,"With an escalating arms race to adopt machine learning (ML) in diverse application domains, there is an urgent need to support declarative machine learning"
Planning and Scheduling in Digital Health with Answer Set Programming.,iclp,2022,Marco Mochi,10.4204/eptcs.364.38,5,216,"In the hospital world there are several complex combinatory problems, and solving these problems is important to increase the degree of patients' satisfaction and the quality of care offered. The problems in the healthcare are complex since to solve them several constraints and different type of resources should be taken into account. Moreover, the solutions must be evaluated in a small amount of time to ensure the usability in real scenarios. We plan to propose solutions to these kind of problems both expanding already tested solutions and by modelling solutions for new problems, taking into account the literature and by using real data when available. Solving these kind of problems is important but, since the European Commission established with the General Data Protection Regulation that each person has the right to ask for explanation of the decision taken by an AI, without developing Explainability methodologies the usage of AI based solvers e.g. those based on Answer Set programming will be limited. Thus, another part of the research will be devoted to study and propose new methodologies for explaining the solutions obtained."
Sorting Strategies for Interactive Conflict Resolution in ASP.,iclp,2023,"Andre Thevapalan, Gabriele Kern-Isberner",10.4204/eptcs.385.13,2,474,"Answer set programs in practice are often subject to change. This can lead to inconsistencies in the modified program due to conflicts between rules which are the results of the derivation of strongly complementary literals. To facilitate the maintenance of consistency in answer set programs, in this paper we continue work on a recently presented framework that implements interactive conflict resolution by extending the bodies of conflicting rules by suitable literals, so-called $\lambda$-extensions. More precisely, we present strategies to choose $\lambda$-extensions that allow for resolving several conflicts at a time in an order that aims at minimizing (cognitive) efforts. In particular, we present a graphical representation of connections between conflicts and their possible solutions. Such a representation can be utilized to efficiently guide the user through the conflict resolution process by displaying conflicts and suggesting solutions in a suitable order."
RestKB: A Library of Commonsense Knowledge about Dining at a Restaurant.,iclp,2019,Daniela Inclezan,10.4204/eptcs.306.19,3,118,"This paper presents a library of commonsense knowledge, RestKB, developed in modular action language ALM and containing background knowledge relevant to the understanding of restaurant narratives, including stories that describe exceptions to the normal unfolding of such scenarios. We highlight features that KR languages must possess in order to be able to express pertinent knowledge, and expand action language ALM as needed. We show that encoding the knowledge base in ALM facilitates its piecewise construction and testing, and improves the generality and quality of the captured information, in comparison to an initial ASP encoding. The knowledge base was used in a system for reasoning about stereotypical activities, evaluated on the restaurant domain."
NeSyFOLD: Extracting Logic Programs from Convolutional Neural Networks.,iclp,2023,"Jens Lehmann, Sebastian Bader, Pascal Hitzler",10.1007/s10489-008-0142-y,5,50,Artificial neural networks can be trained to perform excellently in many application areas. Whilst they can learn from raw data to solve sophisticated reco
Interactive Explanations by Conflict Resolution via Argumentative Exchanges.,kr,2023,"Antonio Rago, Hengzhi Li, Francesca Toni",10.24963/kr.2023/57,3,180,"As the field of explainable AI (XAI) is maturing, calls for interactive explanations for (the outputs of) AI models are growing, but the state-of-the-art predominantly focuses on static explanation..."
Probabilistic Synthesis and Verification for LTL on Finite Traces.,kr,2024,"Benjamin Aminof, Linus Cooper, Sasha Rubin, Moshe Y. Vardi, Florian Zuleger",10.24963/kr.2024/3,3,100,We study synthesis and verification of probabilistic models and specifications over finite traces. Probabilistic models are formalized in this work as Markov Chains and Markov Decisions Process...
Nemo: Your Friendly and Versatile Rule Reasoning Toolkit.,kr,2024,"Alex Ivliev, Lukas Gerlach, Simon Meusel, Jakob Steinberg, Markus Krötzsch",10.24963/kr.2024/70,4,279,"We present Nemo, a toolkit for rule-based reasoning and data processing that emphasises robustness and ease of use. Nemoâs core is a scalable and efficient main-memory reasoner that supports an exp..."
On Computing Universal Plans for Partially Observable Multi-Agent Path Finding.,iclp,2025,"Fengming Zhu, Fangzhen Lin",10.4204/eptcs.439.11,1,213,"Multi-agent routing problems have gained significant attention recently due to their wide range of industrial applications, ranging from logistics warehouse automation to indoor service robots. Conventionally, they are modeled as classical planning problems. In this paper, we argue that it can be beneficial to formulate them as universal planning problems, particularly when the agents are autonomous entities and may encounter unforeseen situations. We therefore propose universal plans, also known as policies, as the solution concept, and implement a system based on Answer Set Programming (ASP) to compute them. Given an arbitrary two-dimensional map and a profile of goals for a group of partially observable agents, the system translates the problem configuration into logic programs and finds a feasible universal plan for each agent, mapping its observations to actions while ensuring that there are no collisions with other agents. We use the system to conduct experiments and obtain findings regarding the types of goal profiles and environments that lead to feasible policies, as well as how feasibility may depend on the agents' sensors. We also demonstrate how users can customize action preferences to compute more efficient policies, even (near-)optimal ones. The code is available at this https URL ."
Correcting Autonomous Driving Object Detection Misclassifications with Automated Commonsense Reasoning.,iclp,2025,"Keegan Kimbrell, Wang Tianhao, Feng Chen, Gopal Gupta",10.4204/eptcs.439.10,2,264,"Autonomous Vehicle (AV) technology has been heavily researched and sought after, yet there are no SAE Level 5 AVs available today in the marketplace. We contend that over-reliance on machine learning technology is the main reason. Use of automated commonsense reasoning technology, we believe, can help achieve SAE Level 5 autonomy. In this paper, we show how automated common-sense reasoning technology can be deployed in situations where there are not enough data samples available to train a deep learning-based AV model that can handle certain abnormal road scenarios. Specifically, we consider two situations where (i) a traffic signal is malfunctioning at an intersection and (ii) all the cars ahead are slowing down and steering away due to an unexpected obstruction (e.g., animals on the road). We show that in such situations, our commonsense reasoning-based solution accurately detects traffic light colors and obstacles not correctly captured by the AV's perception model. We also provide a pathway for efficiently invoking commonsense reasoning by measuring uncertainty in the computer vision model and using commonsense reasoning to handle uncertain scenarios. We describe our experiments conducted using the CARLA simulator and the results obtained. The main contribution of our research is to show that automated commonsense reasoning effectively corrects AV-based object detection misclassifications and that hybrid models provide an effective pathway to improving AV perception."
Simple Contrapositive Assumption-Based Argumentation with Partially-Ordered Preferences.,kr,2023,"Ofer Arieli, Jesse Heyninck",10.24963/kr.2023/6,3,478,"We show that assumption-based argumentation frameworks, based on contrapositive logics and partially-ordered preference functions, provide a solid platform for argumentation-based reasoning. Two us..."
Structural Decompositions of Epistemic Logic Programs.,iclp,2020,"Markus Hecher, Michael Morak, Stefan Woltran",10.1609/aaai.v34i03.5672,2,32,"Abstract Epistemic logic programs (ELPs) are a popular generalization of standard Answer Set Programming (ASP) providing means for reasoning over answer sets within the language. This richer formalism comes at the price of higher computational complexity reaching up to the fourth level of the polynomial hierarchy. However, in contrast to standard ASP, dedicated investigations towards tractability have not been undertaken yet. In this paper, we give first results in this direction and show that central ELP problems can be solved in linear time for ELPs exhibiting structural properties in terms of bounded treewidth. We also provide a full dynamic programming algorithm that adheres to these bounds. Finally, we show that applying treewidth to a novel dependency structure—given in terms of epistemic literals—allows to bound the number of ASP solver calls in typical ELP solving procedures."
exp(ASPc): Explaining ASP Programs with Choice Atoms and Constraint Rules.,iclp,2021,"Ly Ly Trieu, Tran Cao Son, Marcello Balduccini",10.4204/eptcs.345.28,5,458,"We present an enhancement of exp(ASP), a system that generates explanation graphs for a literal l - an atom a or its default negation ~a - given an answer set A of a normal logic program P, which explain why l is true (or false) given A and P. The new system, exp(ASPc), differs from exp(ASP) in that it supports choice rules and utilizes constraint rules to provide explanation graphs that include information about choices and constraints."
Conditional Splittings of Belief Bases and Nonmonotonic Inference with c-Representations.,kr,2024,"Christoph Beierle, Lars-Phillip Spiegel, Jonas Haldimann, Marco Wilhelm, Jesse Heyninck, Gabriele Kern-Isberner",10.24963/kr.2024/10,1,501,The concept of conditional syntax splitting for inductive inference from conditional belief bases has been proposed as a generalization of syntax splitting which also covers cases where the con...
Towards Structure Learning under the Credal Semantics.,iclp,2020,Derek Shiller,10.4324/9780429331169-6,1,312,"This paper offers a noncognitivist characterization of moral attitudes, according to which moral attitudes count as such because of their inclusion of moral"
"Proceedings of the 9th Workshop on Advances in Argumentation in Artificial Intelligence (AI3 2025) co-located with the 41st International Conference on Logic Programming (ICLP 2025), Rende, Italy, September 13, 2025.",iclp,2025,"José Júlio Alferes, Luís Moniz Pereira",10.1007/bfb0030657,1,91,"We contend that the well-founded semantics (WFS), for normal program, and similarly the well-founded semantics with explicit negation (WFSX), for extended ones are, by design, overly careful in deciding about the falsity of some atoms, by leaving them undefined...."
A Tractable Logic for Molecular Biology.,iclp,2019,"Adrien Husson, Jean Krivine",10.4204/eptcs.306.17,3,476,"We introduce a logic for knowledge representation and reasoning on protein-protein interactions. Modulo a theory, formulas describe protein structures and dynamic changes. They can be composed in order to add or remove static and dynamic observations. A second-order circumscription operator then enables nonmonotonic reasoning on the changes implied by a formula. We introduce deduction rules that produce formulas which are, up to equivalence, in a first-order fragment with decidable satisfiability and validity. Importantly, the rules can produce circumscribed formulas."
Cognitively Adequate Complexity of Reasoning in a Description Logic.,kr,2023,F. M. Donini,10.1017/cbo9780511711787.005,3,9,"We present lower bounds on the computational complexity of satisfiability and subsumption in several Description Logics. We interpret these lower bounds as coming from different “sources of complexity”, which we isolate one by one. We consider both reasoning with simple concept expressions and reasoning with an underlying TBox. We discuss also complexity of instance checking in simple ABoxes. We have tried to enhance clarity and ease of presentation, sometimes sacrificing exhaustiveness for lack of space."
An Analysis of Gibbs Sampling for Probabilistic Logic Programs.,iclp,2020,,10.7551/mitpress/4304.003.0016,2,280,"There are many applications where the precise time at which an event will occur (or has occurred) is uncertain. Temporal probabilistic logic programs (TPLPs) allow a programiner to express knowledge about such events. In this paper, we develop a model theory, fixpoint theory, and proof theory for TPLPs, and show that the fixpoint theory may be ased to enumerate con- sequences of a TPLP in a sound and complete manner. Likewise the proof theory provides a sound and complete inference system. Last, but not least, we provide complexity results for TPLPs, showing in particular, that reason- able classes of TPLPs have polynomial data complexity."
Rule Based Temporal Inference.,iclp,2017,"Fangyi Li, Qiang Shen",10.1007/978-981-97-0491-0_5,5,429,"Many computational techniques have been established to perform approximate reasoning, including the popular compositional rule of inference (CRI) [15], approximate analogical reasoning schema (AARS) [11, 12], and Takagi-Sugeno (TS) interpretation [10]. In particular,..."
The Janus System: Multi-paradigm Programming in Prolog and Python.,iclp,2023,"Theresa Swift, Carl Andersen",10.4204/eptcs.385.24,1,455,"Python and Prolog express different programming paradigms, with different strengths. Python is wildly popular because it is well-structured, easy to use, and mixes well with thousands of scientific and machine learning programs written in C. Prolog's logic-based approach provides powerful reasoning capabilities, especially when combined with constraint evaluation, probabilistic reasoning, well-founded negation, and other advances. Both languages have commonalities as well: both are usually written in C, both are dynamically typed, and both use data structures based on a small number of recursive types. This paper describes the design and implementation of Janus, a system that tightly combines Prolog and Python into a single process. Janus bi-translates data structures and offers performance of many hundreds of thousands of round-trip inter-language calls per second. Although Janus is still new, it has been used in commercial applications including natural language processing, visual query answering and robotic automation. Janus was developed for XSB, but porting Janus code to a second Prolog has been straightforward, indicating that Janus is a tool that other Prologs may easily adopt."
Value of Information in Probabilistic Logic Programs.,iclp,2019,"Sarthak Ghosh, C. R. Ramakrishnan",10.4204/eptcs.306.14,5,77,"In medical decision making, we have to choose among several expensive diagnostic tests such that the certainty about a patient's health is maximized while remaining within the bounds of resources like time and money. The expected increase in certainty in the patient's condition due to performing a test is called the value of information (VoI) for that test. In general, VoI relates to acquiring additional information to improve decision-making based on probabilistic reasoning in an uncertain system. This paper presents a framework for acquiring information based on VoI in uncertain systems modeled as Probabilistic Logic Programs (PLPs). Optimal decision-making in uncertain systems modeled as PLPs have already been studied before. But, acquiring additional information to further improve the results of making the optimal decision has remained open in this context. We model decision-making in an uncertain system with a PLP and a set of top-level queries, with a set of utility measures over the distributions of these queries. The PLP is annotated with a set of atoms labeled as ""observable""; in the medical diagnosis example, the observable atoms will be results of diagnostic tests. Each observable atom has an associated cost. This setting of optimally selecting observations based on VoI is more general than that considered by any prior work. Given a limited budget, optimally choosing observable atoms based on VoI is intractable in general. We give a greedy algorithm for constructing a ""conditional plan"" of observations: a schedule where the selection of what atom to observe next depends on earlier observations. We show that, preempting the algorithm anytime before completion provides a usable result, the result improves over time, and, in the absence of a well-defined budget, converges to the optimal solution."
Axiomatization of Approximate Exclusion.,kr,2024,Matilda Häggblom,10.24963/kr.2024/38,1,387,"We define and axiomatize approximate exclusion atoms in the team semantic setting. A team is a set of assignments, which can be seen as a mathematical model of a uni-relational database. We say tha..."
LTL Synthesis Under Multi-Agent Environment Assumptions.,kr,2025,"Benjamin Aminof, Giuseppe De Giacomo, Giuseppe Perelli, Sasha Rubin",10.24963/kr.2025/69,1,408,"We investigate LTL synthesis under structured assumptions about the environment. In our setting, the environment is viewed by the protagonist as a collection of peer agents acting together in a ..."
Towards One-Shot Learning for Text Classification using Inductive Logic Programming.,iclp,2023,"Ghazal Afroozi Milani, Daniel Cyrus, Alireza Tamaddoni-Nezhad",10.4204/eptcs.385.9,4,278,"With the ever-increasing potential of AI to perform personalised tasks, it is becoming essential to develop new machine learning techniques which are data-efficient and do not require hundreds or thousands of training data. In this paper, we explore an Inductive Logic Programming approach for one-shot text classification. In particular, we explore the framework of Meta-Interpretive Learning (MIL), along with using common-sense background knowledge extracted from ConceptNet. Results indicate that MIL can learn text classification rules from a small number of training examples. Moreover, the higher complexity of chosen examples, the higher accuracy of the outcome."
An s(CASP) In-Browser Playground based on Ciao Prolog.,iclp,2022,"Daniela Ferreiro, José F. Morales, Salvador Abreu, Manuel V. Hermenegildo",10.4204/eptcs.385.33,1,227,"Active Logic Documents (ALD) are web pages which incorporate embedded Prolog engines that run locally within the browser. ALD offers both a very easy way to add click-to-run capabilities to any kind of teaching materials, independently of the tool used to generate them, as well as a tool-set for generating web-based materials with embedded examples and exercises. Both leverage on (components of) the Ciao Prolog Playground. We present a demonstration of the ALD approach and the Ciao Prolog Playground, as well as a recent extension to ALDs to facilitate the integration of other tools into the system for creating Hybrid Active Logic Documents (HALD). We also present a concrete application of these technologies to the creation of tutorials for a program verification tool."
A Machine Learning guided Rewriting Approach for ASP Logic Programs.,iclp,2020,"Elena Mastria, Jessica Zangari, Simona Perri, Francesco Calimeri",10.4204/eptcs.325.31,5,480,"Answer Set Programming (ASP) is a declarative logic formalism that allows to encode computational problems via logic programs. Despite the declarative nature of the formalism, some advanced expertise is required, in general, for designing an ASP encoding that can be efficiently evaluated by an actual ASP system. A common way for trying to reduce the burden of manually tweaking an ASP program consists in automatically rewriting the input encoding according to suitable techniques, for producing alternative, yet semantically equivalent, ASP programs. However, rewriting does not always grant benefits in terms of performance; hence, proper means are needed for predicting their effects with this respect. In this paper we describe an approach based on Machine Learning (ML) to automatically decide whether to rewrite. In particular, given an ASP program and a set of input facts, our approach chooses whether and how to rewrite input rules based on a set of features measuring their structural properties and domain information. To this end, a Multilayer Perceptrons model has then been trained to guide the ASP grounder I-DLV on rewriting input rules. We report and discuss the results of an experimental evaluation over a prototypical implementation."
How Lucky Are You to Know Your Way? A Probabilistic Approach to Knowing How Logics.,kr,2025,"Pablo F. Castro, Pedro R. D'Argenio, Raul Fervari",10.24963/kr.2025/23,5,486,"We introduce a probabilistic version of knowing-how modal logics. More precisely, our logics extend extant approaches to model the ability of an agent to achieve a given goal with a certain proba..."
Probabilistic Action Language pBC+.,iclp,2018,"Joohyung Lee, Yi Wang",10.29007/7fmn,1,246,"We present a probabilistic extension of action language BC+. Just like BC+ is defined as a high-level notation of answer set programs for describing transition systems, the proposed language, which we call pBC+, is defined as a high-level notation of LPMLN programs---a probabilistic extension of answer set programs. We show how probabilistic reasoning about transition systems, such as prediction, postdiction, and planning problems, as well as probabilistic diagnosis for dynamic domains, can be modeled in pBC+ and computed using an implementation of LPMLN."
Finest Syntax Splittings of Ranking Functions and Total Preorders on Worlds.,kr,2023,"Jonas Philipp Haldimann, Christoph Beierle",10.24963/kr.2023/75,1,123,"The notion of syntax splitting was initially introduced by Parikh for belief sets, and one key observation is that every belief set has a unique finest syntax splitting, i.e., a syntax splitting th..."
TRACE-CS: A Hybrid Logic-LLM System for Explainable Course Scheduling.,kr,2025,"Stylianos Loukas Vasileiou, William Yeoh",10.24963/kr.2025/63,5,386,"We present TRACE-cs, a novel hybrid system that combines logical reasoning with large language models (LLMs) to address contrastive queries in course scheduling problems. TRACE-cs leverages logic-b..."
Proof-Relevant Resolution for Elaboration of Programming Languages.,iclp,2018,"Axel Kerinec, Giulio Manzonetto, Federico Olimpieri",10.1145/3571201,2,300,"Relational models of λ-calculus can be presented as type systems, the relational interpretation of a λ-term being given by the set of its typings. Within a distributors-induced bicategorical semantics generalizing the relational one, we identify the class of ‘categorified’ graph models and show that they can be presented as type systems as well. We prove that all the models living in this class satisfy an Approximation Theorem stating that the interpretation of a program corresponds to the filtered colimit of the denotations of its approximants. As in the relational case, the quantitative nature of our models allows to prove this property via a simple induction, rather than using impredicative techniques. Unlike relational models, our 2-dimensional graph models are also proof-relevant in the sense that the interpretation of a λ-term does not contain only its typings, but the whole type derivations. The additional information carried by a type derivation permits to reconstruct an approximant having the same type in the same environment. From this, we obtain the characterization of the theory induced by the categorified graph models as a simple corollary of the Approximation Theorem: two λ-terms have isomorphic interpretations exactly when their B'ohm trees coincide."
Controlled Natural Language Models.,iclp,2024,Francis Frydman,10.20944/preprints202512.1848.v1,4,534,"Large language models (LLMs) have demonstrated logical reasoning abilities, but their inferences remain non-traceable and lack formal guarantees. We introduce eXa-LM, a controlled natural language (CNL) interface between LLMs and first-order logic solvers. Based on a Controlled Natural Language, our approach aims to create an explicit, verifiable, and interpretable bridge between text and formal logic. It relies on three main components: (1) a reformulation prompt that constrains the LLM to produce a set of facts and rules in CNL, (2) the semantic analyzer eXaSem translating this CNL into a Prolog program made of extended Horn clauses, and (3) the logic engine eXaLog, which integrates a secondorder meta-interpreter capable of inferring ontological properties. We evaluate eXa-LM on three standard benchmarks—PrOntoQA, ProofWriter and FOLIO—comparing it to GPT-4, GPT-4o, Logic-LM and LINC. Results show that eXa-LM matches or exceeds recent neurosymbolic systems while providing full traceability of reasoning and intrinsic explainability. On FOLIO, eXa-LM achieves 92.9% accuracy, a +1.05 point gain over GPT-4o Chain-of-Thought. This approach demonstrates the feasibility of a transparent neuro-symbolic reasoning pipeline in which LLMs produce not direct inferences but formally controlled linguistic representations. eXa-LM opens the way to neuro-symbolic architectures that are safer, verifiable and extensible, ultimately integrating hypothetical, abductive or inductive reasoning. Program and data are publicly available at https://github.com/FFrydman/eXa-LM."
Pushing the Boundaries of Tractable Multiperspective Reasoning: A Deduction Calculus for Standpoint EL+.,kr,2023,"Lucía Gómez Álvarez, Sebastian Rudolph, Hannes Strass",10.24963/kr.2023/33,1,469,Standpoint EL is a multi-modal extension of the popular description logic EL that allows for the integrated representation of domain knowledge relative to diverse standpoints or perspectives. Advan...
Extended Magic for Negation: Efficient Demand-Driven Evaluation of Stratified Datalog with Precise Complexity Guarantees.,iclp,2019,"K. Tuncay Tekle, Yanhong A. Liu",10.4204/eptcs.306.28,3,340,"Given a set of Datalog rules, facts, and a query, answers to the query can be inferred bottom-up starting from the facts or top-down starting from the query. For efficiency, top-down evaluation is extended with memoization of inferred facts, and bottom-up evaluation is performed after transformations to make rules driven by the demand from the query. Prior work has shown their precise complexity analysis and relationships. However, when Datalog is extended with even stratified negation, which has a simple and universally accepted semantics, transformations to make rules demand-driven may result in non-stratified negation, which has had many complex semantics and evaluation methods. This paper presents (1) a simple extension to demand transformation, a transformation to make rules demand-driven for Datalog without negation, to support stratified negation, and (2) a simple extension to an optimal bottom-up evaluation method for Datalog with stratified negation, to handle non-stratified negation in the resulting rules. We show that the method provides precise complexity guarantees. It is also optimal in that only facts needed for top-down evaluation of the query are inferred and each firing of a rule to infer such a fact takes worst-case constant time. We extend the precise relationship between top-down evaluation and demand-driven bottom-up evaluation to Datalog with stratified negation. Finally, we show experimental results for performance, as well as applications to previously challenging examples."
Logic Programming and Machine Ethics.,iclp,2020,"Luís Moniz Pereira, Ari Saptawijaya",10.1007/978-3-319-29354-7_6,1,551,"Counterfactuals capture the process of reasoning about a past event that did not occur, namely what would have happened had this event occurred; or, vice-versa, to reason about an event that did occur but what if it had not. In this chapter, we innovatively make use..."
Explainable and Trustworthy Traffic Sign Detection for Safe Autonomous Driving: An Inductive Logic Programming Approach.,iclp,2023,"Zahra Chaghazardi, Saber Fallah, Alireza Tamaddoni-Nezhad",10.4204/eptcs.385.21,1,554,"Traffic sign detection is a critical task in the operation of Autonomous Vehicles (AV), as it ensures the safety of all road users. Current DNN-based sign classification systems rely on pixel-level features to detect traffic signs and can be susceptible to adversarial attacks. These attacks involve small, imperceptible changes to a sign that can cause traditional classifiers to misidentify the sign. We propose an Inductive Logic Programming (ILP) based approach for stop sign detection in AVs to address this issue. This method utilises high-level features of a sign, such as its shape, colour, and text, to detect categories of traffic signs. This approach is more robust against adversarial attacks, as it mimics human-like perception and is less susceptible to the limitations of current DNN classifiers. We consider two adversarial attacking methods to evaluate our approach: Robust Physical Perturbation (PR2) and Adversarial Camouflage (AdvCam). These attacks are able to deceive DNN classifiers, causing them to misidentify stop signs as other signs with high confidence. The results show that the proposed ILP-based technique is able to correctly identify all targeted stop signs, even in the presence of PR2 and ADvCam attacks. The proposed learning method is also efficient as it requires minimal training data. Moreover, it is fully explainable, making it possible to debug AVs."
Equilibrium Description Logics: Results on Complexity and Relations to Circumscription.,kr,2024,"Federica Di Stefano, Mantas Šimkus",10.24963/kr.2024/29,1,354,"Recently, Equilibrium Description Logics (EDLs) have been suggested as a promising new approach to Description Logics (DLs) with non-monotonic default negation. However, a deeper understanding of E..."
Model Revision of Logical Regulatory Networks Using Logic-Based Tools.,iclp,2018,Svetlana Bulashevska,10.4018/9781605666853.ch005,4,576,Not Found
A Tool Set for Converting Controlled Natural Languages into AI Formalisms.,iclp,2025,,10.7551/mitpress/2123.003.0002,5,334,"Constraint-Based Grammar Formalisms provides the first rigorous mathematical and computational basis for this important area. Constraint-based theories of grammar and grammar formalisms are becoming an increasingly widespread area of research in computational linguistics. Constraint-Based Grammar Formalisms provides the first rigorous mathematical and computational basis for this important area. It introduces new applications to both natural and computer languages and brings together Stuart Shieber's many contributions that have been at the core of developments ranging from the discovery of improved explanations of linguistic phenomena such as binding and coordination to the detailed mathematical analysis of constraint-solving and parsing in a variety of grammar formalisms. This thorough examination of the theoretical and computational foundations of constraint-based grammars and applications to natural-language analysis is unique in several respects. Shieber's theoretical framework may be applied to a whole class of formalisms with properties that make it possible to define a general parsing algorithm for all members of the class, with results that provide essential guidance to the implementer of constraint-based language processing systems. Shieber also brings out new connections between grammatical categories and data types, and between constraint-based natural-language analysis and type inference in computer languages. These connections should be of increasing interest both to computational and theoretical linguists and to computer scientists. Bradford Books imprint"
Logical Lease Litigation: Prolog and LLMs for Rental Law Compliance in New York.,iclp,2024,"Sanskar Sehgal, Yanhong A. Liu",10.4204/eptcs.416.4,3,454,"Legal cases require careful logical reasoning following the laws, whereas interactions with non-technical users must be in natural language. As an application combining logical reasoning using Prolog and natural language processing using large language models (LLMs), this paper presents a novel approach and system, LogicLease, to automate the analysis of landlord-tenant legal cases in the state of New York. LogicLease determines compliance with relevant legal requirements by analyzing case descriptions and citing all relevant laws. It leverages LLMs for information extraction and Prolog for legal reasoning. By separating information extraction from legal reasoning, LogicLease achieves greater transparency and control over the legal logic applied to each case. We evaluate the accuracy, efficiency, and robustness of LogicLease through a series of tests, achieving 100% accuracy and an average processing time of 2.57 seconds. LogicLease presents advantages over state-of-the-art LLM-based legal analysis systems by providing clear, step-by-step reasoning, citing specific laws, and distinguishing itself by its ability to avoid hallucinations -- a common issue in LLMs."
A Three-Valued Semantics for Typed Logic Programming.,iclp,2019,"João Barbosa, Mário Florido, Vítor Santos Costa",10.4204/eptcs.306.10,5,500,"Types in logic programming have focused on conservative approximations of program semantics by regular types, on one hand, and on type systems based on a prescriptive semantics defined for typed programs, on the other. In this paper, we define a new semantics for logic programming, where programs evaluate to true, false, and to a new semantic value called wrong, corresponding to a run-time type error. We then have a type language with a separated semantics of types. Finally, we define a type system for logic programming and prove that it is semantically sound with respect to a semantic relation between programs and types where, if a program has a type, then its semantics is not wrong. Our work follows Milner's approach for typed functional languages where the semantics of programs is independent from the semantic of types, and the type system is proved to be sound with respect to a relation between both semantics."
Beyond Traditional Neural Networks: Toward adding Reasoning and Learning Capabilities through Computational Logic Techniques.,iclp,2023,Andrea Rafanelli,10.4204/eptcs.385.51,5,139,"Deep Learning (DL) models have become popular for solving complex problems, but they have limitations such as the need for high-quality training data, lack of transparency, and robustness issues. Neuro-Symbolic AI has emerged as a promising approach combining the strengths of neural networks and symbolic reasoning. Symbolic knowledge injection (SKI) techniques are a popular method to incorporate symbolic knowledge into sub-symbolic systems. This work proposes solutions to improve the knowledge injection process and integrate elements of ML and logic into multi-agent systems (MAS)."
Less Manual Work for Safety Engineers: Towards an Automated Safety Reasoning with Safety Patterns.,iclp,2020,"Yuri Gil Dantas, Antoaneta Kondeva, Vivek Nigam",10.4204/eptcs.325.29,1,578,"The development of safety-critical systems requires the control of hazards that can potentially cause harm. To this end, safety engineers rely during the development phase on architectural solutions, called safety patterns, such as safety monitors, voters, and watchdogs. The goal of these patterns is to control (identified) faults that can trigger hazards. Safety patterns can control such faults by e.g., increasing the redundancy of the system. Currently, the reasoning of which pattern to use at which part of the target system to control which hazard is documented mostly in textual form or by means of models, such as GSN-models, with limited support for automation. This paper proposes the use of logic programming engines for the automated reasoning about system safety. We propose a domain-specific language for embedded system safety and specify as disjunctive logic programs reasoning principles used by safety engineers to deploy safety patterns, e.g., when to use safety monitors, or watchdogs. Our machinery enables two types of automated safety reasoning: (1) identification of which hazards can be controlled and which ones cannot be controlled by the existing safety patterns; and (2) automated recommendation of which patterns could be used at which place of the system to control potential hazards. Finally, we apply our machinery to two examples taken from the automotive domain: an adaptive cruise control system and a battery management system."
Efficient Compliance Computation in Probabilistic Declarative Specifications.,iclp,2024,"Jeongwoon Choi, Jungyeon Kim, Seokho Chi",10.2139/ssrn.6381878,3,273,"Ensuring compliance with construction specifications is essential for maintaining quality and safety of a project, but current manual review processes are time-consuming and labor-intensive. To automate this process, specifications must first be digitalized so that computers can read and process them consistently. This research proposes a two-phase digitalization methodology for transforming natural language specifications into structured digital formats. The two main phases include (1) designing digital specification representations and (2) automating the digitalization process. The design phase categorizes specification clauses into four types (i.e., general requirements, interpretive provisions, compliance criteria, and contextual guidelines) and represents them through two complementary representation strategies (i.e., structured checklists for descriptive clauses and if-then rules for quantitative clauses). The digitalization phase comprises text preprocessing, clause classification using a fine-tuned language model, and generation of digital specifications using a generative model. Experiments were conducted on Korean Construction Specification documents containing 7,145 clauses. The classification achieved an F1-score of 0.862, and the generated outputs achieved a BERTScore of 0.791 against the expert-created reference. The results confirm that large language models can generate digital specifications with sufficient semantic, structural, and logical consistency for direct use in field-level compliance checking."
Unique Characterisability and Learnability of Temporal Queries Mediated by an Ontology.,kr,2024,"Jean Christoph Jung, Vladislav Ryzhikov, Frank Wolter, Michael Zakharyaschev",10.24963/kr.2024/46,4,549,Algorithms for learning database queries from examples and unique characterisations of queries by examples are prominent starting points for developing automated support for query explanation and c...
Operator-Based Semantics for Choice Programs: Is Choosing Losing?,kr,2024,Jesse Heyninck,10.24963/kr.2024/42,3,37,"Choice constructs are an important part of the language of logic programming, yet the study of their semantics has been a challenging task. So far, only two-valued semantics have been studied, and ..."
Scalable Robotic Intra-Logistics with Answer Set Programming.,iclp,2018,,10.1017/cbo9781139342124.007,2,391,"Knowledge Representation, Reasoning, and the Design of Intelligent Agents - March 2014"
Semantic Analysis of Assurance Cases using s(CASP).,iclp,2023,Alistair Duke,10.4018/978-1-60566-066-0.ch003,3,99,"This chapter describes an approach to support operational support system (OSS) integration across organisation boundaries. The requirement for such business-to-business (B2B) interfaces is expected to increase as is the need to carry out integration in much more flexible way. Existing approaches for integration tend to be implementation specific, operate at the syntactic level and are realised by programme code. Consequently they are inflexible due to their highly coupled nature and are costly to setup and maintain. An approach to decouple B2B interfaces is introduced, which allows them to be flexibly coupled as required with the use of scalable, semantic mediation. An initial prototype is described based on an Assurance Integration scenario for BT Wholesale’s B2B gateway."
Computational Thinking with Logic Programming.,iclp,2024,,10.1017/cbo9780511984747.027,4,25,"This additional chapter provides the technical support for abductive logic programming (ALP), which is the basis of the Computational Logic used in this book. ALP uses abduction, not only to explain observations, but to generate plans of action. ALP extends ordinary logic programming by combining the closed predicates of logic programming, which are defined by clauses, with open predicates, which are constrained directly or indirectly by integrity constraints represented in a variant of classical logic. Integrity constraints in ALP include as special cases the functionalities of condition–action rules, maintenance goals and constraints."
Complexity of Abduction in Łukasiewicz Logic.,kr,2025,"Katsumi Inoue, Daniil Kozhemiachenko",10.24963/kr.2025/41,2,138,"We explore the problem of explaining observations in contexts involving statements with truth degrees, such as âthe lift is loadedâ, âthe symptoms are severeâ, etc. To formalise these contexts, we ..."
"Leasing the Cloud-Edge Continuum, à la Carte.",iclp,2023,"Stefano Forti, Ahmad Ibrahim, Antonio Brogi",10.4204/eptcs.385.28,1,155,"Next-gen computing paradigms foresee deploying applications to virtualised resources along a continuum of Cloud-Edge nodes. Much literature focussed on how to place applications onto such resources so as to meet their requirements. To lease resources to application operators, infrastructure providers need to identify a portion of their Cloud-Edge assets to meet set requirements. This article proposes a novel declarative resource selection strategy prototyped in Prolog to determine a suitable infrastructure portion that satisfies all requirements. The proposal is showcased over a lifelike scenario."
A Logic-Based Framework for Database Repairs.,kr,2025,"Nicolas Fröhlich, Arne Meier, Nina Pardal, Jonni Virtema",10.24963/kr.2025/32,3,183,"We introduce a general abstract framework for database repairs, where the repair notions are defined using formal logic. We distinguish between integrity constraints and so-called query constraints..."
Memory Management in Resource-Bounded Agents.,iclp,2019,Valentina Pitoni,10.4204/eptcs.306.61,1,496,"In artificial intelligence, multi agent systems constitute an interesting typology of society modeling, and have in this regard vast fields of application, which extend to the human sciences. Logic is often used to model such kind of systems as it is easier to verify the explainability and validation, so for this reason we have tried to manage agents' memory extending a previous work by inserting the concept of time."
Advances in Logic-Based Entity Resolution: Enhancing ASPEN with Local Merges and Optimality Criteria.,kr,2025,"Zhiliang Xiang, Meghyn Bienvenu, Gianluca Cima, Víctor Gutiérrez-Basulto, Yazmín Ibáñez-García",10.24963/kr.2025/64,5,201,"In this paper, we present ASPEN+, which extends an existing ASP-based system, ASPEN,for collective entity resolution with two important functionalities: support for local merges and new optimali..."
Modeling Administrative Discretion using Goal-Directed Answer Set Programming.,iclp,2022,"Joaquín Arias, Mar Moreno-Rebato, Jose A. Rodriguez-García, Sascha Ossowski",10.1007/978-3-030-85713-4_25,5,450,"Automated legal reasoning and its application in smart contract is getting interest. In this context, ethical and legal concerns make it necessary for automated reasoners to justify in human-understandable terms the advice given. Logic Programming, specially Answer..."
An ASP Multi-Shot Encoding for the Aircraft Routing and Maintenance Planning Problem.,iclp,2020,"Pierre Tassel, Mohamed Rbaia",10.4204/eptcs.364.22,3,286,"Answer Set Programming (ASP) is a paradigm and problem modeling and solving toolkit for KR that is often invoked. There are plenty of results dedicated to studying the hardness of (fragments of) ASP. So far, these studies resulted in characterizations in terms of computational complexity as well as in fine-grained insights presented in form of dichotomy-style results, lower bounds when translating to other formalisms like Boolean satisfiability (SAT), and even detailed parameterized complexity landscapes. A quite generic and prominent parameter in parameterized complexity originating from graph theory is the so-called treewidth , which in a sense captures structural density of a program. Recently, there was an increase in the number of treewidth-based solvers related to SAT. While there exist several translations from (normal) ASP to SAT, yet there is no reduction preserving treewidth or at least being aware of the treewidth increase. This paper deals with a novel reduction from normal ASP to SAT that is aware of the treewidth, and guarantees that a slight increase of treewidth is indeed sufficient. Then, we also establish that when considering treewidth, already the fragment of normal ASP is slightly harder than SAT, which renders the treewidth increase of our reduction unavoidable."
From Acceptance to Rejection in Abstract Argumentation.,kr,2024,"Anne-Marie Heine, Markus Ulbricht",10.24963/kr.2024/41,5,199,"Dynamic reasoning environments are among the key aspects in formal argumentation research. Presumably the best understood problem is the so-called enforcement problem which asks, generally speaki..."
The ASP-based Nurse Scheduling System at the University of Yamanashi Hospital.,iclp,2025,"Hidetomo Nabeshima, Mutsunori Banbara, Torsten Schaub, Takehide Soh",10.4204/eptcs.439.23,3,254,"We present the design principles of a nurse scheduling system built using Answer Set Programming (ASP) and successfully deployed at the University of Yamanashi Hospital. Nurse scheduling is a complex optimization problem requiring the reconciliation of individual nurse preferences with hospital staffing needs across various wards. This involves balancing hard and soft constraints and the flexibility of interactive adjustments. While extensively studied in academia, real-world nurse scheduling presents unique challenges that go beyond typical benchmark problems and competitions. This paper details the practical application of ASP to address these challenges at the University of Yamanashi Hospital, focusing on the insights gained and the advancements in ASP technology necessary to effectively manage the complexities of real-world deployment."
Controlled Natural Languages for Knowledge Representation and Reasoning.,iclp,2016,"Len Schubert, Moderator",10.1016/b978-1-4832-1452-8.50157-3,5,223,"As the title suggests, the panel will address such questions as, “What syntactic/semantic (or other) resources does NL potentially offer that could be profitably exploited for knowledge representation and reasoning? What are the prospective benefits? How can they be realized? What's the down side?”. The intention is that some sense of the state of the art, difficulties, tradeoffs, and the most promising directions for further work should emerge from the presentations and discussion. Some specific resources suggested in advance as possible topics for discussion are: generalized quantifiers predicate and sentence nominalization predicate and sentence modification probabilistic qualification collections, substances, kinds, properties events, situations, times, locations, actions, plans aspectual classes (Aktionsarten) more generally, commonsense ontologies donkey anaphora and generics “natural” forms of inference language (especially narratives) as a guide to “warranted nonmonotonic inference” feature logics (aimed at NL syntax) as general KRs indexicality, context vagueness as a useful feature ambiguity as a useful feature theory of communication, knowledge, collaboration One can consider the potential benefits of such resources collectively or one by one. Let us imagine that we have a formalized representation that is natural-language-like, incorporating many of the above features. One potential benefit would be the improved opportunity for “knowledge bootstrapping” via natural language, since the necessary transformations in going from NL input to the internal representation would then be minimal. Moreover, since we tend to have good intuitions about what follows from what (either deductively or defeasibly) when considering examples formulated in natural language, a language-like representation might facilitate the formulation of effective deductive and nondeductive inference mechanisms. Another significant benefit might be the comprehensibility of a representation parasitic on language, from the perspective of users of the KR who need to peruse, extend, and debug sizable knowledge bases. Against such an across-the-board strategy one might argue that it would make inference intractable or at least “gappy” in unforseeable ways. Even unquatified predicate logic is intractable in a worst-case sense (if P ≠ NP). Keeping in mind that the goals of AI are performance goals (or, goals of explicating human performance), we must ensure that our KR's lend themselves to fast, reliable inference. So we should move away from general language-like expressiveness towards collections of tractable, specialized sublanguages. There are replies to this objection, but one can also remain agnostic about the across-the-board strategy and consider benefits obtainable by exploiting some of the above resources. Knowledge bootstrapping, formulation of inference rules, and knowledge base browsing may become significantly easier even with some seemingly minor, “cosmetic” changes to a representation, bringing it superficially closer to NL without increase in expressive power. The expectation is that some panelists will be able to point to specific gains already obtained or eventually expected from language-inspired approaches to various representational issues: NL-like quantification might promote readability and effective inference; ordinary ways of talking about properties, propositions, actions, and plans (often involving phrasings that reify or nominalize these) might provide the key to a workable analysis of attitudes and actions; ontological categories derived from language (including collections, substances, time, space, events, and specific “natural taxonomies”) should facilitate the encoding of at least the “commonsense core” of many applications; the form taken by generics in NL might suggest ways of formalizing defeasible generalizations; indexicality in NL (e.g., as exemplified by words like ‘now’, ‘here’, or ‘I’) might suggest effective ways of “situated reasoning”, for instance by a planner; the ways in which language allows for vagueness and ambiguity might suggest ways of dealing effectively with imprecise or underspecified information; the conventions underlying cooperative dialogs might suggest formal protocols for arriving at mutual knowledge; the feature logics that have evolved for describing the syntactic structure of natural languages show signs of being apt for world-description as well; and so on. No doubt there are caveats and unresolved difficulties. Language may perhaps mislead, where the devices it employs are peculiar to its communicative function and its one-dimensional acoustic form; and it may not lead to any one place, judging from the variety of theories that have been proposed for many of the linguistic phenomena mentioned above. But it is surely an invaluable source of representational ideas that should be heeded by the KR&R community."
Towards Static Performance Guarantees for Programs with Run-Time Checks.,iclp,2018,"Maximiliano Klemen, Nataliia Stulova, Pedro López-García, José Morales, Manuel V. Hermenegildo",10.1145/3236950.3236970,1,64,"Instrumenting programs for performing runtime checking of properties, such as regular shapes, is a common and useful technique that helps programmers detect incorrect program behaviors. This is specially true in dynamic languages such as Prolog. However, such runtime checks inevitably introduce runtime overhead (in execution time, memory, energy, etc.). Several approaches have been proposed for reducing this overhead, such as eliminating the checks that can statically be proved to always succeed, and/or optimizing the way in which the (remaining) checks are performed. However, there are cases in which it is not possible to remove all checks statically (e.g., open libraries which must check their interfaces, complex properties, unknown code, etc.) and in which, even after optimizations, these remaining checks may still introduce an unacceptable level of overhead. It is thus important for programmers to be able to determine the additional cost due to the runtime checks and compare it to some notion of admissible cost. The common practice used for estimating runtime checking overhead is profiling, which is not exhaustive by nature. Instead, we propose a method that uses static analysis to estimate such overhead, with the advantage that the estimations are functions parameterized by input data sizes. Unlike profiling, this approach can provide guarantees for all possible execution traces, and allows assessing how the overhead grows as the size of the input grows. Our method also extends an existing assertion verification framework to express ""admissible"" overheads, and statically and automatically checks whether the instrumented program conforms with such specifications. Finally, we present an experimental evaluation of our approach that suggests that our method is feasible and promising."
Theory Solving Made Easy with Clingo 5.,iclp,2016,KIM McCARRON,10.1097/00152258-200701000-00006,5,383,Solving the puzzle of bronchospasm
Explaining Agent Behaviour via Causal Analysis of Mental States.,kr,2023,,10.5040/9781501331169.0007,2,573,"That there is evil is evident all around us. Indeed, with the advent of the Internet and  social media, we’re no doubt more aware (painfully so) of the depth and scope of evil  than at any other time in human history. However, while evil is confirmed by the facts of  experience, it is not always easy to find room for it in our thinking. There is, for  example, the claim that evil fits rather badly with theistic ways of thinking—that to  believe There is a God is contradictory to (or at least strongly disconfirmed by) the belief  that there is evil. Substantial philosophical time and resources have been spent on  exploring this alleged incongruity. And philosophy, to my mind, is much the better for  it. Surprisingly little attention, however, has been paid to the question of whether there  might be other systems of belief where evil is a bad fit. In this chapter, I attempt to show that evil exists only if what I call Agent Causal  Theism (ACT) is true. According to ACT, human beings are immaterial, conscious agents  endued (by God) with a power of self-motion: the power to think, decide, and act for  ends in light of reasons, but without being externally caused to do so (even by God  himself). By contrast, I argue that there is no space for evil in the worldviews of  naturalistic Darwinism or theistic Calvinism."
Constraint Programming Algorithms for Route Planning Exploiting Geometrical Information.,iclp,2020,Alessandro Bertagnon,10.4204/eptcs.325.38,3,272,"Problems affecting the transport of people or goods are plentiful in industry and commerce and they also appear to be at the origin of much more complex problems. In recent years, the logistics and transport sector keeps growing supported by technological progress, i.e. companies to be competitive are resorting to innovative technologies aimed at efficiency and effectiveness. This is why companies are increasingly using technologies such as Artificial Intelligence (AI), Blockchain and Internet of Things (IoT). Artificial intelligence, in particular, is often used to solve optimization problems in order to provide users with the most efficient ways to exploit available resources. In this work we present an overview of our current research activities concerning the development of new algorithms, based on CLP techniques, for route planning problems exploiting the geometric information intrinsically present in many of them or in some of their variants. The research so far has focused in particular on the Euclidean Traveling Salesperson Problem (Euclidean TSP) with the aim to exploit the results obtained also to other problems of the same category, such as the Euclidean Vehicle Routing Problem (Euclidean VRP), in the future."
Search-Guided Generation of Properties for Program Analyzers.,iclp,2025,Yixuan Liang,10.54985/peeref.2601a8981167,4,249,"Discover research insights, access a citable DOI, and join the global academic discussion."
Blawx: Web-based User-Friendly Rules as Code.,iclp,2022,"Mehmet Bektasoglu, Abdullah S. Bayraktar",10.1016/j.radphyschem.2026.113646,1,358,"We introduce GRASP-X, a fast and user-friendly online tool for computing key gamma-ray shielding parameters, including the mass attenuation coefficient (MAC), half-value layer (HVL), tenth-value layer (TVL), mean free path (MFP), and effective atomic number ( ). GRASP-X is based on the previously developed offline version ”GRASP” and is freely accessible at https://nuclearandparticle.sakarya.edu.tr/grasp-x. The tool computes these parameters at both standard gamma-ray energies and absorption edges, producing graphical outputs and downloadable tables in approximately one second. To evaluate its performance, a wide range of previously studied materials — including glasses and composites — was analyzed. MACs, HVLs, and   values obtained with GRASP-X were benchmarked against results from established computational tools, experimental measurements, and theoretical predictions. GRASP-X shows excellent agreement with XCOM across nearly the entire gamma-ray energy range, including absorption edges, and its MAC results are consistent with those calculated using simulation codes such as PHITS and MCNP6. Although direct comparison with Phy-X at absorption edges was limited by the absence of corresponding data, GRASP-X results agree well with Phy-X at standard energies. The effective atomic numbers computed by GRASP-X also exhibit strong consistency with those from Auto- , particularly within the Compton interaction regime."
KALM: A Rule-based Approach for Knowledge Authoring and Question Answering.,iclp,2019,Tiantian Gao,10.4204/eptcs.306.52,5,82,"Knowledge representation and reasoning (KRR) is one of the key areas in artificial intelligence (AI) field. It is intended to represent the world knowledge in formal languages (e.g., Prolog, SPARQL) and then enhance the expert systems to perform querying and inference tasks. Currently, constructing large scale knowledge bases (KBs) with high quality is prohibited by the fact that the construction process requires many qualified knowledge engineers who not only understand the domain-specific knowledge but also have sufficient skills in knowledge representation. Unfortunately, qualified knowledge engineers are in short supply. Therefore, it would be very useful to build a tool that allows the user to construct and query the KB simply via text. Although there is a number of systems developed for knowledge extraction and question answering, they mainly fail in that these system don't achieve high enough accuracy whereas KRR is highly sensitive to erroneous data. In this thesis proposal, I will present Knowledge Authoring Logic Machine (KALM), a rule-based system which allows the user to author knowledge and query the KB in text. The experimental results show that KALM achieved superior accuracy in knowledge authoring and question answering as compared to the state-of-the-art systems."
On Strong and Weak Admissibility in Non-Flat Assumption-Based Argumentation.,kr,2025,"Matti Berthold, Lydia Blümel, Anna Rapberger",10.24963/kr.2025/14,1,178,"In this work, we broaden the investigation of admissibility notions in the context of assumption-based argumentation (ABA). More specifically, we study two prominent alternatives to the standard..."
ABA Learning via ASP.,iclp,2023,"Emanuele De Angelis, Maurizio Proietti, Francesca Toni",10.4204/eptcs.385.1,1,130,"Recently, ABA Learning has been proposed as a form of symbolic machine learning for drawing Assumption-Based Argumentation frameworks from background knowledge and positive and negative examples. We propose a novel method for implementing ABA Learning using Answer Set Programming as a way to help guide Rote Learning and generalisation in ABA Learning."
"A Gaze into the Internal Logic of Graph Neural Networks, with Logic.",iclp,2022,Paul Tarau,10.4204/eptcs.364.9,3,236,"Graph Neural Networks share with Logic Programming several key relational inference mechanisms. The datasets on which they are trained and evaluated can be seen as database facts containing ground terms. This makes possible modeling their inference mechanisms with equivalent logic programs, to better understand not just how they propagate information between the entities involved in the machine learning process but also to infer limits on what can be learned from a given dataset and how well that might generalize to unseen test data. This leads us to the key idea of this paper: modeling with the help of a logic program the information flows involved in learning to infer from the link structure of a graph and the information content of its nodes properties of new nodes, given their known connections to nodes with possibly similar properties. The problem is known as graph node property prediction and our approach will consist in emulating with help of a Prolog program the key information propagation steps of a Graph Neural Network's training and inference stages. We test our a approach on the ogbn-arxiv node property inference benchmark. To infer class labels for nodes representing papers in a citation network, we distill the dependency trees of the text associated to each node into directed acyclic graphs that we encode as ground Prolog terms. Together with the set of their references to other papers, they become facts in a database on which we reason with help of a Prolog program that mimics the information propagation in graph neural networks predicting node properties. In the process, we invent ground term similarity relations that help infer labels in the test set by propagating node properties from similar nodes in the training set and we evaluate their effectiveness in comparison with that of the graph's link structure. Finally, we implement explanation generators that unveil performance upper bounds inherent to the dataset. As a practical outcome, we obtain a logic program, that, when seen as machine learning algorithm, performs close to the state of the art on the node property prediction benchmark."
A Model-Oriented Approach for Lifting Symmetries in Answer Set Programming.,iclp,2022,Alice Tarzariol,10.4204/eptcs.364.35,4,415,"When solving combinatorial problems, pruning symmetric solution candidates from the search space is essential. Most of the existing approaches are instance-specific and focus on the automatic computation of Symmetry Breaking Constraints (SBCs) for each given problem instance. However, the application of such approaches to large-scale instances or advanced problem encodings might be problematic since the computed SBCs are propositional and, therefore, can neither be meaningfully interpreted nor transferred to other instances. As a result, a time-consuming recomputation of SBCs must be done before every invocation of a solver. To overcome these limitations, we introduce a new model-oriented approach for Answer Set Programming that lifts the SBCs of small problem instances into a set of interpretable first-order constraints using a form of machine learning called Inductive Logic Programming. After targeting simple combinatorial problems, we aim to extend our method to be applied also for advanced decision and optimization problems."
Assessing Drivers&apos; Situation Awareness in Semi-Autonomous Vehicles: ASP based Characterisations of Driving Dynamics for Modelling Scene Interpretation and Projection.,iclp,2023,"Jakob Suchan, Jan-Patrick Osterloh",10.4204/eptcs.385.29,2,511,"Semi-autonomous driving, as it is already available today and will eventually become even more accessible, implies the need for driver and automation system to reliably work together in order to ensure safe driving. A particular challenge in this endeavour are situations in which the vehicle's automation is no longer able to drive and is thus requesting the human to take over. In these situations the driver has to quickly build awareness for the traffic situation to be able to take over control and safely drive the car. Within this context we present a software and hardware framework to asses how aware the driver is about the situation and to provide human-centred assistance to help in building situation awareness. The framework is developed as a modular system within the Robot Operating System (ROS) with modules for sensing the environment and the driver state, modelling the driver's situation awareness, and for guiding the driver's attention using specialized Human Machine Interfaces (HMIs). A particular focus of this paper is on an Answer Set Programming (ASP) based approach for modelling and reasoning about the driver's interpretation and projection of the scene. This is based on scene data, as well as eye-tracking data reflecting the scene elements observed by the driver. We present the overall application and discuss the role of semantic reasoning and modelling cognitive functions based on logic programming in such applications. Furthermore we present the ASP approach for interpretation and projection of the driver's situation awareness and its integration within the overall system in the context of a real-world use-case in simulated as well as in real driving."
Modelling Infectious Disease Dynamics with Probabilistic Logic Programming.,iclp,2021,Fabrizio Riguzzi,10.1201/9781003338192-2,2,12,The distribution over programs is defined by encoding random choices for clauses. Each choice generates an alternative version of the clause and the set of
Knowledge Base Embeddings: Semantics and Theoretical Properties.,kr,2024,"Camille Bourgaux, Ricardo Guimarães, Raoul Koudijs, Victor Lacerda, Ana Ozaki",10.24963/kr.2024/77,5,525,"Research on knowledge graph embeddings has recently evolved into knowledge base embeddings, where the goal is not only to map facts into vector spaces but also constrain the models so that they tak..."
Complexity of Weighted First-Order Model Counting in the Two-Variable Fragment with Counting Quantifiers: A Bound to Beat.,kr,2024,"Jan Tóth, Ondřej Kuželka",10.24963/kr.2024/64,2,372,We study the time complexity of weighted first-order model counting (WFOMC) over the logical language with two variables and counting quantifiers. The problem is known to be solvable in time polyno...
Top-down Splitting Property for Epistemic Logic Programs.,iclp,2021,"Pedro Cabalar, Jorge Fandinno, Luis Fariñas del Cerro",10.24963/ijcai.2020/653,2,344,"Epistemic logic programs constitute an extension of the stable model semantics to deal with new constructs called ""subjective literals."" Informally speaking, a subjective literal allows checking whether some objective literal is true in all or some stable models. However, its associated semantics has proved to be non-trivial, since the truth of subjective literals may interfere with the set of stable models it is supposed to query. As a consequence, no clear agreement has been reached and different semantic proposals have been made in the literature. In this paper, we review an extension of the well-known splitting property for logic programs to the epistemic case. This ""epistemic splitting property"" is defined as a general condition that can be checked on any arbitrary epistemic semantics. Its satisfaction has desirable consequences both in the representation of conformant planning problems and in the encoding of the so-called subjective constraints."
Most General Variant Unifiers.,iclp,2019,"Santiago Escobar, Julia Sapiña",10.4204/eptcs.306.21,1,106,"Equational unification of two terms consists of finding a substitution that, when applied to both terms, makes them equal modulo some equational properties. Equational unification is of special relevance to automated deduction, theorem proving, protocol analysis, partial evaluation, model checking, etc. Several algorithms have been developed in the literature for specific equational theories, such as associative-commutative symbols, exclusive-or, Diffie-Hellman, or Abelian Groups. Narrowing was proved to be complete for unification and several cases have been studied where narrowing provides a decidable unification algorithm. A new narrowing-based equational unification algorithm relying on the concept of the variants of a term has been developed and it is available in the most recent version of Maude, version 2.7.1, which provides quite sophisticated unification features. A variant of a term t is a pair consisting of a substitution sigma and the canonical form of tsigma. Variant-based unification is decidable when the equational theory satisfies the finite variant property. However, it may compute many more unifiers than the necessary and, in this paper, we explore how to strengthen the variant-based unification algorithm implemented in Maude to produce a minimal set of most general variant unifiers. Our experiments suggest that this new adaptation of the variant-based unification is more efficient both in execution time and in the number of computed variant unifiers than the original algorithm available in Maude."
Extending Description Logics with Generic Concepts - the Tale of Two Semantics.,kr,2024,"Joshua Hirschbrunn, Yevgeny Kazakov",10.24963/kr.2024/43,4,108,"Description Logic (DL) ontologies often need to model similar properties for different concepts. Taking inspiration from generic classes in object-oriented programming, we introduce concept para..."
An Information-Flow Perspective on Explainability Requirements: Specification and Verification.,kr,2025,"Bernd Finkbeiner, Hadar Frenkel, Julian Siber",10.24963/kr.2025/29,5,487,Explainable systems expose information about why certain observed effects are happening to the agents interacting with them. We argue that this constitutes a positive flow of information that needs...
"Proceedings of the International Conference on Logic Programming 2022 Workshops co-located with the 38th International Conference on Logic Programming (ICLP 2022), Haifa, Israel, July 31st - August 1st, 2022.",iclp,2022,"YULIYA LIERLER, JOSE F. MORALES",10.1017/s147106842200028x,1,536,Introduction to the 38th International Conference on Logic Programming Special Issue - Volume 22 Issue 4
A Framework for Inconsistency-tolerant Reasoning with Sets of Models.,kr,2025,"Yehia Hatab, Kai Sauerwald, Matthias Thimm",10.24963/kr.2025/37,2,177,"We propose a framework for reasoning from inconsistent knowledge bases using minimal hitting sets, i. e., sets of interpretations such that each formula of the knowledge base is satisfied by at ..."
Towards Run-time Checks Simplification via Term Hiding.,iclp,2017,,10.1007/978-1-84882-314-3_10,3,131,"Type checking in Ada is designed to discover and prevent compile-time errors. However, there are some errors that can occur only at run-time; for example, input that is not in the expected format or that exceeds the range of an input variable. Run-time errors cause..."
Modeling Clique Coloring via ASP(Q).,iclp,2021,Hoifung Poon,10.33915/etd.1008,2,394,"Let G = (V, E) be a simple graph. The clique hypergraph of G, denoted as CH( G), has V as its set of vertices, and the maximal cliques as its hyperedges. Let Sk be a set of k colors. A map c : V Sk is a proper k-coloring for CH(G) if any maximal clique of G with at least two vertices receives at least two distinct colors. Let W ⊂ V, and let s ≥ 1. We say that G is (W, s)-extendible if any assignment on W with at most s colors can be extended to a proper s-coloring of CH(G). We prove that the clique hypergraphs of chordal and comparability graphs are bicolorable and that the clique hypergraphs of circular-arc graphs are 3-colorable. Our main result is the characterization of (W, 2)-extendibility for chordal graphs in the case when W=2 ."
Research Summary: Explainable Artificial Intelligence in Answer Set Programming and Machine Learning.,iclp,2025,Vladimir Lifschitz,10.1016/s0004-3702(02)00186-8,5,87,"The idea of answer set programming is to represent a given computational problem by a logic program whose answer sets correspond to solutions, and then use an answer set solver, such as smodels or dlv, to find an answer set for this program. Applications of this method to planning are related to the line of research on the frame problem that started with the invention of formal nonmonotonic reasoning in 1980."
"Front Matter, Table of Contents, Preface, List of Authors.",iclp,2016,,10.1484/m.hmantica-eb.5.152373,1,339,"Preview this chapter: Front Matter (“Table of Contents”, “Author’s Preface”, “List of Abbreviations”), Page 1 of 1 < Previous page | Next page > /docserver/preview/fulltext/10.1484/M.HMANTICA-EB.5.135830/M.HMANTICA-EB.5.152373-1.gif Hardbound ISBN: 978-1-915487-11-7 E-book ISBN: 978-1-915487-24-7 Book DOI : https://doi.org/10.1484/M.HMANTICA-EB.5.135830"
Interpretable Hybrid Machine Learning Models Using FOLD-R++ and Answer Set Programming.,iclp,2025,"Sanne Wielinga, Jesse Heyninck",10.4204/eptcs.439.9,5,567,"Machine learning (ML) techniques play a pivotal role in high-stakes domains such as healthcare, where accurate predictions can greatly enhance decision-making. However, most high-performing methods such as neural networks and ensemble methods are often opaque, limiting trust and broader adoption. In parallel, symbolic methods like Answer Set Programming (ASP) offer the possibility of interpretable logical rules but do not always match the predictive power of ML models. This paper proposes a hybrid approach that integrates ASP-derived rules from the FOLD-R++ algorithm with black-box ML classifiers to selectively correct uncertain predictions and provide human-readable explanations. Experiments on five medical reveal statistically significant performance gains in accuracy and F1 score. This study underscores the potential of combining symbolic reasoning with conventional ML to achieve high interpretability without sacrificing accuracy"
Distance-Restricted Explanations: Theoretical Underpinnings &amp; Efficient Implementation.,kr,2024,"Yacine Izza, Xuanxiang Huang, Antonio Morgado, Jordi Planes, Alexey Ignatiev, Joao Marques-Silva",10.24963/kr.2024/45,5,161,"The uses of machine learning (ML) have snowballed in recent years. In many cases, ML models are highly complex, and their operation is beyond the understanding of human decision-makers. Nevertheles..."
A System for Explainable Answer Set Programming.,iclp,2020,"Pedro Cabalar, Jorge Fandinno, Brais Muñiz",10.4204/eptcs.325.19,5,324,"We present xclingo, a tool for generating explanations from ASP programs annotated with text and labels. These annotations allow tracing the application of rules or the atoms derived by them. The input of xclingo is a markup language written as ASP comment lines, so the programs annotated in this way can still be accepted by a standard ASP solver. xclingo translates the annotations into additional predicates and rules and uses the ASP solver clingo to obtain the extension of those auxiliary predicates. This information is used afterwards to construct derivation trees containing textual explanations. The language allows selecting which atoms to explain and, in its turn, which atoms or rules to include in those explanations. We illustrate the basic features through a diagnosis problem from the literature."
Modelling Human Mental-States in an Action Language following the Theory of Planned Behavior.,iclp,2021,"Rory C. O’Connor, Christopher J. Armitage",10.4324/9781315126449-2,1,347,This chapter aims to test the efficacy of the theory of planned behavior in the domain of parasuicide and hence its efficacy as a potential screening tool. It
Grounding Rule-Based Argumentation Using Datalog.,kr,2025,"Martin Diller, Sarah Alice Gaggl, Philipp Hanisch, Giuseppina Monterosso, Fritz Rauschenbach",10.24963/kr.2025/28,5,475,"ASPIC+ is one of the main general frameworks for rule-based argumentation for AI. Although first-order rules are commonly used in ASPIC+ examples, most existing approaches to reason over rule-based..."
On the Complexity and Properties of Preferential Propositional Dependence Logic.,kr,2025,"Kai Sauerwald, Arne Meier, Juha Kontinen",10.24963/kr.2025/51,2,425,"This paper considers the complexity and properties of KLM-style preferential reasoning in the setting of propositional logic with team semantics and dependence atoms, also known as propositional de..."
Generating Concurrent Programs From Sequential Data Structure Knowledge Using Answer Set Programming.,iclp,2021,"Sarat Chandra Varanasi, Neeraj Mittal, Gopal Gupta",10.4204/eptcs.345.36,4,251,"We tackle the problem of automatically designing concurrent data structure operations given a sequential data structure specification and knowledge about concurrent behavior. Designing concurrent code is a non-trivial task even in simplest of cases. Humans often design concurrent data structure operations by transforming sequential versions into their respective concurrent versions. This requires an understanding of the data structure, its sequential behavior, thread interactions during concurrent execution and shared memory synchronization primitives. We mechanize this design process using automated commonsense reasoning. We assume that the data structure description is provided as axioms alongside the sequential code of its algebraic operations. This information is used to automatically derive concurrent code for that data structure, such as dictionary operations for linked lists and binary search trees. Knowledge in our case is expressed using Answer Set Programming (ASP), and we employ deduction and abduction -- just as humans do -- in the reasoning involved. ASP allows for succinct modeling of first order theories of pointer data structures, run-time thread interactions and shared memory synchronization. Our reasoner can systematically make the same judgments as a human reasoner, while constructing provably safe concurrent code. We present several reasoning challenges involved in transforming the sequential data structure into its equivalent concurrent version. All the reasoning tasks are encoded in ASP and our reasoner can make sound judgments to transform sequential code into concurrent code. To the best of our knowledge, our work is the first one to use commonsense reasoning to automatically transform sequential programs into concurrent code. We also have developed a tool that we describe that relies on state-of-the-art ASP solvers and performs the reasoning tasks involved to generate concurrent code."
Automated Theorem Proving for Prolog Verification.,iclp,2025,"Fred Mesnard, Thierry Marianne, Etienne Payet",10.29007/c25r,3,436,"Keyphrases : automated theorem proving , logic programming , partial correctness , prolog , termination , verification"
Actual Causality in Contextual Abduction.,iclp,2020,"Degoldie Sonny, Ari Saptawijaya, Raja Oktovin Parhasian Damanik",10.1109/icacsis51025.2020.9263160,2,11,"Causality is an important part of science and our daily life, e.g., to determine responsibility in legal arguments and causal explanations for observations. This paper presents how actual causality can be modeled by contextual abduction in logic programming. We refer to causal model of Halpern and Pearl, and translate it into a causal abductive framework. Using this framework and by treating the given actual world as the context of abduction, actual causes are computed by abducing explanations consistent to that context. We provide a procedure for computing actual causes by means of contextual abduction in Prolog and experiment with examples from the literature. The result coincides with that computed by the clausal causal theory of Bochman."
Understanding ProbLog as Probabilistic Argumentation.,iclp,2023,"Francesca Toni, Nico Potyka, Markus Ulbricht, Pietro Totis",10.4204/eptcs.385.18,4,377,"ProbLog is a popular probabilistic logic programming language/tool, widely used for applications requiring to deal with inherent uncertainties in structured domains. In this paper we study connections between ProbLog and a variant of another well-known formalism combining symbolic reasoning and reasoning under uncertainty, i.e. probabilistic argumentation. Specifically, we show that ProbLog is an instance of a form of Probabilistic Abstract Argumentation (PAA) that builds upon Assumption-Based Argumentation (ABA). The connections pave the way towards equipping ProbLog with alternative semantics, inherited from PAA/PABA, as well as obtaining novel argumentation semantics for PAA/PABA, leveraging on prior connections between ProbLog and argumentation. Further, the connections pave the way towards novel forms of argumentative explanations for ProbLog's outputs."
Faithful Differentiable Reasoning with Reshuffled Region-based Embeddings.,kr,2025,"Aleksandar Pavlovic, Emanuel Sallinger, Steven Schockaert",10.24963/kr.2025/48,1,47,Knowledge graph (KG) embedding methods learn geometric representations of entities and relations to predict plausible missing knowledge. These representations are typically assumed to capture rule-...
Action Language mA* with Higher-Order Action Observability.,kr,2024,"David Buckingham, Matthias Scheutz, Tran Cao Son, Francesco Fabiano",10.24963/kr.2024/20,2,338,"This paper presents a novel semantics for the mA* epistemic action language that takes into consideration dynamic per-agent observability of events. Different from the original mA* semantics, the o..."
Dynamic Epistemic Logic with ASP Updates: Application to Conditional Planning.,iclp,2020,,10.1007/978-1-4020-5839-4_2,3,388,"In this chapter we introduce the basic epistemic logic, to which we add a dynamic component in consecutive chapters. Epistemic logic, as it is conceived today, is very much influenced by the development of modal logic, and, in particular, by its Kripke semantics. We..."
Using Ontology to Analyze Sentiment of Comments on Vietnamese Social Media.,kr,2024,,10.53796/hnsj31027,5,445,"In light of the rapid progress in the field of information technology and the large volume of digital information, social media platforms and application stores have become rich in reviews, serving as a common source for gathering opinions for a number of fields, especially the field of banking [1]. In order for banks to benefit from these opinions, they must Analyze this huge amount of big data. We find many institutions, including banking institutions, nowadays, one of the best modern branches of machine learning is using sentiment analysis technology also known as “opinion mining” mainly to analyze the opinions of their customers by determining whether the opinion expressed in The document or sentence is positive. or negative or neutral [2]. The importance of this technology is that it helps organizations and brand owners to reveal the feelings and opinions of the general public towards a particular product or service in a faster, more comprehensive and more credible way than traditional questionnaires, as well as researchers in their research fields[3], where artificial intelligence techniques and machine learning applications have contributed to helping Entrepreneurs. Making informed decisions backed by data, which in turn contributed to improving the decision-making process, thus achieving the maximum possible return on investment [4]. This paper aims to conduct a comprehensive survey of all recent studies that use sentiment analysis technology to analyze text bank customer comments in order to discuss the tools used and find out the results. The studies were collected from reliable sources such as Google scholar and others, and they exclude studies in which text bank customer comments are analyzed using different techniques than sentiment analysis. Studies related to the study topic from 2016 to 2022 have been accessed and discussed."
Generalizing Level Ranking Constraints for Monotone and Convex Aggregates.,iclp,2023,Tomi Janhunen,10.4204/eptcs.385.12,1,592,"In answer set programming (ASP), answer sets capture solutions to search problems of interest and thus the efficient computation of answer sets is of utmost importance. One viable implementation strategy is provided by translation-based ASP where logic programs are translated into other KR formalisms such as Boolean satisfiability (SAT), SAT modulo theories (SMT), and mixed-integer programming (MIP). Consequently, existing solvers can be harnessed for the computation of answer sets. Many of the existing translations rely on program completion and level rankings to capture the minimality of answer sets and default negation properly. In this work, we take level ranking constraints into reconsideration, aiming at their generalizations to cover aggregate-based extensions of ASP in more systematic way. By applying a number of program transformations, ranking constraints can be rewritten in a general form that preserves the structure of monotone and convex aggregates and thus offers a uniform basis for their incorporation into translation-based ASP. The results open up new possibilities for the implementation of translators and solver pipelines in practice."
A framework for Conditional Reasoning in Answer Set Programming.,iclp,2025,"Mario Alviano, Laura Giordano, Daniele Theseider Dupré",10.4204/eptcs.439.13,4,399,"In this paper we introduce a Conditional Answer Set Programming framework (Conditional ASP) for the definition of conditional extensions of Answer Set Programming (ASP). The approach builds on a conditional logic with typicality, and on the combination of a conditional knowledge base with an ASP program, and allows for conditional reasoning over the answer sets of the program. The formalism relies on a multi-preferential semantics, and on the KLM preferential semantics, as a special case. Conditional entailment is encoded in ASP and a complexity upper-bound is provided."
LP2PB: Translating Answer Set Programs into Pseudo-Boolean Theories.,iclp,2020,"Wolf De Wulf, Bart Bogaerts",10.4204/eptcs.325.25,5,331,"Answer set programming (ASP) is a well-established knowledge representation formalism. Most ASP solvers are based on (extensions of) technology from Boolean satisfiability solving. While these solvers have shown to be very successful in many practical applications, their strength is limited by their underlying proof system, resolution. In this paper, we present a new tool LP2PB that translates ASP programs into pseudo-Boolean theories, for which solvers based on the (stronger) cutting plane proof system exist. We evaluate our tool, and the potential of cutting-plane-based solving for ASP on traditional ASP benchmarks as well as benchmarks from pseudo-Boolean solving. Our results are mixed: overall, traditional ASP solvers still outperform our translational approach, but several benchmark families are identified where the balance shifts the other way, thereby suggesting that further investigation into a stronger proof system for ASP is valuable."
Enhancing Compilation-based ASP Solving.,iclp,2025,"Carmine Dodaro, Giuseppe Mazzotta, Francesco Ricca",10.24963/kr.2024/30,5,413,"Answer Set Programming (ASP) is a widely recognized formalism for Knowledge Representation and Reasoning. Traditional ASP systems, that employ the ground and solve architecture, are subject to the ..."
Quantified Constraint Handling Rules.,iclp,2019,"Vincent Barichard, Igor Stéphan",10.1145/3728640,2,241,"In this article, the Quantified Constraint Satisfaction Problems (QCSPs) framework is shifted to the Quantified Constraint Handling Rules (QCHRs) framework by enabling dynamic generation of quantifiers and access to user-defined constraints. QCSP offers a natural framework to express PSPACE problems as finite two-players games. But to define a QCSP model, the alternation of quantifiers must be formerly known and cannot be built dynamically even if the worst case will not occur. To overcome this issue, the new QCHR formalism, that allows to generate quantifiers dynamically during the solving, is defined. QCHR models exhibit state-of-the-art performances on a priori fixed alternation of quantifiers and outperforms previous QCSP approaches when the generation of quantifiers is dynamic."
MASP-Reduce: A Proposal for Distributed Computation of Stable Models.,iclp,2018,Marco De Bortoli,10.4204/eptcs.306.60,1,165,"Answer Set Programming (ASP) is a famous logic language for knowledge representation, which has been really successful in the last years, as witnessed by the great interest into the development of efficient solvers for ASP. Yet, the great request of resources for certain types of problems, as the planning ones, still constitutes a big limitation for problem solving. Particularly, in the case the program is grounded before the resolving phase, an exponential blow up of the grounding can generate a huge ground file, infeasible for single machines with limited resources, thus preventing even the discovering of a single non-optimal solution. To address this problem, in this paper we present a distributed approach to ASP solving, exploiting distributed computation benefits in order to overcome the just explained limitations. The here presented tool, which is called Distributed Answer Set Coloring (DASC), is a pure solver based on the well-known Graph Coloring algorithm. DASC is part of a bigger project aiming to bring logic programming into a distributed system, started in 2017 by Federico Igne with mASPreduce and continued in 2018 by Pietro Totis with a distributed grounder. In this paper we present a low level implementation of the Graph Coloring algorithm, via the Boost and MPI libraries for C++. Finally, we provide a few results of the very first working version of our tool, at the moment without any strong optimization or heuristic."
Embedding s(CASP) in Prolog.,iclp,2022,Mehul Chandrakant Solanki,10.24124/2016/bpgub1142,3,143,",This thesis focuses on combining the two most important and wide spread declarative programming paradigms, functional and logic programming. The proposed approach aims at adding logic programming features which are native to Prolog onto Haskell. We develop extensions which replicate the target language by utilizing advanced features of the host language for an efficient implementation. The thesis aims to provide insights into merging two declarative languages namely, Haskell and Prolog by embedding the latter into the former and analyzing the results of doing so as the two languages have conflicting characteristics. The finished products will be something similar to a haskellised Prolog which has logic programming-like capabilities. --Leaf ii."
Learning Robust Reward Machines from Noisy Labels.,kr,2024,"Roko Parać, Lorenzo Nodari, Leo Ardon, Daniel Furelos-Blanco, Federico Cerutti, Alessandra Russo",10.24963/kr.2024/85,2,519,"This paper presents PROB-IRM, an approach that learns robust reward machines (RMs) for reinforcement learning (RL) agents from noisy execution traces. The key aspect of RM-driven RL is the explo..."
Strong Equivalence for LPMLN Programs.,iclp,2019,"Joohyung Lee, Man Luo",10.4204/eptcs.306.24,1,443,"LPMLN is a probabilistic extension of answer set programs with the weight scheme adapted from Markov Logic. We study the concept of strong equivalence in LPMLN, which is a useful mathematical tool for simplifying a part of an LPMLN program without looking at the rest of it. We show that the verification of strong equivalence in LPMLN can be reduced to equivalence checking in classical logic via a reduct and choice rules as well as to equivalence checking under the ""soft"" logic of here-and-there. The result allows us to leverage an answer set solver for LPMLN strong equivalence checking. The study also suggests us a few reformulations of the LPMLN semantics using choice rules, the logic of here-and-there, and classical logic."
A Dataset of Contractual Events in Court Decisions.,iclp,2023,Robert M. Guion,10.1037/e580582009-009,4,65,Not Found
Modeling and Solving Graph Synthesis Problems Using SAT-Encoded Reachability Constraints in Picat.,iclp,2021,Neng-Fa Zhou,10.4204/eptcs.345.30,1,398,Many constraint satisfaction problems involve synthesizing subgraphs that satisfy certain reachability constraints. This paper presents programs in Picat for four problems selected from the recent LP/CP programming competitions. The programs demonstrate the modeling capabilities of the Picat language and the solving efficiency of the cutting-edge SAT solvers empowered with effective encodings.
SMT-Based Constraint Answer Set Solver EZSMT (System Description).,iclp,2016,Yuting Zhao,10.14711/thesis-b810483,2,39,"Answer Set Programming (ASP) is a constraint-based programming paradigm proposed recently by AI researchers. In this paradigm one solves a problem by encoding constraints as logic program rules in such a way that the solutions to the original problem correspond to the so-called answer sets of the logic program. This new programming paradigm has found applications in problems ranging from combinatorial search problems, such as the graph coloring and Hamiltonian circuit problems, to product configuration and data encryption problems. In this dissertation, we make the following two contributions to the new programming paradigm ASP. First, we propose and implement a new ASP system using traditional SAT (propositional satisfiability) solvers. This is done by a translation from logic programs to sets of clauses in propositional logic. Our experimental results show that for many benchmark domains, our system performs better than existing specialized ASP systems. Secondly, we study the phase transition phenomenon in randomly generated logic programs, and identify a region in a class of randomly generated logic programs where the logic programs are hard for all existing ASP systems."
A Speech about Generative Datalog and Non-measurable Sets.,iclp,2021,,10.1017/9781009003797.008,2,456,This chapter contains counterexamples on measurable and non-measurable sets.
Knowledge Graphs &amp; Reasoning in Concert: Automating Regulation in Corporate Economics.,iclp,2025,,10.1049/pbpc063e_ch3,2,57,"In this chapter, we have described the semantic web stack, a comprehensive list of open standards for representing, reasoning with, querying and validating knowledge graphs. We have described different projects relying on those standards to build personal knowledge graphs, and to allow them to seamlessly interoperate with other knowledge graphs on the web. Finally, we discussed related standards for describing rules and policies, in order to express under which conditions information from personal knowledge graphs can be shared with others, in the advent of the so-called data economy. The digitization of our lives creates new complex social models. Raymond [48] described how Internet and the web created the conditions without which the open-source ecosystem could not have developed. Creating the conditions of a secure and privacy-preserving data economy in an ever more interconnected world remains an ongoing and challenging endeavor."
Copredication and Ontological Mutability.,kr,2023,Mathias Guenther,10.1007/978-3-030-21186-8_2,2,535,"The chapter lays out the analytical modus operandi for dealing with the central issue of this book: how people experience ontological mutability—a key theme of their cosmology—and how they deal with its profound phenomenological and existential implications mentally and viscerally. The matter is dealt with in general terms in Chap. 1, which lays out three avenues followed in this phenomenological consideration of transformation: a general receptiveness to ontological ambiguity; the experiential impact, on the mind and senses, of transformation; an intersection of the myth and spirit world with reality. They are the topics for the subsequent three chapters."
Fitting Ontologies and Constraints to Relational Structures.,kr,2025,"Simon Hosemann, Jean Christoph Jung, Carsten Lutz, Sebastian Rudolph",10.24963/kr.2025/40,5,547,"We study the problem of fitting ontologies and constraints to positive and negative examples that take the form of a finite relational structure. As ontology and constraint languages, we consider t..."
"Translating P-log, LPMLN, LPOD, and CR-Prolog2 into Standard Answer Set Programs.",iclp,2018,"Joohyung Lee, Zhun Yang",10.29007/d8rl,2,44,"Logic Programs with Ordered Disjunction (LPOD) is an extension of standard answer set programs to handle preference using the construct of ordered disjunction, and CR-Prolog2 is an extension of standard answer set programs with consistency restoring rules and LPOD-like ordered disjunction. We present reductions of each of these languages into the standard ASP language, which gives us an alternative way to understand the extensions in terms of the standard ASP language."
Property Directed Reachability for Planning Revisited.,kr,2023,"Ava Clifton, Charles Gretton",10.24963/kr.2023/16,2,247,"Property Directed Reachability (PDR) is a relatively new SAT-based search paradigm for classical AI planning. Compared to earlier SAT-based paradigms, PDR proceeds without unrolling the system tran..."
Abstractions of Queries in Ontology-Based Data Access.,kr,2025,"Michel Leclère, Marie-Laure Mugnier, Guillaume Pérution-Kihli",10.24963/kr.2025/43,4,471,"In ontology-based data access (OBDA), multiple data sources are integrated via mappings to an ontology. We consider an OBDA setting based on existential rules and the certain answer semantics. We a..."
Mutex Graphs and Multicliques: Reducing Grounding Size for Planning.,iclp,2019,"David Spies, Jia-Huai You, Ryan Hayward",10.4204/eptcs.306.20,1,276,"We present an approach to representing large sets of mutual exclusions, also known as mutexes or mutex constraints. These are the types of constraints that specify the exclusion of some properties, events, processes, and so on. They are ubiquitous in many areas of applications. The size of these constraints for a given problem can be overwhelming enough to present a bottleneck for the solving efficiency of the underlying solver. In this paper, we propose a novel graph-theoretic technique based on multicliques for a compact representation of mutex constraints and apply it to domain-independent planning in ASP. As computing a minimum multiclique covering from a mutex graph is NP-hard, we propose an efficient approximation algorithm for multiclique covering and show experimentally that it generates substantially smaller grounding size for mutex constraints in ASP than the previously known work in SAT."
Grounded Fixpoints and Active Integrity Constraints.,iclp,2016,"Bart Bogaerts, Joost Vennekens, Marc Denecker",10.1609/aaai.v29i1.9388,2,541,"Abstract Algebraical fixpoint theory is an invaluable instrument for studying semantics of logics. For example, all major semantics of logic programming, autoepistemic logic, default logic and more recently, abstract argumentation have been shown to be induced by the different types of fixpoints defined in approximation fixpoint theory (AFT). In this paper, we add a new type of fixpoint to AFT: a grounded fixpoint of lattice operator O : L → L is defined as a lattice element x ∈ L such that O(x) = x and for all v ∈ L such that O(v ∧ x) ≤ v, it holds that x ≤ v. On the algebraical level, we show that all grounded fixpoints are minimal fixpoints approximated by the well-founded fixpoint and that all stable fixpoints are grounded. On the logical level, grounded fixpoints provide a new mathematically simple and compact type of semantics for any logic with a (possibly non-monotone) semantic operator. We explain the intuition underlying this semantics in the context of logic programming by pointing out that grounded fixpoints of the immediate consequence operator are interpretations that have no non-trivial unfounded sets. We also analyse the complexity of the induced semantics. Summarised, grounded fixpoint semantics is a new, probably the simplest and most compact, element in the family of semantics that capture basic intuitions and principles of various non-monotonic logics."
Computing H-Partitions in ASP and Datalog.,iclp,2022,"R. S. Bird, O. de Moor",10.1007/bf01211316,3,520,"By definition, apartition of a list is a division of that list into nonempty contiguous segments. Many programming and operations research problems can be specified in terms of list partitions, and we present a hierarchy of theorems for deriving programs from such specifications. Throughout, reasoning is conducted in an equational style using the calculus for program synthesis developed by Bird and Meertens."
Mathematical Foundations for Joining Only Knowing and Common Knowledge.,kr,2023,"Marcos Cramer, Samuele Pollaci, Bart Bogaerts",10.24963/kr.2023/17,5,503,"Common knowledge and only knowing capture two intuitive and natural notions that have proven to be useful in a variety of settings, for example to reason about coordination or agreement between age..."
A Normative Model of Explanation for Binary Classification Legal AI and Its Implementation on Causal Explanations of Answer Set Programming.,iclp,2022,Haodi Zhang,10.14711/thesis-b1584877,5,147,"In logic-based AI, formal reasoning about action has been a central topic. The main challenges have been the frame and the ramification problems. To solve them, there has been much work on causal action theories and several action languages for these theories have been proposed. We propose a new approach to characterize action languages in form of postulates. We first consider a language for writing causal action theories, and postulate several properties for the state transition models of these theories. We then consider their implementations in logic programs with answer set semantics. In particular, we propose to consider what we call permissible translations from these causal action theories to logic programs. First, for a small language, we use a computer program to systematically examine all causal theories, and identify a minimal set of postulates that yields a unique permissible mapping under strong equivalence. We then prove that the result holds in the general case for any language as well. This approach is quite general and can be used to evaluate and to compare action languages. And we use this approach to give characterizations of three representative action languages, B, C and BC, and to compare them based on our new characterization."
Solving Assembly Line Workload Smoothing Problem via Answer Set Programming.,iclp,2020,Omar El-Khatib,10.1109/csci.2016.0098,2,189,"Answer set programming (ASP) is a new programming language paradigm combining the declarative aspect with non-monotonic reasoning. In this paper, we will investigate and evaluate an application of Simple Assembly Line Balancing Problem in Answer Set Programming. The problem is a highly combinatorial and is generally solved by specific programs. We present an approach to solve the simple assembly line balancing problem in Answer Set Programming and compare them with the standard ones. It turns out that, although Answer Set Programming greatly simplifies the problem statement. It is comparable in efficiency to specialized programs."
Extending Answer Set Programs with Neural Networks.,iclp,2020,Zhun Yang,10.4204/eptcs.325.41,5,113,"The integration of low-level perception with high-level reasoning is one of the oldest problems in Artificial Intelligence. Recently, several proposals were made to implement the reasoning process in complex neural network architectures. While these works aim at extending neural networks with the capability of reasoning, a natural question that we consider is: can we extend answer set programs with neural networks to allow complex and high-level reasoning on neural network outputs? As a preliminary result, we propose NeurASP -- a simple extension of answer set programs by embracing neural networks where neural network outputs are treated as probability distributions over atomic facts in answer set programs. We show that NeurASP can not only improve the perception accuracy of a pre-trained neural network, but also help to train a neural network better by giving restrictions through logic rules. However, training with NeurASP would take much more time than pure neural network training due to the internal use of a symbolic reasoning engine. For future work, we plan to investigate the potential ways to solve the scalability issue of NeurASP. One potential way is to embed logic programs directly in neural networks. On this route, we plan to first design a SAT solver using neural networks, then extend such a solver to allow logic programs."
"A Singly Exponential Transformation of LTL[X, F] into Pure Past LTL.",kr,2023,"Alessandro Artale, Luca Geatti, Nicola Gigante, Andrea Mazzullo, Angelo Montanari",10.24963/kr.2023/7,1,515,"Confronting the past can be hard. This is true even in Linear Temporal Logic (LTL), interpreted on either infinite or finite traces, when faced with the problem of transforming a temporally future ..."
An Epistemic Theory of Deductive Arguments.,kr,2025,Emiliano Lorini,10.24963/kr.2025/44,5,125,"Epistemic logic and the theory of argumentation have only very recently started to interact, despite the central role that the epistemic view of argument plays in contemporary epistemology. In t..."
Statistical Syllogistic Tableaux.,iclp,2024,"Domenico Cantone, Eugenio Omodeo, Alberto Policriti",10.1007/978-1-4757-3452-2_14,2,58,"Over the last few decades, tableau calculi have been developed for various kinds of logics, such as intuitionistic logics, modal and temporal logics, nonmonotonic logics, many-valued logics, relevance logics, etc., thanks to the flexibility of the tableau method and..."
Empowering Public Interest Communication with Argumentation - Project Report (short paper).,iclp,2025,Alejandra Casas Niño de Rivera,10.59350/yvcg5-eb965,1,442,"It has been a long time since we last reported on the activities of PKP’s Documentation Interest Group (DIG), and we’re very excited to let you know about some of the things we’ve worked on, new and old! With the resumption of conferences and other in-person events, we’ve also had the opportunity to directly solicit […]"
Hybrid Answer Set Programming: Foundations and Applications.,iclp,2024,Nicolas Rühling,10.4204/eptcs.416.38,5,215,"Answer Set Programming (ASP) is a powerful tool for solving real-world problems. However, many problems involve numeric values and complex constraints beyond the capabilities of standard ASP solvers. Hybrid solvers like CLINGCON and CLINGO[DL] address this by using specialized methods for specific constraints. However, these solvers lack a strong theoretical foundation. This issue has first been addressed by introducing the Logic of Here-and-There with constraints (HT_c) as an extension of the Logic of Here-and-There (HT) and its non-monotone extension Equilibrium Logic. Nowadays, HT serves as a logical foundation for ASP and has facilitated a broader understanding of this paradigm. The idea is that HTC (and other extensions) play an analogous role for hybrid ASP. There remain many open questions about these logics regarding their fundamental characteristics as well as their practical use in solvers, ie. how they can guide the implementation. Having a formal understanding of these hybrid logics is also needed to better understand the inherent structure of the (real-world) problems they are applied to and to improve their representations in ASP. As an example of an application of ASP we use product configuration."
Natlog: Embedding Logic Programming into the Python Deep-Learning Ecosystem.,iclp,2023,Paul Tarau,10.4204/eptcs.385.15,5,267,"Driven by expressiveness commonalities of Python and our Python-based embedded logic-based language Natlog, we design high-level interaction patterns between equivalent language constructs and data types on the two sides. By directly connecting generators and backtracking, nested tuples and terms, coroutines and first-class logic engines, reflection and meta-interpretation, we enable logic-based language constructs to access the full power of the Python ecosystem. We show the effectiveness of our design via Natlog apps working as orchestrators for JAX and Pytorch pipelines and as DCG-driven GPT3 and DALL.E prompt generators. Keyphrases: embedding of logic programming in the Python ecosystem, high-level inter-paradigm data exchanges, coroutining with logic engines, logic-based neuro-symbolic computing, logic grammars as prompt-generators for Large Language Models, logic-based neural network configuration and training."
probKanren: A Simple Probabilistic Extension for microKanren.,iclp,2021,Rohit Dhormare,10.20944/preprints202506.0043.v1,3,204,"Abstract We develop a novel framework connecting quantum mechanics with gravitational geometry through a deformation of probability amplitudes. Inspired by Rohit Dhormare’s geometric formulation of probability under gravitational fields, we reinterpret the influence of curvature on probability not within classical settings, but in the domain of quantum amplitudes. We propose a quantum probabilistic manifold where space-time curvature induces topological and metric deformations on Hilbert space projections, affecting interference, measurement outcomes, and entropy. This formulation offers new pathways for understanding quantum gravity, decoherence, and information localization."
A Brief Discussion about the Credal Semantics for Probabilistic Answer Set Programs.,iclp,2023,Damiano Azzolini,10.4204/eptcs.385.30,5,146,"PASTA is a novel framework to perform inference, both exact and approximate, in Probabilistic Answer Set Programming under the Credal Semantics and to solve other related tasks, such as abduction, decision theory, maximum a posteriori inference, and parameter learning. Moreover, it also allows the expression of statistical statements. This paper shows the overall structure of the PASTA tool as well as some of the main options."
Inductive Learning of Declarative Domain-Specific Heuristics for ASP.,iclp,2023,Richard Comploi-Taupe,10.4204/eptcs.385.14,4,209,"Domain-specific heuristics are a crucial technique for the efficient solving of problems that are large or computationally hard. Answer Set Programming (ASP) systems support declarative specifications of domain-specific heuristics to improve solving performance. However, such heuristics must be invented manually so far. Inventing domain-specific heuristics for answer-set programs requires expertise with the domain under consideration and familiarity with ASP syntax, semantics, and solving technology. The process of inventing useful heuristics would highly profit from automatic support. This paper presents a novel approach to the automatic learning of such heuristics. We use Inductive Logic Programming (ILP) to learn declarative domain-specific heuristics from examples stemming from (near-)optimal answer sets of small but representative problem instances. Our experimental results indicate that the learned heuristics can improve solving performance and solution quality when solving larger, harder instances of the same problem."
Qiana: A First-Order Formalism to Quantify over Contexts and Formulas.,kr,2024,"Simon Coumes, Pierre-Henri Paris, François Schwarzentruber, Fabian Suchanek",10.1613/jair.1.18402,2,148,"We introduce Qiana, a logic framework for reasoning on formulas that are true only in specific contexts. In Qiana, it is possible to quantify over both formulas and contexts to express, e.g., that “everyone knows everything Alice says”. Qiana also permits paraconsistent logics within contexts, so that contexts can contain contradictions. Furthermore, Qiana is based on first-order logic, and is finitely axiomatizable, so that Qiana theories are compatible with pre-existing first-order logic theorem provers. We show how Qiana can be used to represent temporality, event calculus, and modal logic. We also discuss different design alternatives of Qiana."
On Verifying and Generating Robust Plans for Planning Tasks with Exogenous Events.,kr,2024,"Lukas Chrpa, Erez Karpas",10.24963/kr.2024/26,2,472,"Planning and acting under the presence of exogenous events brings a number of challenges as events might modify the environment without the consent of the acting agent. Consequently, the agent's pl..."
Probabilistic Declarative Process Mining.,iclp,2025,"Anti Alman, Fabrizio Maria Maggi, Marco Montali, Rafael Peñaloza",10.1016/j.is.2022.102033,4,563,"In a variety of application domains, (business) processes are intrinsically uncertain. Surprisingly, only very few languages and techniques in BPM consider uncertainty as a first-class citizen. This is also the case in declarative processes, which typically require that process executions satisfy all the elicited process constraints. We counteract this limitation by introducing the notion of probabilistic process constraint. We show how to characterize the semantics of probabilistic process constraints through the interplay of time and probability, and how it is possible to reason over such constraints by loosely coupling temporal and probabilistic reasoning. We then rely on this approach to redefine several key process mining tasks in the light of uncertainty. First, we discuss how probabilistic constraints can be discovered from event data by employing, off-the-shelf, existing algorithms for declarative process discovery. Second, we study how to carry out monitoring, obtaining a setting where a monitored partial trace may be in multiple monitoring states at the same time, though with different probabilities. Third, we handle conformance checking both at the trace and event log level, in the latter case providing a notion of earth mover’s distance that suits with our context. All the presented techniques have been implemented in proof-of-concept prototypes."
Revisiting Inferential Benchmarks for Knowledge Graph Completion.,kr,2023,"Shuwen Liu, Bernardo Cuenca Grau, Ian Horrocks, Egor V. Kostylev",10.24963/kr.2023/45,4,484,Knowledge Graph (KG) completion is the problem of extending an incomplete KG with missing facts. A key feature of Machine Learning approaches for KG completion is their ability to learn inference p...
Platform for Introducing Logic Programming in Bulgarian Secondary Schools - IDEAS (Intelligent Data Educational Analysis System).,iclp,2025,"Veneta Tabakova-Komsalova, Ivan Stoyanov, George Cholakov, Magdalena Maglizhanova",10.18421/tem134-56,1,355,"This article proposes a project aimed at introducing secondary school students to artificial intelligence and logic programming using the Prolog language. In commemoration of the 50th anniversary of Prolog’s development, the authors participate in the international initiative “Prolog Education and Thinking” through the “Digital Bulgaria in Prolog” activity, implemented in Bulgarian secondary schools. The article offers a concise overview of a STEM (Science, Technology, Engineering, and Mathematics) educational program and training for secondary school students in Bulgaria. STEM serves as a project-based learning approach, fostering students’ understanding of multiple disciplines and utilizing diverse technologies to enhance their skills. Additionally, the article showcases examples of student initiatives spanning natural sciences, informatics, humanities, culture, and art, illustrating the interdisciplinary nature of STEM education."
Automated Planning with Ontologies Under Coherence Update Semantics.,kr,2025,"Stefan Borgwardt, Duy Nhu, Gabriele Röger",10.24963/kr.2025/72,5,277,Standard automated planning employs first-order formulas under closed-world semantics to achieve a goal with a given set of actions from an initial state. We follow a line of research that aims to ...
Blending Grounding and Compilation for Efficient ASP Solving.,kr,2024,"Carmine Dodaro, Giuseppe Mazzotta, Francesco Ricca",10.24963/kr.2024/30,4,137,"Answer Set Programming (ASP) is a widely recognized formalism for Knowledge Representation and Reasoning. Traditional ASP systems, that employ the ground and solve architecture, are subject to the ..."
Quantitative and Stream Extensions of Answer Set Programming.,iclp,2021,Rafael Kiesel,10.4204/eptcs.345.43,4,270,"Answer Set Programming has separately been extended with constraints, to the streaming domain, and with capabilities to reason over the quantities associated with answer sets. We propose the introduction and analysis of a general framework that incorporates all three directions of extension by exploiting the strengths of Here-and-There Logic and Weighted Logic."
Preference-Based Abstract Argumentation for Case-Based Reasoning.,kr,2024,"Adam Gould, Guilherme Paulino-Passos, Seema Dadhania, Matthew Williams, Francesca Toni",10.24963/kr.2024/37,3,164,"In the pursuit of enhancing the efficacy and flexibility of interpretable, data-driven classification models, this work introduces a novel incorporation of user-defined preferences with Abstract Ar..."
exp(ASPc) : Explaining ASP Programs with Choice Atoms and Constraint Rules.,iclp,2021,"Ly Ly Trieu, Tran Cao Son, Marcello Balduccini",10.4204/eptcs.345.28,5,323,"We present an enhancement of exp(ASP), a system that generates explanation graphs for a literal l - an atom a or its default negation ~a - given an answer set A of a normal logic program P, which explain why l is true (or false) given A and P. The new system, exp(ASPc), differs from exp(ASP) in that it supports choice rules and utilizes constraint rules to provide explanation graphs that include information about choices and constraints."
Symmetries and Expressive Requirements for Learning General Policies.,kr,2024,"Dominik Drexler, Simon Ståhlberg, Blai Bonet, Hector Geffner",10.24963/kr.2024/79,2,589,"State symmetries play an important role in planning and generalized planning. In the first case, state symmetries can be used to reduce the size of the search; in the second, to reduce the size of ..."
Routing and Scheduling in different ways: Abridged Preliminary Report.,iclp,2023,,10.1021/acs.iecr.8b00799.s001,1,422,Simultaneous Scheduling and Routing of Pipeless Plants in Different Layouts
Advancing Interactive Explainable AI via Belief Change Theory.,kr,2024,"Antonio Rago, Maria Vanina Martinez",10.24963/kr.2024/87,5,229,"As AI models become ever more complex and intertwined in humansâ daily lives, greater levels of interactivity of explainable AI (XAI) methods are needed. In this paper, we propose the use of belief..."
Inconsistency Handling in Prioritized Databases with Universal Constraints: Complexity Analysis and Links with Active Integrity Constraints.,kr,2023,"Meghyn Bienvenu, Camille Bourgaux",10.24963/kr.2023/10,2,14,"This paper revisits the problem of repairing and querying inconsistent databases equipped with universal constraints. We adopt symmetric difference repairs, in which both deletions and additions of..."
Tabling Optimization for Contextual Abduction.,iclp,2020,"Ridhwan Dewoprabowo, Ari Saptawijaya",10.4204/eptcs.325.20,3,349,"Tabling for contextual abduction in logic programming has been introduced as a means to store previously obtained abductive solutions in one context to be reused in another context. This paper identifies a number of issues in the existing implementations of tabling in contextual abduction and aims to mitigate the issues. We propose a new program transformation for integrity constraints to deal with their proper application for filtering solutions while also reducing the table memory usage. We further optimize the table memory usage by selectively picking predicates to table and by pragmatically simplifying the representation of the problem. The evaluation of our proposed approach, on both artificial and real world problems, shows that they improve the scalability of tabled abduction compared to previous implementations."
Formally Explaining Decision Tree Models with Answer Set Programming.,iclp,2025,"Akihiro Takemura, Masayuki Otani, Katsumi Inoue",10.4204/eptcs.439.29,5,564,"Decision tree models, including random forests and gradient-boosted decision trees, are widely used in machine learning due to their high predictive performance. However, their complex structures often make them difficult to interpret, especially in safety-critical applications where model decisions require formal justification. Recent work has demonstrated that logical and abductive explanations can be derived through automated reasoning techniques. In this paper, we propose a method for generating various types of explanations, namely, sufficient, contrastive, majority, and tree-specific explanations, using Answer Set Programming (ASP). Compared to SAT-based approaches, our ASP-based method offers greater flexibility in encoding user preferences and supports enumeration of all possible explanations. We empirically evaluate the approach on a diverse set of datasets and demonstrate its effectiveness and limitations compared to existing methods."
On Feasibility of Declarative Diagnosis.,iclp,2023,Włodzimierz Drabent,10.4204/eptcs.385.20,2,70,"The programming language Prolog makes declarative programming possible, at least to a substantial extent. Programs may be written and reasoned about in terms of their declarative semantics. All the advantages of declarative programming are however lost when it comes to program debugging. This is because the Prolog debugger is based solely on the operational semantics. Declarative methods of diagnosis (i.e. locating errors in programs) exist, but are neglected. This paper discusses their possibly main weaknesses and shows how to overcome them. We argue that useful ways of declarative diagnosis of logic programs exist, and should be usable in actual programming."
Learning ASP Domain-specific Heuristics using Transformers.,iclp,2025,Marcello Balduccini,10.3233/aic-2011-0493,5,303,"In spite of the improvements in the performance of many solvers for model-based languages, it is still possible for the search algorithm to focus on the wrong areas of the search space, preventing the solver from returning a solution in an acceptable amount of time. This prospect is a real concern e.g. in an industrial setting, where users typically expect consistent performance. To overcome this problem, we propose a framework that allows learning and using domain-specific heuristics in the solvers. The learning is done offline, on representative instances from the target domain, and the learned heuristics are then used for choice-point selection. In this paper we focus on Answer Set Programming (ASP) solvers. In our experiments, the introduction of domain-specific heuristics improved performance quite substantially on hard instances, and in particular made overall performance more consistent by reducing the number of cases in which the solver timed out."
// Efficient Declarative Solutions in Picat for Optimal Multi-Agent Pathfinding.,iclp,2017,"Roman Bartak, Neng-Fa Zhou, Roni Stern, Eli Boyarski, Pavel Surynek",10.1109/ictai.2017.00147,1,382,"The multi-agent pathfinding (MAPF) problem has attracted considerable attention because of its relation to practical applications. In this paper, we present a constraint-based declarative model for MAPF, together with its implementation in Picat, a logic-based programming language. We show experimentally that our Picat-based implementation is highly competitive and sometimes outperforms previous approaches. Importantly, the proposed Picat implementation is very versatile. We demonstrate this by showing how it can be easily adapted to optimize different MAPF objectives, such as minimizing makespan or minimizing the sum of costs, and for a range of MAPF variants. Moreover, a Picat-based model can be automatically compiled to several general-purpose solvers such as SAT solvers and Mixed Integer Programming solvers (MIP). This is particularly important for MAPF because some MAPF variants are solved more efficiently when compiled to SAT while other variants are solved more efficiently when compiled to MIP. We analyze these differences and the impact of different declarative models and encodings on empirical performance."
Tree-Like Justification Systems are Consistent.,iclp,2022,"Simon Marynissen, Bart Bogaerts",10.4204/eptcs.364.1,1,539,Justification theory is an abstract unifying formalism that captures semantics of various non-monotonic logics. One intriguing problem that has received significant attention is the consistency problem: under which conditions are justifications for a fact and justifications for its negation suitably related. Two variants of justification theory exist: one in which justifications are trees and one in which they are graphs. In this work we resolve the consistency problem once and for all for the tree-like setting by showing that all reasonable tree-like justification systems are consistent.
Depth-Bounded Epistemic Planning.,kr,2025,"Thomas Bolander, Alessandro Burigana, Marco Montali",10.24963/kr.2025/70,1,288,"We propose a novel algorithm for epistemic planning based on dynamic epistemic logic (DEL). The novelty is that we limit the depth of reasoning of the planning agent to an upper bound b, meaning th..."
Link Prediction in Knowledge Graphs with Probabilistic Logic Programming: Work in Progress.,iclp,2023,"LUIGI BELLOMARINI, ELEONORA LAURENZA, EMANUEL SALLINGER, EVGENY SHERKHONOV",10.1017/s1471068422000412,4,482,Swift Markov Logic for Probabilistic Reasoning on Knowledge Graphs - Volume 23 Issue 3
Nemo: First Glimpse of a New Rule Engine.,iclp,2023,"Alex Ivliev, Stefan Ellmauthaler, Lukas Gerlach, Maximilian Marx, Matthias Meißner, Simon Meusel, Markus Krötzsch",10.4204/eptcs.385.35,2,179,"This system demonstration presents Nemo, a new logic programming engine with a focus on reliability and performance. Nemo is built for data-centric analytic computations, modelled in a fully declarative Datalog dialect. Its scalability for these tasks matches or exceeds that of leading Datalog systems. We demonstrate uses in reasoning with knowledge graphs and ontologies with 10^5 to 10^8 input facts, all on a laptop. Nemo is written in Rust and available as a free and open source tool."
"Proceedings 39th International Conference on Logic Programming, ICLP 2023, Imperial College London, UK, 9th July 2023 - 15th July 2023.",iclp,2023,", Zhaoyang Jacopo Hu, Longrui Chen, , Yanpei Huang, , Etienne Burdet, , Ferdinando Rodriguez Y Baena,",10.31256/hsmr2023.57,1,133,"Supervisory methods in shared control allow a dynamic adjustment of the level of autonomy in a surgical robot based on the current task demands and the capabilities of the human operator. Several benchmarks [1] are available to evaluate the performance of these controllers, however the operator can struggle with the task due to inexperience or limited environmental information. In this paper, we propose an admittance control strategy based on guidance priority adaptation to enable a human operator to assume a supervisory role during one-handed peg transfer task (Figure 1). We implement an epsilongreedy maximum entropy inverse reinforcement learning (EG MaxEnt IRL) [2] algorithm to enable an agent to control the surgical tool in a virtual environment while the human supervises the procedure. We successfully implement the proposed method and observe that the supervisory method can be further improved with a cooperative control, specifically a segmented control"
A Low-Level Index for Distributed Logic Programming.,iclp,2020,Thomas Prokosch,10.4204/eptcs.325.40,2,191,"A distributed logic programming language with support for meta-programming and stream processing offers a variety of interesting research problems, such as: How can a versatile and stable data structure for the indexing of a large number of expressions be implemented with simple low-level data structures? Can low-level programming help to reduce the number of occur checks in Robinson's unification algorithm? This article gives the answers."
Learning and Contesting Assumption-based Argumentation Frameworks (Invited Talk).,iclp,2025,"Ofer Arieli, Jesse Heyninck",10.2139/ssrn.4850544,2,304,"In this paper, we consider assumption-based argumentation frameworks that are based on contrapositive logics and partially-ordered preference functions. It is shown that these structures provide a general and solid platform for representing and reasoning with conflicting and prioritized arguments. Two useful properties of the preference functions are identified (selectivity and max-lower-boundedness), and extended forms of attacks relations are supported (existential attacks and universal attacks), which assure several desirable properties and a variety of formal settings for argumentation-based conclusion drawing. These two variations of attacks may be further extended to collective attacks. Such (existential or universal) collective attacks allow to challenge a collective of assertions rather than single assertions. We show that these extensions not only enhance the expressive power of the framework, but in certain cases also enable more rational patterns of reasoning with conflicting assertions."
Imperative Program Synthesis from Answer Set Programs.,iclp,2019,Sarat Chandra Varanasi,10.4204/eptcs.306.55,4,78,Our research concerns generating imperative programs from Answer Set Programming Specifications. ASP is highly declarative and is ideal for writing specifications. Further with negation-as-failure it is easy to succinctly represent combinatorial search problems. We are currently working on synthesizing imperative programs from ASP programs by turning the negation into useful computations. This opens up a novel way to synthesize programs from executable specifications.
Generating Local Search Neighborhood with Synthesized Logic Programs.,iclp,2019,"Mateusz Ślażyński, Salvador Abreu, Grzegorz J. Nalepa",10.4204/eptcs.306.22,5,122,"Local Search meta-heuristics have been proven a viable approach to solve difficult optimization problems. Their performance depends strongly on the search space landscape, as defined by a cost function and the selected neighborhood operators. In this paper we present a logic programming based framework, named Noodle, designed to generate bespoke Local Search neighborhoods tailored to specific discrete optimization problems. The proposed system consists of a domain specific language, which is inspired by logic programming, as well as a genetic programming solver, based on the grammar evolution algorithm. We complement the description with a preliminary experimental evaluation, where we synthesize efficient neighborhood operators for the traveling salesman problem, some of which reproduce well-known results."
A Reduct-based Approach to Skeptical Preferred Reasoning in Abstract Argumentation.,kr,2025,"Lars Bengel, Julian Sander, Matthias Thimm",10.24963/kr.2025/13,3,36,"We consider abstract argumentation frameworks and, in particular, the problem of skeptical reasoning wrt. preferred semantics, i.e., deciding whether a given argument is contained in every preferre..."
"On Conflict-free Labellings - Realizability, Construction and Patterns of Redundancy.",kr,2023,"Ringo Baumann, Anne-Marie Heine",10.24963/kr.2023/70,5,208,"The paper deals with the topic of realizability in abstract argumentation. More precisely, we consider the most basic kind of labellings, so-called conflict-free labellings. The understanding of th..."
LP-LM: No Hallucinations in Question Answering with Logic Programming.,iclp,2024,"Katherine Wu, Yanhong A. Liu",10.4204/eptcs.416.5,3,333,"Large language models (LLMs) are able to generate human-like responses to user queries. However, LLMs exhibit inherent limitations, especially because they hallucinate. This paper introduces LP-LM, a system that grounds answers to questions in known facts contained in a knowledge base (KB), facilitated through semantic parsing in Prolog, and always produces answers that are reliable. LP-LM generates a most probable constituency parse tree along with a corresponding Prolog term for an input question via Prolog definite clause grammar (DCG) parsing. The term is then executed against a KB of natural language sentences also represented as Prolog terms for question answering. By leveraging DCG and tabling, LP-LM runs in linear time in the size of input sentences for sufficiently many grammar rules. Performing experiments comparing LP-LM with current well-known LLMs in accuracy, we show that LLMs hallucinate on even simple questions, unlike LP-LM."
Order-Sorted Intensional Logic: Expressing Subtyping Polymorphism with Typing Assertions and Quantification over Concepts.,iclp,2024,"Đorđe Marković, Marc Denecker",10.4204/eptcs.416.22,1,154,"Subtyping, also known as subtype polymorphism, is a concept extensively studied in programming language theory, delineating the substitutability relation among datatypes. This property ensures that programs designed for supertype objects remain compatible with their subtypes. In this paper, we explore the capability of order-sorted logic for utilizing these ideas in the context of Knowledge Representation. We recognize two fundamental limitations: First, the inability of this logic to address the concept rather than the value of non-logical symbols, and second, the lack of language constructs for constraining the type of terms. Consequently, we propose guarded order-sorted intensional logic, where guards are language constructs for annotating typing information and intensional logic provides support for quantification over concepts."
Optimisation and Approximation in Abstract Argumentation: The Case of Admissibility.,kr,2024,"Kenneth Skiba, Matthias Thimm",10.24963/kr.2024/63,3,310,"We propose two soft notions of the notion of admissibility in abstract argumentation. The first one weakens the defence notion by allowing, to a certain degree, undefended attacks, and the second o..."
A Logic-based Multi-agent System for Ethical Monitoring and Evaluation of Dialogues.,iclp,2021,"Abeer Dyoub, Stefania Costantini, Ivan Letteri, Francesca A. Lisi",10.4204/eptcs.345.32,2,594,"Dialogue Systems are tools designed for various practical purposes concerning human-machine interaction. These systems should be built on ethical foundations because their behavior may heavily influence a user (think especially about children). The primary objective of this paper is to present the architecture and prototype implementation of a Multi Agent System (MAS) designed for ethical monitoring and evaluation of a dialogue system. A prototype application, for monitoring and evaluation of chatting agents' (human/artificial) ethical behavior in an online customer service chat point w.r.t their institution/company's codes of ethics and conduct, is developed and presented. Future work and open issues with this research are discussed."
"Strategy Logic, Imperfect Information, and Hyperproperties.",kr,2025,"Raven Beutner, Bernd Finkbeiner",10.24963/kr.2025/15,3,61,"Strategy logic (SL) is a powerful temporal logic that enables first-class reasoning over strategic behavior in multi-agent systems (MAS). In many MASs, the agents (and their strategies) cannot obse..."
Halting Recurrent GNNs and the Graded mu-Calculus.,kr,2025,"Jeroen Bollen, Jan Van den Bussche, Stijn Vansummeren, Jonni Virtema",10.24963/kr.2025/18,2,463,Graph Neural Networks (GNNs) are a class of machine-learning models that operate on graph-structured data. Their expressive power is intimately related to logics that are invariant under graded bi...
Constrained Default Logic Programming.,iclp,2022,David Poole,10.1093/oso/9780198537472.003.0004,4,494,"In nonmonotonic reasoning we want to reach conclusions that we may not reach if we had more information. There seem to be two ways to handle this; we could change the logic to be defeasible, or we could allow some premises of the logical argument that may not be allowed when new information is received."
On the Potential of CLIP for Compositional Logical Reasoning.,iclp,2023,Justin Brody,10.4204/eptcs.385.10,2,302,"In this paper we explore the possibility of using OpenAI's CLIP to perform logically coherent grounded visual reasoning. To that end, we formalize our terms and give a geometric analysis of how embeddings in CLIP's latent space would need to be configured in order for the system to be logically coherent. Our main conclusion is that, as usually configured, CLIP cannot perform such reasoning."
Integration of Logical English and s(CASP).,iclp,2022,,10.3403/01582237,4,170,BS ISO 13584-20:1998: The Standard for Industrial automation systems and integration. Parts library - Logical resource: Logical model of expressions
Iterative ASP Pipelines: Enhancements for Robots Playing Mobile Games.,iclp,2025,,10.1201/b14610-10,4,5,We have seen the various types of actuator motors and drive systems to power the robot motion. The most prominent form of drive used in robotics is electrical
On the Translation of ASP Rules to (Controlled) Natural Language Sentences.,iclp,2025,"SIMONE CARUSO, CARMINE DODARO, MARCO MARATEA, MARCO MOCHI, FRANCESCO RICCIO",10.1017/s1471068423000388,4,375,CNL2ASP: Converting Controlled Natural Language Sentences into ASP - Volume 24 Issue 2
A Methodology for Incompleteness-Tolerant and Modular Gradual Semantics for Argumentative Statement Graphs.,kr,2025,"Antonio Rago, Stylianos Loukas Vasileiou, Son Tran, Francesca Toni, William Yeoh",10.24963/kr.2025/49,2,499,"Gradual semantics (GS) have demonstrated great potential in argumentation, in particular for deploying quantitative bipolar argumentation frameworks (QBAFs) in a number of real-world settings, f..."
Gradient-Based Supported Model Computation in Vector Spaces.,iclp,2021,"Taisuke Sato, Chiaki Sakama, Katsumi Inoue",10.5220/0009093407580765,4,6,"We propose a linear algebraic approach to computing 2-valued and 3-valued completion semantics of finite propositional normal logic programs in vector spaces. We first consider 3-valued completion semantics and construct the least 3-valued model of comp(DB), i.e. the iff (if-and-only-if) completion of a propositional normal logic program DB in Kleene’s 3-valued logic which has three truth values {t(true), f(false), ⊥(undefined)}. The construction is carried out in a vector space by matrix operations applied to the matricized version of a dualized logic program DBd of DB. DBd is a definite clause program compiled from DB and used to compute the success set P∞ as true atoms and finite failure set N∞ as false atoms that constitute the least 3-valued model I∞ = (P∞,N∞) of comp(DB). We then construct a supported model of DB, i.e. a 2-valued model of comp(DB) by carefully assigning t or f to undefined atoms not in P∞ or N∞ so that the resulting model is 2-valued and supported. The assigning process is guided by an atom dependency relation on undefined atoms. We implemented our proposal by matrix operations and conducted an experiment with random normal logic programs which demonstrated the effectiveness of our linear algebraic approach to computing completion semantics. (Less)"
Abstraction in Assumption-based Argumentation.,kr,2024,"Iosif Apostolakis, Zeynep G. Saribatur, Johannes P. Wallner",10.24963/kr.2024/5,5,194,Approaches to computational argumentation provide foundational ways to reason argumentatively within Artificial Intelligence (AI). The underlying formal approaches can oftentimes be classified into...
Model Checking Linear Temporal Logic with Standpoint Modalities.,kr,2025,"Rajab Aghamov, Christel Baier, Toghrul Karimov, Rupak Majumdar, Joël Ouaknine, Jakob Piribauer, Timm Spork",10.24963/kr.2025/1,2,477,"Standpoint linear temporal logic (SLTL) is a recently introduced extension of classical linear temporal logic (LTL) with standpoint modalities. Intuitively, these modalities allow to express tha..."
Communication with Individuals with Disabilities and the Role of LLMs: Progress Report.,kr,2024,Amogh Khaparde,10.58445/rars.1653,1,546,"Hearing and hard of hearing individuals might struggle to communicate without the help of a human interpreter. However, machine learning is a tool that can help enable ease of communication between both groups of people. This project involves an application that uses a convolutional neural network to solve this problem. This convolutional neural network model was custom-made from 46,000 augmented training images and tested with 8000 images. Its purpose in the application is to take camera frames of ASL fingerspelling as input and then translate it into text. This alphabet is appended to a sentence variable where it is stored. Once the user has completed a sentence, a ChatGPT API will correct any grammatical errors or misclassifications that the model made. With this ChatGPT edited sentence, a Play.HT API can turn it to speech in order to further smoothen the language barrier. A background cropping feature was added as well, which takes frames from a camera and uses the MediaPipe module to locate the hand, after which it will remove any part of the image except the hand in order to reduce noise for the model. The final model achieved a 97.5% accuracy and 0.1% loss with the testing dataset and also had a strong confusion matrix as well, with only some mistakes with similar looking characters such as M and N. The model also worked better in different rooms since the background noise was removed from the model entirely. Overall, this application is an innovative step for using AI and machine learning to slowly removing the language barrier between hard of hearing and hearing individuals."
A Coq Formalization of Unification Modulo Exclusive-Or.,iclp,2024,"Yichi Xu, Daniel J. Dougherty, Rose Bohrer",10.4204/eptcs.416.23,1,120,"Equational Unification is a critical problem in many areas such as automated theorem proving and security protocol analysis. In this paper, we focus on XOR-Unification, that is, unification modulo the theory of exclusive-or. This theory contains an operator with the properties Associativity, Commutativity, Nilpotency, and the presence of an identity. In the proof assistant Coq, we implement an algorithm that solves XOR unification problems, whose design was inspired by Liu and Lynch, and prove it sound, complete, and terminating. Using Coq's code extraction capability we obtain an implementation in the programming language OCaml."
Axiomatic Characterisations of Argumentation Semantics.,kr,2025,Leila Amgoud,10.24963/kr.2025/4,2,73,"The evaluation of argument strength lies at the core of any argumentation system. Numerous semantics have been proposed for this purpose, along with a variety of principles (or axioms) that such se..."
From Infinite to Finite Traces and Back: Linear Temporal Logic in Sequential Decision Making.,kr,2024,"Luca Geatti, Alessandro Gianola, Nicola Gigante",10.24963/ijcai.2022/366,1,275,"This paper studies Linear Temporal Logic over Finite Traces (LTLf) where proposition letters are replaced with first-order formulas interpreted over arbitrary theories, in the spirit of Satisfiability Modulo Theories. The resulting logic, called LTLf Modulo Theories (LTLfMT), is semi-decidable. Nevertheless, its high expressiveness comes useful in a number of use cases, such as model-checking of data-aware processes and data-aware planning. Despite the general undecidability of these problems, being able to solve satisfiable instances is a compromise worth studying. After motivating and describing such use cases, we provide a sound and complete semi-decision procedure for LTLfMT based on the SMT encoding of a one-pass tree-shaped tableau system. The algorithm is implemented in the BLACK satisfiability checking tool, and an experimental evaluation shows the feasibility of the approach on novel benchmarks."
Temporal Conditional Reasoning with Weighted Knowledge Bases.,iclp,2025,Christian Eichhorn,10.1007/978-3-476-04824-0_6,3,169,"Conditionals are logical entities composed from the set of propositional formulas, and conditional knowledge bases are composed from sets of conditionals. Therefore it is possible to encode information in very different and even unclear or confusing ways. Conditional..."
Reliable Natural Language Understanding with Large Language Models and Answer Set Programming.,iclp,2023,"Abhiramon Rajasekharan, Yankai Zeng, Parth Padalkar, Gopal Gupta",10.4204/eptcs.385.27,5,378,"Humans understand language by extracting information (meaning) from sentences, combining it with existing commonsense knowledge, and then performing reasoning to draw conclusions. While large language models (LLMs) such as GPT-3 and ChatGPT are able to leverage patterns in the text to solve a variety of NLP tasks, they fall short in problems that require reasoning. They also cannot reliably explain the answers generated for a given question. In order to emulate humans better, we propose STAR, a framework that combines LLMs with Answer Set Programming (ASP). We show how LLMs can be used to effectively extract knowledge -- represented as predicates -- from language. Goal-directed ASP is then employed to reliably reason over this knowledge. We apply the STAR framework to three different NLU tasks requiring reasoning: qualitative reasoning, mathematical reasoning, and goal-directed conversation. Our experiments reveal that STAR is able to bridge the gap of reasoning in NLU tasks, leading to significant performance improvements, especially for smaller LLMs, i.e., LLMs with a smaller number of parameters. NLU applications developed using the STAR framework are also explainable: along with the predicates generated, a justification in the form of a proof tree can be produced for a given output."
Neuro-Symbolic Contrastive Learning for Cross-domain Inference.,iclp,2024,"Mingyue Liu, Ryo Ueda, Zhen Wan, Katsumi Inoue, Chris G. Willcocks",10.4204/eptcs.416.6,4,107,"Pre-trained language models (PLMs) have made significant advances in natural language inference (NLI) tasks, however their sensitivity to textual perturbations and dependence on large datasets indicate an over-reliance on shallow heuristics. In contrast, inductive logic programming (ILP) excels at inferring logical relationships across diverse, sparse and limited datasets, but its discrete nature requires the inputs to be precisely specified, which limits their application. This paper proposes a bridge between the two approaches: neuro-symbolic contrastive learning. This allows for smooth and differentiable optimisation that improves logical accuracy across an otherwise discrete, noisy, and sparse topological space of logical functions. We show that abstract logical relationships can be effectively embedded within a neuro-symbolic paradigm, by representing data as logic programs and sets of logic rules. The embedding space captures highly varied textual information with similar semantic logical relations, but can also separate similar textual relations that have dissimilar logical relations. Experimental results demonstrate that our approach significantly improves the inference capabilities of the models in terms of generalisation and reasoning."
Counterfactual Scenarios for Automated Planning.,kr,2025,"Nicola Gigante, Francesco Leofante, Andrea Micheli",10.24963/kr.2025/76,2,284,Counterfactual Explanations (CEs) are a powerful technique used to explain Machine Learning models by showing how the input to a model should be minimally changed for the model to produce a diff...
Presburger Functional Synthesis: Complexity and Tractable Normal Forms.,kr,2025,"S. Akshay, A. R. Balasubramanian, Supratik Chakraborty, Georg Zetzsche",10.24963/kr.2025/2,2,325,"Given a relational specification between inputs and outputs as a logic formula, the problem of functional synthesis is to automatically synthesize a function from inputs to outputs satisfying the r..."
Justifications and Blocking Sets in a Rule-Based Answer Set Computation.,iclp,2016,,10.1017/cbo9781139342124.008,2,397,"Knowledge Representation, Reasoning, and the Design of Intelligent Agents - March 2014"
Proper Linear-time Specifications of Environment Behaviors in Nondeterministic Planning and Reactive Synthesis.,kr,2024,"Benjamin Aminof, Giuseppe De Giacomo, Sasha Rubin, Florian Zuleger",10.24963/kr.2024/4,2,531,"To help it achieve its goal, an agent exploits assumptions it has about the behavior of its environment. The common view in planning and reactive synthesis is that such assumptions are sets of trac..."
A Fixpoint Characterization of Three-Valued Disjunctive Hybrid MKNF Knowledge Bases.,iclp,2022,"Spencer Killen, Jia-Huai You",10.4204/eptcs.364.6,1,341,"The logic of hybrid MKNF (minimal knowledge and negation as failure) is a powerful knowledge representation language that elegantly pairs ASP (answer set programming) with ontologies. Disjunctive rules are a desirable extension to normal rule-based reasoning and typically semantic frameworks designed for normal knowledge bases need substantial restructuring to support disjunctive rules. Alternatively, one may lift characterizations of normal rules to support disjunctive rules by inducing a collection of normal knowledge bases, each with the same body and a single atom in its head. In this work, we refer to a set of such normal knowledge bases as a head-cut of a disjunctive knowledge base. The question arises as to whether the semantics of disjunctive hybrid MKNF knowledge bases can be characterized using fixpoint constructions with head-cuts. Earlier, we have shown that head-cuts can be paired with fixpoint operators to capture the two-valued MKNF models of disjunctive hybrid MKNF knowledge bases. Three-valued semantics extends two-valued semantics with the ability to express partial information. In this work, we present a fixpoint construction that leverages head-cuts using an operator that iteratively captures three-valued models of hybrid MKNF knowledge bases with disjunctive rules. This characterization also captures partial stable models of disjunctive logic programs since a program can be expressed as a disjunctive hybrid MKNF knowledge base with an empty ontology. We elaborate on a relationship between this characterization and approximators in AFT (approximation fixpoint theory) for normal hybrid MKNF knowledge bases."
Efficient Volume Computation for SMT Formulas.,kr,2025,"Arijit Shaw, Uddalok Sarkar, Kuldeep S. Meel",10.24963/kr.2025/53,2,116,Satisfiability Modulo Theory (SMT) has recently emerged as a powerful tool for solving various automated reasoning problems across diverse domains. Unlike traditional satisfiability methods confine...
Extended Abstract: A Reliable Common-Sense Reasoning Socialbot Built Using LLMs and Goal-Directed ASP.,iclp,2024,"YANKAI ZENG, ABHIRAMON RAJASEKHARAN, KINJAL BASU, HUADUO WANG, JOAQUÍN ARIAS, GOPAL GUPTA",10.1017/s147106842400022x,3,83,A Reliable Common-Sense Reasoning Socialbot Built Using LLMs and Goal-Directed ASP - Volume 24 Issue 4
Extending Abstract Argumentation Frameworks with Knowledge Bases.,kr,2025,"Gianvincenzo Alfano, Sergio Greco, Cristian Molinaro, Francesco Parisi, Irina Trubitsyna",10.24963/kr.2025/3,4,373,"Dung's abstract Argumentation Framework (AF) has been extended in several directions to make knowledge representation and reasoning more intuitive and expressive. In this paper, we present the Kn..."
On LLM-generated Logic Programs and their Inference Execution Methods.,iclp,2024,Paul Tarau,10.4204/eptcs.416.1,5,380,"Large Language Models (LLMs) trained on petabytes of data are highly compressed repositories of a significant proportion of the knowledge accumulated and distilled so far. In this paper we study techniques to elicit this knowledge in the form of several classes of logic programs, including propositional Horn clauses, Dual Horn clauses, relational triplets and Definite Clause Grammars. Exposing this knowledge as logic programs enables sound reasoning methods that can verify alignment of LLM outputs to their intended uses and extend their inference capabilities. We study new execution methods for the generated programs, including soft-unification of abducible facts against LLM-generated content stored in a vector database as well as GPU-based acceleration of minimal model computation that supports inference with large LLM-generated programs."
Modular Stochastic Rewritable Petri Nets.,iclp,2024,,10.1002/9781394388660.ch3,5,364,"This chapter presents Generalized Stochastic Petri Nets (GSPNs) with rewritable topology (GSPNs-RT), that extends the formalism provided in Llorens and Oliver to consider reconfigurability in GSPNs and to offer a suitable tool for the formal modeling and verification of reconfigurable systems. The new GSPNs-RT formalism combines GSPN formalism, a set of transformation rules, and an algorithm used to transform a given GSPN-RT into an equivalent GSPN. On the other hand, stochastic reward nets (SRNs) area generalization of GSPNs that can provide guards, marking-dependent arc multiplicities, etc., often resulting in more compact nets, and specify output measures as reward-based functions, for the evaluation of complex systems. The chapter provides the transformation steps of configuration-dependent SRNs (CD-SRNs) into basic SRNs. It also presents an illustrative example to demonstrate the use of the new formalism CD-SRNs."
Regular Typed Unification.,iclp,2024,"João Barbosa, Mário Florido, Vítor Santos Costa",10.4204/eptcs.416.21,1,575,"Here we define a new unification algorithm for terms interpreted in semantic domains denoted by a subclass of regular types here called deterministic regular types. This reflects our intention not to handle the semantic universe as a homogeneous collection of values, but instead, to partition it in a way that is similar to data types in programming languages. We first define the new unification algorithm which is based on constraint generation and constraint solving, and then prove its main properties: termination, soundness, and completeness with respect to the semantics. Finally, we discuss how to apply this algorithm to a dynamically typed version of Prolog."
Approximating Weakly Preferred Semantics in Abstract Argumentation through Vacuous Reduct Semantics.,kr,2023,"Lydia Blümel, Matthias Thimm",10.24963/kr.2023/11,1,71,We consider the recently introduced vacuous reduct semantics in abstract argumentation that allows the composition of arbitrary argumentation semantics through the notion of the reduct. We show tha...
